id_servidor;fk_empresa;home_broker;cpu_percent;ram_total_gb;ram_used_gb;disk_percent;ram_percent;timestamp
3;2;SRV-DTIC-PROD;52.8;15.93;15.26;71.5;95.8;2026-05-20 20:30:46
3;2;SRV-DTIC-PROD;52.8;15.93;15.26;71.5;95.8;2026-05-20 20:30:46
3;2;SRV-DTIC-PROD;52.8;15.93;15.26;71.5;95.8;2026-05-20 20:30:46
3;2;SRV-DTIC-PROD;52.8;15.93;15.26;71.5;95.8;2026-05-20 20:30:46
3;2;SRV-DTIC-PROD;52.8;15.93;15.26;71.5;95.8;2026-05-20 20:30:46
3;2;SRV-DTIC-PROD;52.8;15.93;15.26;71.5;95.8;2026-05-20 20:30:46
3;2;SRV-DTIC-PROD;52.8;15.93;15.26;71.5;95.8;2026-05-20 20:30:46
3;2;SRV-DTIC-PROD;52.8;15.93;15.26;71.5;95.8;2026-05-20 20:30:46
3;2;SRV-DTIC-PROD;52.8;15.93;15.26;71.5;95.8;2026-05-20 20:30:46
3;2;SRV-DTIC-PROD;52.8;15.93;15.26;71.5;95.8;2026-05-20 20:30:46
3;2;SRV-DTIC-PROD;53.2;15.93;15.19;71.6;95.3;2026-05-20 20:31:03
3;2;SRV-DTIC-PROD;53.2;15.93;15.19;71.6;95.3;2026-05-20 20:31:03
3;2;SRV-DTIC-PROD;53.2;15.93;15.19;71.6;95.3;2026-05-20 20:31:03
3;2;SRV-DTIC-PROD;53.2;15.93;15.19;71.6;95.3;2026-05-20 20:31:03
3;2;SRV-DTIC-PROD;53.2;15.93;15.19;71.6;95.3;2026-05-20 20:31:03
3;2;SRV-DTIC-PROD;53.2;15.93;15.19;71.6;95.3;2026-05-20 20:31:03
3;2;SRV-DTIC-PROD;53.2;15.93;15.19;71.6;95.3;2026-05-20 20:31:03
3;2;SRV-DTIC-PROD;53.2;15.93;15.19;71.6;95.3;2026-05-20 20:31:03
3;2;SRV-DTIC-PROD;53.2;15.93;15.19;71.6;95.3;2026-05-20 20:31:03
3;2;SRV-DTIC-PROD;53.2;15.93;15.19;71.6;95.3;2026-05-20 20:31:03
3;2;SRV-DTIC-PROD;38.0;15.93;15.11;71.7;94.9;2026-05-20 20:31:18
3;2;SRV-DTIC-PROD;38.0;15.93;15.11;71.7;94.9;2026-05-20 20:31:18
3;2;SRV-DTIC-PROD;38.0;15.93;15.11;71.7;94.9;2026-05-20 20:31:18
3;2;SRV-DTIC-PROD;38.0;15.93;15.11;71.7;94.9;2026-05-20 20:31:18
3;2;SRV-DTIC-PROD;38.0;15.93;15.11;71.7;94.9;2026-05-20 20:31:18
3;2;SRV-DTIC-PROD;38.0;15.93;15.11;71.7;94.9;2026-05-20 20:31:18
3;2;SRV-DTIC-PROD;38.0;15.93;15.11;71.7;94.9;2026-05-20 20:31:18
3;2;SRV-DTIC-PROD;38.0;15.93;15.11;71.7;94.9;2026-05-20 20:31:18
3;2;SRV-DTIC-PROD;38.0;15.93;15.11;71.7;94.9;2026-05-20 20:31:18
3;2;SRV-DTIC-PROD;38.0;15.93;15.11;71.7;94.9;2026-05-20 20:31:18
3;2;SRV-DTIC-PROD;70.3;15.93;15.48;71.8;97.1;2026-05-20 20:31:37
3;2;SRV-DTIC-PROD;70.3;15.93;15.48;71.8;97.1;2026-05-20 20:31:37
3;2;SRV-DTIC-PROD;70.3;15.93;15.48;71.8;97.1;2026-05-20 20:31:37
3;2;SRV-DTIC-PROD;70.3;15.93;15.48;71.8;97.1;2026-05-20 20:31:37
3;2;SRV-DTIC-PROD;70.3;15.93;15.48;71.8;97.1;2026-05-20 20:31:37
3;2;SRV-DTIC-PROD;70.3;15.93;15.48;71.8;97.1;2026-05-20 20:31:37
3;2;SRV-DTIC-PROD;70.3;15.93;15.48;71.8;97.1;2026-05-20 20:31:37
3;2;SRV-DTIC-PROD;70.3;15.93;15.48;71.8;97.1;2026-05-20 20:31:37
3;2;SRV-DTIC-PROD;70.3;15.93;15.48;71.8;97.1;2026-05-20 20:31:37
3;2;SRV-DTIC-PROD;70.3;15.93;15.48;71.8;97.1;2026-05-20 20:31:37
3;2;SRV-DTIC-PROD;95.3;15.93;15.43;73.1;96.8;2026-05-20 20:31:55
3;2;SRV-DTIC-PROD;95.3;15.93;15.43;73.1;96.8;2026-05-20 20:31:55
3;2;SRV-DTIC-PROD;95.3;15.93;15.43;73.1;96.8;2026-05-20 20:31:55
3;2;SRV-DTIC-PROD;95.3;15.93;15.43;73.1;96.8;2026-05-20 20:31:55
3;2;SRV-DTIC-PROD;95.3;15.93;15.43;73.1;96.8;2026-05-20 20:31:55
3;2;SRV-DTIC-PROD;95.3;15.93;15.43;73.1;96.8;2026-05-20 20:31:55
3;2;SRV-DTIC-PROD;95.3;15.93;15.43;73.1;96.8;2026-05-20 20:31:55
3;2;SRV-DTIC-PROD;95.3;15.93;15.43;73.1;96.8;2026-05-20 20:31:55
3;2;SRV-DTIC-PROD;95.3;15.93;15.43;73.1;96.8;2026-05-20 20:31:55
3;2;SRV-DTIC-PROD;95.3;15.93;15.43;73.1;96.8;2026-05-20 20:31:55
3;2;SRV-DTIC-PROD;54.1;15.93;15.26;73.2;95.8;2026-05-20 20:32:10
3;2;SRV-DTIC-PROD;54.1;15.93;15.26;73.2;95.8;2026-05-20 20:32:10
3;2;SRV-DTIC-PROD;54.1;15.93;15.26;73.2;95.8;2026-05-20 20:32:10
3;2;SRV-DTIC-PROD;54.1;15.93;15.26;73.2;95.8;2026-05-20 20:32:10
3;2;SRV-DTIC-PROD;54.1;15.93;15.26;73.2;95.8;2026-05-20 20:32:10
3;2;SRV-DTIC-PROD;54.1;15.93;15.26;73.2;95.8;2026-05-20 20:32:10
3;2;SRV-DTIC-PROD;54.1;15.93;15.26;73.2;95.8;2026-05-20 20:32:10
3;2;SRV-DTIC-PROD;54.1;15.93;15.26;73.2;95.8;2026-05-20 20:32:10
3;2;SRV-DTIC-PROD;54.1;15.93;15.26;73.2;95.8;2026-05-20 20:32:10
3;2;SRV-DTIC-PROD;54.1;15.93;15.26;73.2;95.8;2026-05-20 20:32:10
3;2;SRV-DTIC-PROD;76.0;15.93;15.17;73.3;95.2;2026-05-20 20:32:26
3;2;SRV-DTIC-PROD;76.0;15.93;15.17;73.3;95.2;2026-05-20 20:32:26
3;2;SRV-DTIC-PROD;76.0;15.93;15.17;73.3;95.2;2026-05-20 20:32:26
3;2;SRV-DTIC-PROD;76.0;15.93;15.17;73.3;95.2;2026-05-20 20:32:26
3;2;SRV-DTIC-PROD;76.0;15.93;15.17;73.3;95.2;2026-05-20 20:32:26
3;2;SRV-DTIC-PROD;76.0;15.93;15.17;73.3;95.2;2026-05-20 20:32:26
3;2;SRV-DTIC-PROD;76.0;15.93;15.17;73.3;95.2;2026-05-20 20:32:26
3;2;SRV-DTIC-PROD;76.0;15.93;15.17;73.3;95.2;2026-05-20 20:32:26
3;2;SRV-DTIC-PROD;76.0;15.93;15.17;73.3;95.2;2026-05-20 20:32:26
3;2;SRV-DTIC-PROD;76.0;15.93;15.17;73.3;95.2;2026-05-20 20:32:26
3;2;SRV-DTIC-PROD;64.3;15.93;15.4;73.5;96.7;2026-05-20 20:32:44
3;2;SRV-DTIC-PROD;64.3;15.93;15.4;73.5;96.7;2026-05-20 20:32:44
3;2;SRV-DTIC-PROD;64.3;15.93;15.4;73.5;96.7;2026-05-20 20:32:44
3;2;SRV-DTIC-PROD;64.3;15.93;15.4;73.5;96.7;2026-05-20 20:32:44
3;2;SRV-DTIC-PROD;64.3;15.93;15.4;73.5;96.7;2026-05-20 20:32:44
3;2;SRV-DTIC-PROD;64.3;15.93;15.4;73.5;96.7;2026-05-20 20:32:44
3;2;SRV-DTIC-PROD;64.3;15.93;15.4;73.5;96.7;2026-05-20 20:32:44
3;2;SRV-DTIC-PROD;64.3;15.93;15.4;73.5;96.7;2026-05-20 20:32:44
3;2;SRV-DTIC-PROD;64.3;15.93;15.4;73.5;96.7;2026-05-20 20:32:44
3;2;SRV-DTIC-PROD;64.3;15.93;15.4;73.5;96.7;2026-05-20 20:32:44
3;2;SRV-DTIC-PROD;58.9;15.93;15.26;73.5;95.7;2026-05-20 20:33:00
3;2;SRV-DTIC-PROD;58.9;15.93;15.26;73.5;95.7;2026-05-20 20:33:00
3;2;SRV-DTIC-PROD;58.9;15.93;15.26;73.5;95.7;2026-05-20 20:33:00
3;2;SRV-DTIC-PROD;58.9;15.93;15.26;73.5;95.7;2026-05-20 20:33:00
3;2;SRV-DTIC-PROD;58.9;15.93;15.26;73.5;95.7;2026-05-20 20:33:00
3;2;SRV-DTIC-PROD;58.9;15.93;15.26;73.5;95.7;2026-05-20 20:33:00
3;2;SRV-DTIC-PROD;58.9;15.93;15.26;73.5;95.7;2026-05-20 20:33:00
3;2;SRV-DTIC-PROD;58.9;15.93;15.26;73.5;95.7;2026-05-20 20:33:00
3;2;SRV-DTIC-PROD;58.9;15.93;15.26;73.5;95.7;2026-05-20 20:33:00
3;2;SRV-DTIC-PROD;58.9;15.93;15.26;73.5;95.7;2026-05-20 20:33:00
3;2;SRV-DTIC-PROD;52.9;15.93;15.32;73.5;96.2;2026-05-20 20:33:15
3;2;SRV-DTIC-PROD;52.9;15.93;15.32;73.5;96.2;2026-05-20 20:33:15
3;2;SRV-DTIC-PROD;52.9;15.93;15.32;73.5;96.2;2026-05-20 20:33:15
3;2;SRV-DTIC-PROD;52.9;15.93;15.32;73.5;96.2;2026-05-20 20:33:15
3;2;SRV-DTIC-PROD;52.9;15.93;15.32;73.5;96.2;2026-05-20 20:33:15
3;2;SRV-DTIC-PROD;52.9;15.93;15.32;73.5;96.2;2026-05-20 20:33:15
3;2;SRV-DTIC-PROD;52.9;15.93;15.32;73.5;96.2;2026-05-20 20:33:15
3;2;SRV-DTIC-PROD;52.9;15.93;15.32;73.5;96.2;2026-05-20 20:33:15
3;2;SRV-DTIC-PROD;52.9;15.93;15.32;73.5;96.2;2026-05-20 20:33:15
3;2;SRV-DTIC-PROD;52.9;15.93;15.32;73.5;96.2;2026-05-20 20:33:15
3;2;SRV-DTIC-PROD;60.1;15.93;15.14;73.5;95.0;2026-05-20 20:33:31
3;2;SRV-DTIC-PROD;60.1;15.93;15.14;73.5;95.0;2026-05-20 20:33:31
3;2;SRV-DTIC-PROD;60.1;15.93;15.14;73.5;95.0;2026-05-20 20:33:31
3;2;SRV-DTIC-PROD;60.1;15.93;15.14;73.5;95.0;2026-05-20 20:33:31
3;2;SRV-DTIC-PROD;60.1;15.93;15.14;73.5;95.0;2026-05-20 20:33:31
3;2;SRV-DTIC-PROD;60.1;15.93;15.14;73.5;95.0;2026-05-20 20:33:31
3;2;SRV-DTIC-PROD;60.1;15.93;15.14;73.5;95.0;2026-05-20 20:33:31
3;2;SRV-DTIC-PROD;60.1;15.93;15.14;73.5;95.0;2026-05-20 20:33:31
3;2;SRV-DTIC-PROD;60.1;15.93;15.14;73.5;95.0;2026-05-20 20:33:31
3;2;SRV-DTIC-PROD;60.1;15.93;15.14;73.5;95.0;2026-05-20 20:33:31
3;2;SRV-DTIC-PROD;43.2;15.93;15.07;73.6;94.6;2026-05-20 20:33:47
3;2;SRV-DTIC-PROD;43.2;15.93;15.07;73.6;94.6;2026-05-20 20:33:47
3;2;SRV-DTIC-PROD;43.2;15.93;15.07;73.6;94.6;2026-05-20 20:33:47
3;2;SRV-DTIC-PROD;43.2;15.93;15.07;73.6;94.6;2026-05-20 20:33:47
3;2;SRV-DTIC-PROD;43.2;15.93;15.07;73.6;94.6;2026-05-20 20:33:47
3;2;SRV-DTIC-PROD;43.2;15.93;15.07;73.6;94.6;2026-05-20 20:33:47
3;2;SRV-DTIC-PROD;43.2;15.93;15.07;73.6;94.6;2026-05-20 20:33:47
3;2;SRV-DTIC-PROD;43.2;15.93;15.07;73.6;94.6;2026-05-20 20:33:47
3;2;SRV-DTIC-PROD;43.2;15.93;15.07;73.6;94.6;2026-05-20 20:33:47
3;2;SRV-DTIC-PROD;43.2;15.93;15.07;73.6;94.6;2026-05-20 20:33:47
3;2;SRV-DTIC-PROD;52.0;15.93;15.03;73.6;94.3;2026-05-20 20:34:02
3;2;SRV-DTIC-PROD;52.0;15.93;15.03;73.6;94.3;2026-05-20 20:34:02
3;2;SRV-DTIC-PROD;52.0;15.93;15.03;73.6;94.3;2026-05-20 20:34:02
3;2;SRV-DTIC-PROD;52.0;15.93;15.03;73.6;94.3;2026-05-20 20:34:02
3;2;SRV-DTIC-PROD;52.0;15.93;15.03;73.6;94.3;2026-05-20 20:34:02
3;2;SRV-DTIC-PROD;52.0;15.93;15.03;73.6;94.3;2026-05-20 20:34:02
3;2;SRV-DTIC-PROD;52.0;15.93;15.03;73.6;94.3;2026-05-20 20:34:02
3;2;SRV-DTIC-PROD;52.0;15.93;15.03;73.6;94.3;2026-05-20 20:34:02
3;2;SRV-DTIC-PROD;52.0;15.93;15.03;73.6;94.3;2026-05-20 20:34:02
3;2;SRV-DTIC-PROD;52.0;15.93;15.03;73.6;94.3;2026-05-20 20:34:02
3;2;SRV-DTIC-PROD;64.3;15.93;14.92;73.6;93.6;2026-05-20 20:34:18
3;2;SRV-DTIC-PROD;64.3;15.93;14.92;73.6;93.6;2026-05-20 20:34:18
3;2;SRV-DTIC-PROD;64.3;15.93;14.92;73.6;93.6;2026-05-20 20:34:18
3;2;SRV-DTIC-PROD;64.3;15.93;14.92;73.6;93.6;2026-05-20 20:34:18
3;2;SRV-DTIC-PROD;64.3;15.93;14.92;73.6;93.6;2026-05-20 20:34:18
3;2;SRV-DTIC-PROD;64.3;15.93;14.92;73.6;93.6;2026-05-20 20:34:18
3;2;SRV-DTIC-PROD;64.3;15.93;14.92;73.6;93.6;2026-05-20 20:34:18
3;2;SRV-DTIC-PROD;64.3;15.93;14.92;73.6;93.6;2026-05-20 20:34:18
3;2;SRV-DTIC-PROD;64.3;15.93;14.92;73.6;93.6;2026-05-20 20:34:18
3;2;SRV-DTIC-PROD;64.3;15.93;14.92;73.6;93.6;2026-05-20 20:34:18
3;2;SRV-DTIC-PROD;82.0;15.93;15.1;73.6;94.7;2026-05-20 20:34:34
3;2;SRV-DTIC-PROD;82.0;15.93;15.1;73.6;94.7;2026-05-20 20:34:34
3;2;SRV-DTIC-PROD;82.0;15.93;15.1;73.6;94.7;2026-05-20 20:34:34
3;2;SRV-DTIC-PROD;82.0;15.93;15.1;73.6;94.7;2026-05-20 20:34:34
3;2;SRV-DTIC-PROD;82.0;15.93;15.1;73.6;94.7;2026-05-20 20:34:34
3;2;SRV-DTIC-PROD;82.0;15.93;15.1;73.6;94.7;2026-05-20 20:34:34
3;2;SRV-DTIC-PROD;82.0;15.93;15.1;73.6;94.7;2026-05-20 20:34:34
3;2;SRV-DTIC-PROD;82.0;15.93;15.1;73.6;94.7;2026-05-20 20:34:34
3;2;SRV-DTIC-PROD;82.0;15.93;15.1;73.6;94.7;2026-05-20 20:34:34
3;2;SRV-DTIC-PROD;82.0;15.93;15.1;73.6;94.7;2026-05-20 20:34:34
3;2;SRV-DTIC-PROD;82.4;15.93;14.96;73.6;93.9;2026-05-20 20:34:53
3;2;SRV-DTIC-PROD;82.4;15.93;14.96;73.6;93.9;2026-05-20 20:34:53
3;2;SRV-DTIC-PROD;82.4;15.93;14.96;73.6;93.9;2026-05-20 20:34:53
3;2;SRV-DTIC-PROD;82.4;15.93;14.96;73.6;93.9;2026-05-20 20:34:53
3;2;SRV-DTIC-PROD;82.4;15.93;14.96;73.6;93.9;2026-05-20 20:34:53
3;2;SRV-DTIC-PROD;82.4;15.93;14.96;73.6;93.9;2026-05-20 20:34:53
3;2;SRV-DTIC-PROD;82.4;15.93;14.96;73.6;93.9;2026-05-20 20:34:53
3;2;SRV-DTIC-PROD;82.4;15.93;14.96;73.6;93.9;2026-05-20 20:34:53
3;2;SRV-DTIC-PROD;82.4;15.93;14.96;73.6;93.9;2026-05-20 20:34:53
3;2;SRV-DTIC-PROD;82.4;15.93;14.96;73.6;93.9;2026-05-20 20:34:53
3;2;SRV-DTIC-PROD;62.5;15.93;14.97;73.6;94.0;2026-05-20 20:35:09
3;2;SRV-DTIC-PROD;62.5;15.93;14.97;73.6;94.0;2026-05-20 20:35:09
3;2;SRV-DTIC-PROD;62.5;15.93;14.97;73.6;94.0;2026-05-20 20:35:09
3;2;SRV-DTIC-PROD;62.5;15.93;14.97;73.6;94.0;2026-05-20 20:35:09
3;2;SRV-DTIC-PROD;62.5;15.93;14.97;73.6;94.0;2026-05-20 20:35:09
3;2;SRV-DTIC-PROD;62.5;15.93;14.97;73.6;94.0;2026-05-20 20:35:09
3;2;SRV-DTIC-PROD;62.5;15.93;14.97;73.6;94.0;2026-05-20 20:35:09
3;2;SRV-DTIC-PROD;62.5;15.93;14.97;73.6;94.0;2026-05-20 20:35:09
3;2;SRV-DTIC-PROD;62.5;15.93;14.97;73.6;94.0;2026-05-20 20:35:09
3;2;SRV-DTIC-PROD;62.5;15.93;14.97;73.6;94.0;2026-05-20 20:35:09
3;2;SRV-DTIC-PROD;53.6;15.93;14.96;73.6;93.9;2026-05-20 20:35:25
3;2;SRV-DTIC-PROD;53.6;15.93;14.96;73.6;93.9;2026-05-20 20:35:25
3;2;SRV-DTIC-PROD;53.6;15.93;14.96;73.6;93.9;2026-05-20 20:35:25
3;2;SRV-DTIC-PROD;53.6;15.93;14.96;73.6;93.9;2026-05-20 20:35:25
3;2;SRV-DTIC-PROD;53.6;15.93;14.96;73.6;93.9;2026-05-20 20:35:25
3;2;SRV-DTIC-PROD;53.6;15.93;14.96;73.6;93.9;2026-05-20 20:35:25
3;2;SRV-DTIC-PROD;53.6;15.93;14.96;73.6;93.9;2026-05-20 20:35:25
3;2;SRV-DTIC-PROD;53.6;15.93;14.96;73.6;93.9;2026-05-20 20:35:25
3;2;SRV-DTIC-PROD;53.6;15.93;14.96;73.6;93.9;2026-05-20 20:35:25
3;2;SRV-DTIC-PROD;53.6;15.93;14.96;73.6;93.9;2026-05-20 20:35:25
3;2;SRV-DTIC-PROD;50.8;15.93;14.92;73.6;93.6;2026-05-20 20:35:40
3;2;SRV-DTIC-PROD;50.8;15.93;14.92;73.6;93.6;2026-05-20 20:35:40
3;2;SRV-DTIC-PROD;50.8;15.93;14.92;73.6;93.6;2026-05-20 20:35:40
3;2;SRV-DTIC-PROD;50.8;15.93;14.92;73.6;93.6;2026-05-20 20:35:40
3;2;SRV-DTIC-PROD;50.8;15.93;14.92;73.6;93.6;2026-05-20 20:35:40
3;2;SRV-DTIC-PROD;50.8;15.93;14.92;73.6;93.6;2026-05-20 20:35:40
3;2;SRV-DTIC-PROD;50.8;15.93;14.92;73.6;93.6;2026-05-20 20:35:40
3;2;SRV-DTIC-PROD;50.8;15.93;14.92;73.6;93.6;2026-05-20 20:35:40
3;2;SRV-DTIC-PROD;50.8;15.93;14.92;73.6;93.6;2026-05-20 20:35:40
3;2;SRV-DTIC-PROD;50.8;15.93;14.92;73.6;93.6;2026-05-20 20:35:40
3;2;SRV-DTIC-PROD;66.9;15.93;15.3;73.6;96.0;2026-05-20 20:35:56
3;2;SRV-DTIC-PROD;66.9;15.93;15.3;73.6;96.0;2026-05-20 20:35:56
3;2;SRV-DTIC-PROD;66.9;15.93;15.3;73.6;96.0;2026-05-20 20:35:56
3;2;SRV-DTIC-PROD;66.9;15.93;15.3;73.6;96.0;2026-05-20 20:35:56
3;2;SRV-DTIC-PROD;66.9;15.93;15.3;73.6;96.0;2026-05-20 20:35:56
3;2;SRV-DTIC-PROD;66.9;15.93;15.3;73.6;96.0;2026-05-20 20:35:56
3;2;SRV-DTIC-PROD;66.9;15.93;15.3;73.6;96.0;2026-05-20 20:35:56
3;2;SRV-DTIC-PROD;66.9;15.93;15.3;73.6;96.0;2026-05-20 20:35:56
3;2;SRV-DTIC-PROD;66.9;15.93;15.3;73.6;96.0;2026-05-20 20:35:56
3;2;SRV-DTIC-PROD;66.9;15.93;15.3;73.6;96.0;2026-05-20 20:35:56
3;2;SRV-DTIC-PROD;86.4;15.93;14.69;73.7;92.2;2026-05-20 20:36:11
3;2;SRV-DTIC-PROD;86.4;15.93;14.69;73.7;92.2;2026-05-20 20:36:11
3;2;SRV-DTIC-PROD;86.4;15.93;14.69;73.7;92.2;2026-05-20 20:36:11
3;2;SRV-DTIC-PROD;86.4;15.93;14.69;73.7;92.2;2026-05-20 20:36:11
3;2;SRV-DTIC-PROD;86.4;15.93;14.69;73.7;92.2;2026-05-20 20:36:11
3;2;SRV-DTIC-PROD;86.4;15.93;14.69;73.7;92.2;2026-05-20 20:36:11
3;2;SRV-DTIC-PROD;86.4;15.93;14.69;73.7;92.2;2026-05-20 20:36:11
3;2;SRV-DTIC-PROD;86.4;15.93;14.69;73.7;92.2;2026-05-20 20:36:11
3;2;SRV-DTIC-PROD;86.4;15.93;14.69;73.7;92.2;2026-05-20 20:36:11
3;2;SRV-DTIC-PROD;86.4;15.93;14.69;73.7;92.2;2026-05-20 20:36:11
3;2;SRV-DTIC-PROD;40.1;15.93;15.07;73.7;94.6;2026-05-20 20:36:27
3;2;SRV-DTIC-PROD;40.1;15.93;15.07;73.7;94.6;2026-05-20 20:36:27
3;2;SRV-DTIC-PROD;40.1;15.93;15.07;73.7;94.6;2026-05-20 20:36:27
3;2;SRV-DTIC-PROD;40.1;15.93;15.07;73.7;94.6;2026-05-20 20:36:27
3;2;SRV-DTIC-PROD;40.1;15.93;15.07;73.7;94.6;2026-05-20 20:36:27
3;2;SRV-DTIC-PROD;40.1;15.93;15.07;73.7;94.6;2026-05-20 20:36:27
3;2;SRV-DTIC-PROD;40.1;15.93;15.07;73.7;94.6;2026-05-20 20:36:27
3;2;SRV-DTIC-PROD;40.1;15.93;15.07;73.7;94.6;2026-05-20 20:36:27
3;2;SRV-DTIC-PROD;40.1;15.93;15.07;73.7;94.6;2026-05-20 20:36:27
3;2;SRV-DTIC-PROD;40.1;15.93;15.07;73.7;94.6;2026-05-20 20:36:27
3;2;SRV-DTIC-PROD;43.4;15.93;14.99;73.7;94.1;2026-05-20 20:36:43
3;2;SRV-DTIC-PROD;43.4;15.93;14.99;73.7;94.1;2026-05-20 20:36:43
3;2;SRV-DTIC-PROD;43.4;15.93;14.99;73.7;94.1;2026-05-20 20:36:43
3;2;SRV-DTIC-PROD;43.4;15.93;14.99;73.7;94.1;2026-05-20 20:36:43
3;2;SRV-DTIC-PROD;43.4;15.93;14.99;73.7;94.1;2026-05-20 20:36:43
3;2;SRV-DTIC-PROD;43.4;15.93;14.99;73.7;94.1;2026-05-20 20:36:43
3;2;SRV-DTIC-PROD;43.4;15.93;14.99;73.7;94.1;2026-05-20 20:36:43
3;2;SRV-DTIC-PROD;43.4;15.93;14.99;73.7;94.1;2026-05-20 20:36:43
3;2;SRV-DTIC-PROD;43.4;15.93;14.99;73.7;94.1;2026-05-20 20:36:43
3;2;SRV-DTIC-PROD;43.4;15.93;14.99;73.7;94.1;2026-05-20 20:36:43
3;2;SRV-DTIC-PROD;65.0;15.93;15.0;73.7;94.1;2026-05-20 20:36:58
3;2;SRV-DTIC-PROD;65.0;15.93;15.0;73.7;94.1;2026-05-20 20:36:58
3;2;SRV-DTIC-PROD;65.0;15.93;15.0;73.7;94.1;2026-05-20 20:36:58
3;2;SRV-DTIC-PROD;65.0;15.93;15.0;73.7;94.1;2026-05-20 20:36:58
3;2;SRV-DTIC-PROD;65.0;15.93;15.0;73.7;94.1;2026-05-20 20:36:58
3;2;SRV-DTIC-PROD;65.0;15.93;15.0;73.7;94.1;2026-05-20 20:36:58
3;2;SRV-DTIC-PROD;65.0;15.93;15.0;73.7;94.1;2026-05-20 20:36:58
3;2;SRV-DTIC-PROD;65.0;15.93;15.0;73.7;94.1;2026-05-20 20:36:58
3;2;SRV-DTIC-PROD;65.0;15.93;15.0;73.7;94.1;2026-05-20 20:36:58
3;2;SRV-DTIC-PROD;65.0;15.93;15.0;73.7;94.1;2026-05-20 20:36:58
3;2;SRV-DTIC-PROD;77.4;15.93;15.07;73.8;94.6;2026-05-20 20:37:14
3;2;SRV-DTIC-PROD;77.4;15.93;15.07;73.8;94.6;2026-05-20 20:37:14
3;2;SRV-DTIC-PROD;77.4;15.93;15.07;73.8;94.6;2026-05-20 20:37:14
3;2;SRV-DTIC-PROD;77.4;15.93;15.07;73.8;94.6;2026-05-20 20:37:14
3;2;SRV-DTIC-PROD;77.4;15.93;15.07;73.8;94.6;2026-05-20 20:37:14
3;2;SRV-DTIC-PROD;77.4;15.93;15.07;73.8;94.6;2026-05-20 20:37:14
3;2;SRV-DTIC-PROD;77.4;15.93;15.07;73.8;94.6;2026-05-20 20:37:14
3;2;SRV-DTIC-PROD;77.4;15.93;15.07;73.8;94.6;2026-05-20 20:37:14
3;2;SRV-DTIC-PROD;77.4;15.93;15.07;73.8;94.6;2026-05-20 20:37:14
3;2;SRV-DTIC-PROD;77.4;15.93;15.07;73.8;94.6;2026-05-20 20:37:14
3;2;SRV-DTIC-PROD;81.8;15.93;15.1;73.8;94.8;2026-05-20 20:37:31
3;2;SRV-DTIC-PROD;81.8;15.93;15.1;73.8;94.8;2026-05-20 20:37:31
3;2;SRV-DTIC-PROD;81.8;15.93;15.1;73.8;94.8;2026-05-20 20:37:31
3;2;SRV-DTIC-PROD;81.8;15.93;15.1;73.8;94.8;2026-05-20 20:37:31
3;2;SRV-DTIC-PROD;81.8;15.93;15.1;73.8;94.8;2026-05-20 20:37:31
3;2;SRV-DTIC-PROD;81.8;15.93;15.1;73.8;94.8;2026-05-20 20:37:31
3;2;SRV-DTIC-PROD;81.8;15.93;15.1;73.8;94.8;2026-05-20 20:37:31
3;2;SRV-DTIC-PROD;81.8;15.93;15.1;73.8;94.8;2026-05-20 20:37:31
3;2;SRV-DTIC-PROD;81.8;15.93;15.1;73.8;94.8;2026-05-20 20:37:31
3;2;SRV-DTIC-PROD;81.8;15.93;15.1;73.8;94.8;2026-05-20 20:37:31
3;2;SRV-DTIC-PROD;81.3;15.93;15.13;73.8;95.0;2026-05-20 20:37:48
3;2;SRV-DTIC-PROD;81.3;15.93;15.13;73.8;95.0;2026-05-20 20:37:48
3;2;SRV-DTIC-PROD;81.3;15.93;15.13;73.8;95.0;2026-05-20 20:37:48
3;2;SRV-DTIC-PROD;81.3;15.93;15.13;73.8;95.0;2026-05-20 20:37:48
3;2;SRV-DTIC-PROD;81.3;15.93;15.13;73.8;95.0;2026-05-20 20:37:48
3;2;SRV-DTIC-PROD;81.3;15.93;15.13;73.8;95.0;2026-05-20 20:37:48
3;2;SRV-DTIC-PROD;81.3;15.93;15.13;73.8;95.0;2026-05-20 20:37:48
3;2;SRV-DTIC-PROD;81.3;15.93;15.13;73.8;95.0;2026-05-20 20:37:48
3;2;SRV-DTIC-PROD;81.3;15.93;15.13;73.8;95.0;2026-05-20 20:37:48
3;2;SRV-DTIC-PROD;81.3;15.93;15.13;73.8;95.0;2026-05-20 20:37:48
3;2;SRV-DTIC-PROD;91.7;15.93;15.16;73.8;95.1;2026-05-20 20:38:05
3;2;SRV-DTIC-PROD;91.7;15.93;15.16;73.8;95.1;2026-05-20 20:38:05
3;2;SRV-DTIC-PROD;91.7;15.93;15.16;73.8;95.1;2026-05-20 20:38:05
3;2;SRV-DTIC-PROD;91.7;15.93;15.16;73.8;95.1;2026-05-20 20:38:05
3;2;SRV-DTIC-PROD;91.7;15.93;15.16;73.8;95.1;2026-05-20 20:38:05
3;2;SRV-DTIC-PROD;91.7;15.93;15.16;73.8;95.1;2026-05-20 20:38:05
3;2;SRV-DTIC-PROD;91.7;15.93;15.16;73.8;95.1;2026-05-20 20:38:05
3;2;SRV-DTIC-PROD;91.7;15.93;15.16;73.8;95.1;2026-05-20 20:38:05
3;2;SRV-DTIC-PROD;91.7;15.93;15.16;73.8;95.1;2026-05-20 20:38:05
3;2;SRV-DTIC-PROD;91.7;15.93;15.16;73.8;95.1;2026-05-20 20:38:05
3;2;SRV-DTIC-PROD;87.2;15.93;15.11;73.8;94.8;2026-05-20 20:38:22
3;2;SRV-DTIC-PROD;87.2;15.93;15.11;73.8;94.8;2026-05-20 20:38:22
3;2;SRV-DTIC-PROD;87.2;15.93;15.11;73.8;94.8;2026-05-20 20:38:22
3;2;SRV-DTIC-PROD;87.2;15.93;15.11;73.8;94.8;2026-05-20 20:38:22
3;2;SRV-DTIC-PROD;87.2;15.93;15.11;73.8;94.8;2026-05-20 20:38:22
3;2;SRV-DTIC-PROD;87.2;15.93;15.11;73.8;94.8;2026-05-20 20:38:22
3;2;SRV-DTIC-PROD;87.2;15.93;15.11;73.8;94.8;2026-05-20 20:38:22
3;2;SRV-DTIC-PROD;87.2;15.93;15.11;73.8;94.8;2026-05-20 20:38:22
3;2;SRV-DTIC-PROD;87.2;15.93;15.11;73.8;94.8;2026-05-20 20:38:22
3;2;SRV-DTIC-PROD;87.2;15.93;15.11;73.8;94.8;2026-05-20 20:38:22
3;2;SRV-DTIC-PROD;92.3;15.93;15.09;73.8;94.7;2026-05-20 20:38:39
3;2;SRV-DTIC-PROD;92.3;15.93;15.09;73.8;94.7;2026-05-20 20:38:39
3;2;SRV-DTIC-PROD;92.3;15.93;15.09;73.8;94.7;2026-05-20 20:38:39
3;2;SRV-DTIC-PROD;92.3;15.93;15.09;73.8;94.7;2026-05-20 20:38:39
3;2;SRV-DTIC-PROD;92.3;15.93;15.09;73.8;94.7;2026-05-20 20:38:39
3;2;SRV-DTIC-PROD;92.3;15.93;15.09;73.8;94.7;2026-05-20 20:38:39
3;2;SRV-DTIC-PROD;92.3;15.93;15.09;73.8;94.7;2026-05-20 20:38:39
3;2;SRV-DTIC-PROD;92.3;15.93;15.09;73.8;94.7;2026-05-20 20:38:39
3;2;SRV-DTIC-PROD;92.3;15.93;15.09;73.8;94.7;2026-05-20 20:38:39
3;2;SRV-DTIC-PROD;92.3;15.93;15.09;73.8;94.7;2026-05-20 20:38:39
3;2;SRV-DTIC-PROD;85.6;15.93;15.13;73.8;95.0;2026-05-20 20:38:56
3;2;SRV-DTIC-PROD;85.6;15.93;15.13;73.8;95.0;2026-05-20 20:38:56
3;2;SRV-DTIC-PROD;85.6;15.93;15.13;73.8;95.0;2026-05-20 20:38:56
3;2;SRV-DTIC-PROD;85.6;15.93;15.13;73.8;95.0;2026-05-20 20:38:56
3;2;SRV-DTIC-PROD;85.6;15.93;15.13;73.8;95.0;2026-05-20 20:38:56
3;2;SRV-DTIC-PROD;85.6;15.93;15.13;73.8;95.0;2026-05-20 20:38:56
3;2;SRV-DTIC-PROD;85.6;15.93;15.13;73.8;95.0;2026-05-20 20:38:56
3;2;SRV-DTIC-PROD;85.6;15.93;15.13;73.8;95.0;2026-05-20 20:38:56
3;2;SRV-DTIC-PROD;85.6;15.93;15.13;73.8;95.0;2026-05-20 20:38:56
3;2;SRV-DTIC-PROD;85.6;15.93;15.13;73.8;95.0;2026-05-20 20:38:56
3;2;SRV-DTIC-PROD;78.5;15.93;15.17;73.8;95.2;2026-05-20 20:39:12
3;2;SRV-DTIC-PROD;78.5;15.93;15.17;73.8;95.2;2026-05-20 20:39:12
3;2;SRV-DTIC-PROD;78.5;15.93;15.17;73.8;95.2;2026-05-20 20:39:12
3;2;SRV-DTIC-PROD;78.5;15.93;15.17;73.8;95.2;2026-05-20 20:39:12
3;2;SRV-DTIC-PROD;78.5;15.93;15.17;73.8;95.2;2026-05-20 20:39:12
3;2;SRV-DTIC-PROD;78.5;15.93;15.17;73.8;95.2;2026-05-20 20:39:12
3;2;SRV-DTIC-PROD;78.5;15.93;15.17;73.8;95.2;2026-05-20 20:39:12
3;2;SRV-DTIC-PROD;78.5;15.93;15.17;73.8;95.2;2026-05-20 20:39:12
3;2;SRV-DTIC-PROD;78.5;15.93;15.17;73.8;95.2;2026-05-20 20:39:12
3;2;SRV-DTIC-PROD;78.5;15.93;15.17;73.8;95.2;2026-05-20 20:39:12
3;2;SRV-DTIC-PROD;75.2;15.93;15.17;73.8;95.2;2026-05-20 20:39:28
3;2;SRV-DTIC-PROD;75.2;15.93;15.17;73.8;95.2;2026-05-20 20:39:28
3;2;SRV-DTIC-PROD;75.2;15.93;15.17;73.8;95.2;2026-05-20 20:39:28
3;2;SRV-DTIC-PROD;75.2;15.93;15.17;73.8;95.2;2026-05-20 20:39:28
3;2;SRV-DTIC-PROD;75.2;15.93;15.17;73.8;95.2;2026-05-20 20:39:28
3;2;SRV-DTIC-PROD;75.2;15.93;15.17;73.8;95.2;2026-05-20 20:39:28
3;2;SRV-DTIC-PROD;75.2;15.93;15.17;73.8;95.2;2026-05-20 20:39:28
3;2;SRV-DTIC-PROD;75.2;15.93;15.17;73.8;95.2;2026-05-20 20:39:28
3;2;SRV-DTIC-PROD;75.2;15.93;15.17;73.8;95.2;2026-05-20 20:39:28
3;2;SRV-DTIC-PROD;75.2;15.93;15.17;73.8;95.2;2026-05-20 20:39:28
3;2;SRV-DTIC-PROD;72.7;15.93;15.2;73.8;95.4;2026-05-20 20:39:45
3;2;SRV-DTIC-PROD;72.7;15.93;15.2;73.8;95.4;2026-05-20 20:39:45
3;2;SRV-DTIC-PROD;72.7;15.93;15.2;73.8;95.4;2026-05-20 20:39:45
3;2;SRV-DTIC-PROD;72.7;15.93;15.2;73.8;95.4;2026-05-20 20:39:45
3;2;SRV-DTIC-PROD;72.7;15.93;15.2;73.8;95.4;2026-05-20 20:39:45
3;2;SRV-DTIC-PROD;72.7;15.93;15.2;73.8;95.4;2026-05-20 20:39:45
3;2;SRV-DTIC-PROD;72.7;15.93;15.2;73.8;95.4;2026-05-20 20:39:45
3;2;SRV-DTIC-PROD;72.7;15.93;15.2;73.8;95.4;2026-05-20 20:39:45
3;2;SRV-DTIC-PROD;72.7;15.93;15.2;73.8;95.4;2026-05-20 20:39:45
3;2;SRV-DTIC-PROD;72.7;15.93;15.2;73.8;95.4;2026-05-20 20:39:45
3;2;SRV-DTIC-PROD;87.9;15.93;15.22;73.8;95.5;2026-05-20 20:40:00
3;2;SRV-DTIC-PROD;87.9;15.93;15.22;73.8;95.5;2026-05-20 20:40:00
3;2;SRV-DTIC-PROD;87.9;15.93;15.22;73.8;95.5;2026-05-20 20:40:00
3;2;SRV-DTIC-PROD;87.9;15.93;15.22;73.8;95.5;2026-05-20 20:40:00
3;2;SRV-DTIC-PROD;87.9;15.93;15.22;73.8;95.5;2026-05-20 20:40:00
3;2;SRV-DTIC-PROD;87.9;15.93;15.22;73.8;95.5;2026-05-20 20:40:00
3;2;SRV-DTIC-PROD;87.9;15.93;15.22;73.8;95.5;2026-05-20 20:40:00
3;2;SRV-DTIC-PROD;87.9;15.93;15.22;73.8;95.5;2026-05-20 20:40:00
3;2;SRV-DTIC-PROD;87.9;15.93;15.22;73.8;95.5;2026-05-20 20:40:00
3;2;SRV-DTIC-PROD;87.9;15.93;15.22;73.8;95.5;2026-05-20 20:40:00
3;2;SRV-DTIC-PROD;75.3;15.93;15.12;73.9;94.9;2026-05-20 20:40:17
3;2;SRV-DTIC-PROD;75.3;15.93;15.12;73.9;94.9;2026-05-20 20:40:17
3;2;SRV-DTIC-PROD;75.3;15.93;15.12;73.9;94.9;2026-05-20 20:40:17
3;2;SRV-DTIC-PROD;75.3;15.93;15.12;73.9;94.9;2026-05-20 20:40:17
3;2;SRV-DTIC-PROD;75.3;15.93;15.12;73.9;94.9;2026-05-20 20:40:17
3;2;SRV-DTIC-PROD;75.3;15.93;15.12;73.9;94.9;2026-05-20 20:40:17
3;2;SRV-DTIC-PROD;75.3;15.93;15.12;73.9;94.9;2026-05-20 20:40:17
3;2;SRV-DTIC-PROD;75.3;15.93;15.12;73.9;94.9;2026-05-20 20:40:17
3;2;SRV-DTIC-PROD;75.3;15.93;15.12;73.9;94.9;2026-05-20 20:40:17
3;2;SRV-DTIC-PROD;75.3;15.93;15.12;73.9;94.9;2026-05-20 20:40:17
3;2;SRV-DTIC-PROD;75.9;15.93;15.11;73.9;94.8;2026-05-20 20:40:32
3;2;SRV-DTIC-PROD;75.9;15.93;15.11;73.9;94.8;2026-05-20 20:40:32
3;2;SRV-DTIC-PROD;75.9;15.93;15.11;73.9;94.8;2026-05-20 20:40:32
3;2;SRV-DTIC-PROD;75.9;15.93;15.11;73.9;94.8;2026-05-20 20:40:32
3;2;SRV-DTIC-PROD;75.9;15.93;15.11;73.9;94.8;2026-05-20 20:40:32
3;2;SRV-DTIC-PROD;75.9;15.93;15.11;73.9;94.8;2026-05-20 20:40:32
3;2;SRV-DTIC-PROD;75.9;15.93;15.11;73.9;94.8;2026-05-20 20:40:32
3;2;SRV-DTIC-PROD;75.9;15.93;15.11;73.9;94.8;2026-05-20 20:40:32
3;2;SRV-DTIC-PROD;75.9;15.93;15.11;73.9;94.8;2026-05-20 20:40:32
3;2;SRV-DTIC-PROD;75.9;15.93;15.11;73.9;94.8;2026-05-20 20:40:32
3;2;SRV-DTIC-PROD;86.0;15.93;15.1;73.9;94.8;2026-05-20 20:40:49
3;2;SRV-DTIC-PROD;86.0;15.93;15.1;73.9;94.8;2026-05-20 20:40:49
3;2;SRV-DTIC-PROD;86.0;15.93;15.1;73.9;94.8;2026-05-20 20:40:49
3;2;SRV-DTIC-PROD;86.0;15.93;15.1;73.9;94.8;2026-05-20 20:40:49
3;2;SRV-DTIC-PROD;86.0;15.93;15.1;73.9;94.8;2026-05-20 20:40:49
3;2;SRV-DTIC-PROD;86.0;15.93;15.1;73.9;94.8;2026-05-20 20:40:49
3;2;SRV-DTIC-PROD;86.0;15.93;15.1;73.9;94.8;2026-05-20 20:40:49
3;2;SRV-DTIC-PROD;86.0;15.93;15.1;73.9;94.8;2026-05-20 20:40:49
3;2;SRV-DTIC-PROD;86.0;15.93;15.1;73.9;94.8;2026-05-20 20:40:49
3;2;SRV-DTIC-PROD;86.0;15.93;15.1;73.9;94.8;2026-05-20 20:40:49
3;2;SRV-DTIC-PROD;90.3;15.93;15.17;73.9;95.2;2026-05-20 20:41:05
3;2;SRV-DTIC-PROD;90.3;15.93;15.17;73.9;95.2;2026-05-20 20:41:05
3;2;SRV-DTIC-PROD;90.3;15.93;15.17;73.9;95.2;2026-05-20 20:41:05
3;2;SRV-DTIC-PROD;90.3;15.93;15.17;73.9;95.2;2026-05-20 20:41:05
3;2;SRV-DTIC-PROD;90.3;15.93;15.17;73.9;95.2;2026-05-20 20:41:05
3;2;SRV-DTIC-PROD;90.3;15.93;15.17;73.9;95.2;2026-05-20 20:41:05
3;2;SRV-DTIC-PROD;90.3;15.93;15.17;73.9;95.2;2026-05-20 20:41:05
3;2;SRV-DTIC-PROD;90.3;15.93;15.17;73.9;95.2;2026-05-20 20:41:05
3;2;SRV-DTIC-PROD;90.3;15.93;15.17;73.9;95.2;2026-05-20 20:41:05
3;2;SRV-DTIC-PROD;90.3;15.93;15.17;73.9;95.2;2026-05-20 20:41:05
3;2;SRV-DTIC-PROD;93.8;15.93;15.17;73.9;95.2;2026-05-20 20:41:22
3;2;SRV-DTIC-PROD;93.8;15.93;15.17;73.9;95.2;2026-05-20 20:41:22
3;2;SRV-DTIC-PROD;93.8;15.93;15.17;73.9;95.2;2026-05-20 20:41:22
3;2;SRV-DTIC-PROD;93.8;15.93;15.17;73.9;95.2;2026-05-20 20:41:22
3;2;SRV-DTIC-PROD;93.8;15.93;15.17;73.9;95.2;2026-05-20 20:41:22
3;2;SRV-DTIC-PROD;93.8;15.93;15.17;73.9;95.2;2026-05-20 20:41:22
3;2;SRV-DTIC-PROD;93.8;15.93;15.17;73.9;95.2;2026-05-20 20:41:22
3;2;SRV-DTIC-PROD;93.8;15.93;15.17;73.9;95.2;2026-05-20 20:41:22
3;2;SRV-DTIC-PROD;93.8;15.93;15.17;73.9;95.2;2026-05-20 20:41:22
3;2;SRV-DTIC-PROD;93.8;15.93;15.17;73.9;95.2;2026-05-20 20:41:22
3;2;SRV-DTIC-PROD;99.3;15.93;15.18;73.9;95.2;2026-05-20 20:41:39
3;2;SRV-DTIC-PROD;99.3;15.93;15.18;73.9;95.2;2026-05-20 20:41:39
3;2;SRV-DTIC-PROD;99.3;15.93;15.18;73.9;95.2;2026-05-20 20:41:39
3;2;SRV-DTIC-PROD;99.3;15.93;15.18;73.9;95.2;2026-05-20 20:41:39
3;2;SRV-DTIC-PROD;99.3;15.93;15.18;73.9;95.2;2026-05-20 20:41:39
3;2;SRV-DTIC-PROD;99.3;15.93;15.18;73.9;95.2;2026-05-20 20:41:39
3;2;SRV-DTIC-PROD;99.3;15.93;15.18;73.9;95.2;2026-05-20 20:41:39
3;2;SRV-DTIC-PROD;99.3;15.93;15.18;73.9;95.2;2026-05-20 20:41:39
3;2;SRV-DTIC-PROD;99.3;15.93;15.18;73.9;95.2;2026-05-20 20:41:39
3;2;SRV-DTIC-PROD;99.3;15.93;15.18;73.9;95.2;2026-05-20 20:41:39
3;2;SRV-DTIC-PROD;96.4;15.93;15.18;73.9;95.2;2026-05-20 20:41:56
3;2;SRV-DTIC-PROD;96.4;15.93;15.18;73.9;95.2;2026-05-20 20:41:56
3;2;SRV-DTIC-PROD;96.4;15.93;15.18;73.9;95.2;2026-05-20 20:41:56
3;2;SRV-DTIC-PROD;96.4;15.93;15.18;73.9;95.2;2026-05-20 20:41:56
3;2;SRV-DTIC-PROD;96.4;15.93;15.18;73.9;95.2;2026-05-20 20:41:56
3;2;SRV-DTIC-PROD;96.4;15.93;15.18;73.9;95.2;2026-05-20 20:41:56
3;2;SRV-DTIC-PROD;96.4;15.93;15.18;73.9;95.2;2026-05-20 20:41:56
3;2;SRV-DTIC-PROD;96.4;15.93;15.18;73.9;95.2;2026-05-20 20:41:56
3;2;SRV-DTIC-PROD;96.4;15.93;15.18;73.9;95.2;2026-05-20 20:41:56
3;2;SRV-DTIC-PROD;96.4;15.93;15.18;73.9;95.2;2026-05-20 20:41:56
3;2;SRV-DTIC-PROD;95.2;15.93;15.17;73.9;95.2;2026-05-20 20:42:13
3;2;SRV-DTIC-PROD;95.2;15.93;15.17;73.9;95.2;2026-05-20 20:42:13
3;2;SRV-DTIC-PROD;95.2;15.93;15.17;73.9;95.2;2026-05-20 20:42:13
3;2;SRV-DTIC-PROD;95.2;15.93;15.17;73.9;95.2;2026-05-20 20:42:13
3;2;SRV-DTIC-PROD;95.2;15.93;15.17;73.9;95.2;2026-05-20 20:42:13
3;2;SRV-DTIC-PROD;95.2;15.93;15.17;73.9;95.2;2026-05-20 20:42:13
3;2;SRV-DTIC-PROD;95.2;15.93;15.17;73.9;95.2;2026-05-20 20:42:13
3;2;SRV-DTIC-PROD;95.2;15.93;15.17;73.9;95.2;2026-05-20 20:42:13
3;2;SRV-DTIC-PROD;95.2;15.93;15.17;73.9;95.2;2026-05-20 20:42:13
3;2;SRV-DTIC-PROD;95.2;15.93;15.17;73.9;95.2;2026-05-20 20:42:13
3;2;SRV-DTIC-PROD;92.7;15.93;15.21;73.9;95.4;2026-05-20 20:42:30
3;2;SRV-DTIC-PROD;92.7;15.93;15.21;73.9;95.4;2026-05-20 20:42:30
3;2;SRV-DTIC-PROD;92.7;15.93;15.21;73.9;95.4;2026-05-20 20:42:30
3;2;SRV-DTIC-PROD;92.7;15.93;15.21;73.9;95.4;2026-05-20 20:42:30
3;2;SRV-DTIC-PROD;92.7;15.93;15.21;73.9;95.4;2026-05-20 20:42:30
3;2;SRV-DTIC-PROD;92.7;15.93;15.21;73.9;95.4;2026-05-20 20:42:30
3;2;SRV-DTIC-PROD;92.7;15.93;15.21;73.9;95.4;2026-05-20 20:42:30
3;2;SRV-DTIC-PROD;92.7;15.93;15.21;73.9;95.4;2026-05-20 20:42:30
3;2;SRV-DTIC-PROD;92.7;15.93;15.21;73.9;95.4;2026-05-20 20:42:30
3;2;SRV-DTIC-PROD;92.7;15.93;15.21;73.9;95.4;2026-05-20 20:42:30
3;2;SRV-DTIC-PROD;94.5;15.93;15.2;73.9;95.4;2026-05-20 20:42:47
3;2;SRV-DTIC-PROD;94.5;15.93;15.2;73.9;95.4;2026-05-20 20:42:47
3;2;SRV-DTIC-PROD;94.5;15.93;15.2;73.9;95.4;2026-05-20 20:42:47
3;2;SRV-DTIC-PROD;94.5;15.93;15.2;73.9;95.4;2026-05-20 20:42:47
3;2;SRV-DTIC-PROD;94.5;15.93;15.2;73.9;95.4;2026-05-20 20:42:47
3;2;SRV-DTIC-PROD;94.5;15.93;15.2;73.9;95.4;2026-05-20 20:42:47
3;2;SRV-DTIC-PROD;94.5;15.93;15.2;73.9;95.4;2026-05-20 20:42:47
3;2;SRV-DTIC-PROD;94.5;15.93;15.2;73.9;95.4;2026-05-20 20:42:47
3;2;SRV-DTIC-PROD;94.5;15.93;15.2;73.9;95.4;2026-05-20 20:42:47
3;2;SRV-DTIC-PROD;94.5;15.93;15.2;73.9;95.4;2026-05-20 20:42:47
3;2;SRV-DTIC-PROD;97.3;15.93;15.19;73.9;95.3;2026-05-20 20:43:03
3;2;SRV-DTIC-PROD;97.3;15.93;15.19;73.9;95.3;2026-05-20 20:43:03
3;2;SRV-DTIC-PROD;97.3;15.93;15.19;73.9;95.3;2026-05-20 20:43:03
3;2;SRV-DTIC-PROD;97.3;15.93;15.19;73.9;95.3;2026-05-20 20:43:03
3;2;SRV-DTIC-PROD;97.3;15.93;15.19;73.9;95.3;2026-05-20 20:43:03
3;2;SRV-DTIC-PROD;97.3;15.93;15.19;73.9;95.3;2026-05-20 20:43:03
3;2;SRV-DTIC-PROD;97.3;15.93;15.19;73.9;95.3;2026-05-20 20:43:03
3;2;SRV-DTIC-PROD;97.3;15.93;15.19;73.9;95.3;2026-05-20 20:43:03
3;2;SRV-DTIC-PROD;97.3;15.93;15.19;73.9;95.3;2026-05-20 20:43:03
3;2;SRV-DTIC-PROD;97.3;15.93;15.19;73.9;95.3;2026-05-20 20:43:03
3;2;SRV-DTIC-PROD;97.2;15.93;15.08;73.9;94.6;2026-05-20 20:43:20
3;2;SRV-DTIC-PROD;97.2;15.93;15.08;73.9;94.6;2026-05-20 20:43:20
3;2;SRV-DTIC-PROD;97.2;15.93;15.08;73.9;94.6;2026-05-20 20:43:20
3;2;SRV-DTIC-PROD;97.2;15.93;15.08;73.9;94.6;2026-05-20 20:43:20
3;2;SRV-DTIC-PROD;97.2;15.93;15.08;73.9;94.6;2026-05-20 20:43:20
3;2;SRV-DTIC-PROD;97.2;15.93;15.08;73.9;94.6;2026-05-20 20:43:20
3;2;SRV-DTIC-PROD;97.2;15.93;15.08;73.9;94.6;2026-05-20 20:43:20
3;2;SRV-DTIC-PROD;97.2;15.93;15.08;73.9;94.6;2026-05-20 20:43:20
3;2;SRV-DTIC-PROD;97.2;15.93;15.08;73.9;94.6;2026-05-20 20:43:20
3;2;SRV-DTIC-PROD;97.2;15.93;15.08;73.9;94.6;2026-05-20 20:43:20
3;2;SRV-DTIC-PROD;93.5;15.93;15.08;73.9;94.6;2026-05-20 20:43:36
3;2;SRV-DTIC-PROD;93.5;15.93;15.08;73.9;94.6;2026-05-20 20:43:36
3;2;SRV-DTIC-PROD;93.5;15.93;15.08;73.9;94.6;2026-05-20 20:43:36
3;2;SRV-DTIC-PROD;93.5;15.93;15.08;73.9;94.6;2026-05-20 20:43:36
3;2;SRV-DTIC-PROD;93.5;15.93;15.08;73.9;94.6;2026-05-20 20:43:36
3;2;SRV-DTIC-PROD;93.5;15.93;15.08;73.9;94.6;2026-05-20 20:43:36
3;2;SRV-DTIC-PROD;93.5;15.93;15.08;73.9;94.6;2026-05-20 20:43:36
3;2;SRV-DTIC-PROD;93.5;15.93;15.08;73.9;94.6;2026-05-20 20:43:36
3;2;SRV-DTIC-PROD;93.5;15.93;15.08;73.9;94.6;2026-05-20 20:43:36
3;2;SRV-DTIC-PROD;93.5;15.93;15.08;73.9;94.6;2026-05-20 20:43:36
3;2;SRV-DTIC-PROD;90.0;15.93;15.13;73.9;94.9;2026-05-20 20:43:53
3;2;SRV-DTIC-PROD;90.0;15.93;15.13;73.9;94.9;2026-05-20 20:43:53
3;2;SRV-DTIC-PROD;90.0;15.93;15.13;73.9;94.9;2026-05-20 20:43:53
3;2;SRV-DTIC-PROD;90.0;15.93;15.13;73.9;94.9;2026-05-20 20:43:53
3;2;SRV-DTIC-PROD;90.0;15.93;15.13;73.9;94.9;2026-05-20 20:43:53
3;2;SRV-DTIC-PROD;90.0;15.93;15.13;73.9;94.9;2026-05-20 20:43:53
3;2;SRV-DTIC-PROD;90.0;15.93;15.13;73.9;94.9;2026-05-20 20:43:53
3;2;SRV-DTIC-PROD;90.0;15.93;15.13;73.9;94.9;2026-05-20 20:43:53
3;2;SRV-DTIC-PROD;90.0;15.93;15.13;73.9;94.9;2026-05-20 20:43:53
3;2;SRV-DTIC-PROD;90.0;15.93;15.13;73.9;94.9;2026-05-20 20:43:53
3;2;SRV-DTIC-PROD;90.6;15.93;15.13;73.9;95.0;2026-05-20 20:44:09
3;2;SRV-DTIC-PROD;90.6;15.93;15.13;73.9;95.0;2026-05-20 20:44:09
3;2;SRV-DTIC-PROD;90.6;15.93;15.13;73.9;95.0;2026-05-20 20:44:09
3;2;SRV-DTIC-PROD;90.6;15.93;15.13;73.9;95.0;2026-05-20 20:44:09
3;2;SRV-DTIC-PROD;90.6;15.93;15.13;73.9;95.0;2026-05-20 20:44:09
3;2;SRV-DTIC-PROD;90.6;15.93;15.13;73.9;95.0;2026-05-20 20:44:09
3;2;SRV-DTIC-PROD;90.6;15.93;15.13;73.9;95.0;2026-05-20 20:44:09
3;2;SRV-DTIC-PROD;90.6;15.93;15.13;73.9;95.0;2026-05-20 20:44:09
3;2;SRV-DTIC-PROD;90.6;15.93;15.13;73.9;95.0;2026-05-20 20:44:09
3;2;SRV-DTIC-PROD;90.6;15.93;15.13;73.9;95.0;2026-05-20 20:44:09
3;2;SRV-DTIC-PROD;99.2;15.93;15.22;73.9;95.5;2026-05-20 20:44:24
3;2;SRV-DTIC-PROD;99.2;15.93;15.22;73.9;95.5;2026-05-20 20:44:24
3;2;SRV-DTIC-PROD;99.2;15.93;15.22;73.9;95.5;2026-05-20 20:44:24
3;2;SRV-DTIC-PROD;99.2;15.93;15.22;73.9;95.5;2026-05-20 20:44:24
3;2;SRV-DTIC-PROD;99.2;15.93;15.22;73.9;95.5;2026-05-20 20:44:24
3;2;SRV-DTIC-PROD;99.2;15.93;15.22;73.9;95.5;2026-05-20 20:44:24
3;2;SRV-DTIC-PROD;99.2;15.93;15.22;73.9;95.5;2026-05-20 20:44:24
3;2;SRV-DTIC-PROD;99.2;15.93;15.22;73.9;95.5;2026-05-20 20:44:24
3;2;SRV-DTIC-PROD;99.2;15.93;15.22;73.9;95.5;2026-05-20 20:44:24
3;2;SRV-DTIC-PROD;99.2;15.93;15.22;73.9;95.5;2026-05-20 20:44:24
3;2;SRV-DTIC-PROD;86.9;15.93;15.03;73.9;94.3;2026-05-20 20:44:41
3;2;SRV-DTIC-PROD;86.9;15.93;15.03;73.9;94.3;2026-05-20 20:44:41
3;2;SRV-DTIC-PROD;86.9;15.93;15.03;73.9;94.3;2026-05-20 20:44:41
3;2;SRV-DTIC-PROD;86.9;15.93;15.03;73.9;94.3;2026-05-20 20:44:41
3;2;SRV-DTIC-PROD;86.9;15.93;15.03;73.9;94.3;2026-05-20 20:44:41
3;2;SRV-DTIC-PROD;86.9;15.93;15.03;73.9;94.3;2026-05-20 20:44:41
3;2;SRV-DTIC-PROD;86.9;15.93;15.03;73.9;94.3;2026-05-20 20:44:41
3;2;SRV-DTIC-PROD;86.9;15.93;15.03;73.9;94.3;2026-05-20 20:44:41
3;2;SRV-DTIC-PROD;86.9;15.93;15.03;73.9;94.3;2026-05-20 20:44:41
3;2;SRV-DTIC-PROD;86.9;15.93;15.03;73.9;94.3;2026-05-20 20:44:41
3;2;SRV-DTIC-PROD;87.8;15.93;15.06;74.0;94.5;2026-05-20 20:44:57
3;2;SRV-DTIC-PROD;87.8;15.93;15.06;74.0;94.5;2026-05-20 20:44:57
3;2;SRV-DTIC-PROD;87.8;15.93;15.06;74.0;94.5;2026-05-20 20:44:57
3;2;SRV-DTIC-PROD;87.8;15.93;15.06;74.0;94.5;2026-05-20 20:44:57
3;2;SRV-DTIC-PROD;87.8;15.93;15.06;74.0;94.5;2026-05-20 20:44:57
3;2;SRV-DTIC-PROD;87.8;15.93;15.06;74.0;94.5;2026-05-20 20:44:57
3;2;SRV-DTIC-PROD;87.8;15.93;15.06;74.0;94.5;2026-05-20 20:44:57
3;2;SRV-DTIC-PROD;87.8;15.93;15.06;74.0;94.5;2026-05-20 20:44:57
3;2;SRV-DTIC-PROD;87.8;15.93;15.06;74.0;94.5;2026-05-20 20:44:57
3;2;SRV-DTIC-PROD;87.8;15.93;15.06;74.0;94.5;2026-05-20 20:44:57
3;2;SRV-DTIC-PROD;92.2;15.93;15.12;74.0;94.9;2026-05-20 20:45:13
3;2;SRV-DTIC-PROD;92.2;15.93;15.12;74.0;94.9;2026-05-20 20:45:13
3;2;SRV-DTIC-PROD;92.2;15.93;15.12;74.0;94.9;2026-05-20 20:45:13
3;2;SRV-DTIC-PROD;92.2;15.93;15.12;74.0;94.9;2026-05-20 20:45:13
3;2;SRV-DTIC-PROD;92.2;15.93;15.12;74.0;94.9;2026-05-20 20:45:13
3;2;SRV-DTIC-PROD;92.2;15.93;15.12;74.0;94.9;2026-05-20 20:45:13
3;2;SRV-DTIC-PROD;92.2;15.93;15.12;74.0;94.9;2026-05-20 20:45:13
3;2;SRV-DTIC-PROD;92.2;15.93;15.12;74.0;94.9;2026-05-20 20:45:13
3;2;SRV-DTIC-PROD;92.2;15.93;15.12;74.0;94.9;2026-05-20 20:45:13
3;2;SRV-DTIC-PROD;92.2;15.93;15.12;74.0;94.9;2026-05-20 20:45:13
3;2;SRV-DTIC-PROD;96.4;15.93;15.18;74.0;95.3;2026-05-20 20:45:30
3;2;SRV-DTIC-PROD;96.4;15.93;15.18;74.0;95.3;2026-05-20 20:45:30
3;2;SRV-DTIC-PROD;96.4;15.93;15.18;74.0;95.3;2026-05-20 20:45:30
3;2;SRV-DTIC-PROD;96.4;15.93;15.18;74.0;95.3;2026-05-20 20:45:30
3;2;SRV-DTIC-PROD;96.4;15.93;15.18;74.0;95.3;2026-05-20 20:45:30
3;2;SRV-DTIC-PROD;96.4;15.93;15.18;74.0;95.3;2026-05-20 20:45:30
3;2;SRV-DTIC-PROD;96.4;15.93;15.18;74.0;95.3;2026-05-20 20:45:30
3;2;SRV-DTIC-PROD;96.4;15.93;15.18;74.0;95.3;2026-05-20 20:45:30
3;2;SRV-DTIC-PROD;96.4;15.93;15.18;74.0;95.3;2026-05-20 20:45:30
3;2;SRV-DTIC-PROD;96.4;15.93;15.18;74.0;95.3;2026-05-20 20:45:30
3;2;SRV-DTIC-PROD;96.3;15.93;15.18;74.0;95.2;2026-05-20 20:45:47
3;2;SRV-DTIC-PROD;96.3;15.93;15.18;74.0;95.2;2026-05-20 20:45:47
3;2;SRV-DTIC-PROD;96.3;15.93;15.18;74.0;95.2;2026-05-20 20:45:47
3;2;SRV-DTIC-PROD;96.3;15.93;15.18;74.0;95.2;2026-05-20 20:45:47
3;2;SRV-DTIC-PROD;96.3;15.93;15.18;74.0;95.2;2026-05-20 20:45:47
3;2;SRV-DTIC-PROD;96.3;15.93;15.18;74.0;95.2;2026-05-20 20:45:47
3;2;SRV-DTIC-PROD;96.3;15.93;15.18;74.0;95.2;2026-05-20 20:45:47
3;2;SRV-DTIC-PROD;96.3;15.93;15.18;74.0;95.2;2026-05-20 20:45:47
3;2;SRV-DTIC-PROD;96.3;15.93;15.18;74.0;95.2;2026-05-20 20:45:47
3;2;SRV-DTIC-PROD;96.3;15.93;15.18;74.0;95.2;2026-05-20 20:45:47
3;2;SRV-DTIC-PROD;91.7;15.93;15.18;74.0;95.3;2026-05-20 20:46:03
3;2;SRV-DTIC-PROD;91.7;15.93;15.18;74.0;95.3;2026-05-20 20:46:03
3;2;SRV-DTIC-PROD;91.7;15.93;15.18;74.0;95.3;2026-05-20 20:46:03
3;2;SRV-DTIC-PROD;91.7;15.93;15.18;74.0;95.3;2026-05-20 20:46:03
3;2;SRV-DTIC-PROD;91.7;15.93;15.18;74.0;95.3;2026-05-20 20:46:03
3;2;SRV-DTIC-PROD;91.7;15.93;15.18;74.0;95.3;2026-05-20 20:46:03
3;2;SRV-DTIC-PROD;91.7;15.93;15.18;74.0;95.3;2026-05-20 20:46:03
3;2;SRV-DTIC-PROD;91.7;15.93;15.18;74.0;95.3;2026-05-20 20:46:03
3;2;SRV-DTIC-PROD;91.7;15.93;15.18;74.0;95.3;2026-05-20 20:46:03
3;2;SRV-DTIC-PROD;91.7;15.93;15.18;74.0;95.3;2026-05-20 20:46:03
3;2;SRV-DTIC-PROD;96.9;15.93;15.18;74.0;95.2;2026-05-20 20:46:21
3;2;SRV-DTIC-PROD;96.9;15.93;15.18;74.0;95.2;2026-05-20 20:46:21
3;2;SRV-DTIC-PROD;96.9;15.93;15.18;74.0;95.2;2026-05-20 20:46:21
3;2;SRV-DTIC-PROD;96.9;15.93;15.18;74.0;95.2;2026-05-20 20:46:21
3;2;SRV-DTIC-PROD;96.9;15.93;15.18;74.0;95.2;2026-05-20 20:46:21
3;2;SRV-DTIC-PROD;96.9;15.93;15.18;74.0;95.2;2026-05-20 20:46:21
3;2;SRV-DTIC-PROD;96.9;15.93;15.18;74.0;95.2;2026-05-20 20:46:21
3;2;SRV-DTIC-PROD;96.9;15.93;15.18;74.0;95.2;2026-05-20 20:46:21
3;2;SRV-DTIC-PROD;96.9;15.93;15.18;74.0;95.2;2026-05-20 20:46:21
3;2;SRV-DTIC-PROD;96.9;15.93;15.18;74.0;95.2;2026-05-20 20:46:21
3;2;SRV-DTIC-PROD;98.4;15.93;15.2;74.0;95.4;2026-05-20 20:46:38
3;2;SRV-DTIC-PROD;98.4;15.93;15.2;74.0;95.4;2026-05-20 20:46:38
3;2;SRV-DTIC-PROD;98.4;15.93;15.2;74.0;95.4;2026-05-20 20:46:38
3;2;SRV-DTIC-PROD;98.4;15.93;15.2;74.0;95.4;2026-05-20 20:46:38
3;2;SRV-DTIC-PROD;98.4;15.93;15.2;74.0;95.4;2026-05-20 20:46:38
3;2;SRV-DTIC-PROD;98.4;15.93;15.2;74.0;95.4;2026-05-20 20:46:38
3;2;SRV-DTIC-PROD;98.4;15.93;15.2;74.0;95.4;2026-05-20 20:46:38
3;2;SRV-DTIC-PROD;98.4;15.93;15.2;74.0;95.4;2026-05-20 20:46:38
3;2;SRV-DTIC-PROD;98.4;15.93;15.2;74.0;95.4;2026-05-20 20:46:38
3;2;SRV-DTIC-PROD;98.4;15.93;15.2;74.0;95.4;2026-05-20 20:46:38
3;2;SRV-DTIC-PROD;95.9;15.93;15.19;74.0;95.3;2026-05-20 20:46:54
3;2;SRV-DTIC-PROD;95.9;15.93;15.19;74.0;95.3;2026-05-20 20:46:54
3;2;SRV-DTIC-PROD;95.9;15.93;15.19;74.0;95.3;2026-05-20 20:46:54
3;2;SRV-DTIC-PROD;95.9;15.93;15.19;74.0;95.3;2026-05-20 20:46:54
3;2;SRV-DTIC-PROD;95.9;15.93;15.19;74.0;95.3;2026-05-20 20:46:54
3;2;SRV-DTIC-PROD;95.9;15.93;15.19;74.0;95.3;2026-05-20 20:46:54
3;2;SRV-DTIC-PROD;95.9;15.93;15.19;74.0;95.3;2026-05-20 20:46:54
3;2;SRV-DTIC-PROD;95.9;15.93;15.19;74.0;95.3;2026-05-20 20:46:54
3;2;SRV-DTIC-PROD;95.9;15.93;15.19;74.0;95.3;2026-05-20 20:46:54
3;2;SRV-DTIC-PROD;95.9;15.93;15.19;74.0;95.3;2026-05-20 20:46:54
3;2;SRV-DTIC-PROD;98.1;15.93;15.18;74.0;95.3;2026-05-20 20:47:11
3;2;SRV-DTIC-PROD;98.1;15.93;15.18;74.0;95.3;2026-05-20 20:47:11
3;2;SRV-DTIC-PROD;98.1;15.93;15.18;74.0;95.3;2026-05-20 20:47:11
3;2;SRV-DTIC-PROD;98.1;15.93;15.18;74.0;95.3;2026-05-20 20:47:11
3;2;SRV-DTIC-PROD;98.1;15.93;15.18;74.0;95.3;2026-05-20 20:47:11
3;2;SRV-DTIC-PROD;98.1;15.93;15.18;74.0;95.3;2026-05-20 20:47:11
3;2;SRV-DTIC-PROD;98.1;15.93;15.18;74.0;95.3;2026-05-20 20:47:11
3;2;SRV-DTIC-PROD;98.1;15.93;15.18;74.0;95.3;2026-05-20 20:47:11
3;2;SRV-DTIC-PROD;98.1;15.93;15.18;74.0;95.3;2026-05-20 20:47:11
3;2;SRV-DTIC-PROD;98.1;15.93;15.18;74.0;95.3;2026-05-20 20:47:11
3;2;SRV-DTIC-PROD;88.8;15.93;15.19;74.0;95.3;2026-05-20 20:47:28
3;2;SRV-DTIC-PROD;88.8;15.93;15.19;74.0;95.3;2026-05-20 20:47:28
3;2;SRV-DTIC-PROD;88.8;15.93;15.19;74.0;95.3;2026-05-20 20:47:28
3;2;SRV-DTIC-PROD;88.8;15.93;15.19;74.0;95.3;2026-05-20 20:47:28
3;2;SRV-DTIC-PROD;88.8;15.93;15.19;74.0;95.3;2026-05-20 20:47:28
3;2;SRV-DTIC-PROD;88.8;15.93;15.19;74.0;95.3;2026-05-20 20:47:28
3;2;SRV-DTIC-PROD;88.8;15.93;15.19;74.0;95.3;2026-05-20 20:47:28
3;2;SRV-DTIC-PROD;88.8;15.93;15.19;74.0;95.3;2026-05-20 20:47:28
3;2;SRV-DTIC-PROD;88.8;15.93;15.19;74.0;95.3;2026-05-20 20:47:28
3;2;SRV-DTIC-PROD;88.8;15.93;15.19;74.0;95.3;2026-05-20 20:47:28
3;2;SRV-DTIC-PROD;85.5;15.93;14.8;74.0;92.9;2026-05-20 20:47:44
3;2;SRV-DTIC-PROD;85.5;15.93;14.8;74.0;92.9;2026-05-20 20:47:44
3;2;SRV-DTIC-PROD;85.5;15.93;14.8;74.0;92.9;2026-05-20 20:47:44
3;2;SRV-DTIC-PROD;85.5;15.93;14.8;74.0;92.9;2026-05-20 20:47:44
3;2;SRV-DTIC-PROD;85.5;15.93;14.8;74.0;92.9;2026-05-20 20:47:44
3;2;SRV-DTIC-PROD;85.5;15.93;14.8;74.0;92.9;2026-05-20 20:47:44
3;2;SRV-DTIC-PROD;85.5;15.93;14.8;74.0;92.9;2026-05-20 20:47:44
3;2;SRV-DTIC-PROD;85.5;15.93;14.8;74.0;92.9;2026-05-20 20:47:44
3;2;SRV-DTIC-PROD;85.5;15.93;14.8;74.0;92.9;2026-05-20 20:47:44
3;2;SRV-DTIC-PROD;85.5;15.93;14.8;74.0;92.9;2026-05-20 20:47:44
3;2;SRV-DTIC-PROD;78.5;15.93;14.74;74.0;92.5;2026-05-20 20:48:00
3;2;SRV-DTIC-PROD;78.5;15.93;14.74;74.0;92.5;2026-05-20 20:48:00
3;2;SRV-DTIC-PROD;78.5;15.93;14.74;74.0;92.5;2026-05-20 20:48:00
3;2;SRV-DTIC-PROD;78.5;15.93;14.74;74.0;92.5;2026-05-20 20:48:00
3;2;SRV-DTIC-PROD;78.5;15.93;14.74;74.0;92.5;2026-05-20 20:48:00
3;2;SRV-DTIC-PROD;78.5;15.93;14.74;74.0;92.5;2026-05-20 20:48:00
3;2;SRV-DTIC-PROD;78.5;15.93;14.74;74.0;92.5;2026-05-20 20:48:00
3;2;SRV-DTIC-PROD;78.5;15.93;14.74;74.0;92.5;2026-05-20 20:48:00
3;2;SRV-DTIC-PROD;78.5;15.93;14.74;74.0;92.5;2026-05-20 20:48:00
3;2;SRV-DTIC-PROD;78.5;15.93;14.74;74.0;92.5;2026-05-20 20:48:00
3;2;SRV-DTIC-PROD;81.1;15.93;14.73;74.0;92.5;2026-05-20 20:48:17
3;2;SRV-DTIC-PROD;81.1;15.93;14.73;74.0;92.5;2026-05-20 20:48:17
3;2;SRV-DTIC-PROD;81.1;15.93;14.73;74.0;92.5;2026-05-20 20:48:17
3;2;SRV-DTIC-PROD;81.1;15.93;14.73;74.0;92.5;2026-05-20 20:48:17
3;2;SRV-DTIC-PROD;81.1;15.93;14.73;74.0;92.5;2026-05-20 20:48:17
3;2;SRV-DTIC-PROD;81.1;15.93;14.73;74.0;92.5;2026-05-20 20:48:17
3;2;SRV-DTIC-PROD;81.1;15.93;14.73;74.0;92.5;2026-05-20 20:48:17
3;2;SRV-DTIC-PROD;81.1;15.93;14.73;74.0;92.5;2026-05-20 20:48:17
3;2;SRV-DTIC-PROD;81.1;15.93;14.73;74.0;92.5;2026-05-20 20:48:17
3;2;SRV-DTIC-PROD;81.1;15.93;14.73;74.0;92.5;2026-05-20 20:48:17
3;2;SRV-DTIC-PROD;73.1;15.93;14.74;74.0;92.5;2026-05-20 20:48:32
3;2;SRV-DTIC-PROD;73.1;15.93;14.74;74.0;92.5;2026-05-20 20:48:32
3;2;SRV-DTIC-PROD;73.1;15.93;14.74;74.0;92.5;2026-05-20 20:48:32
3;2;SRV-DTIC-PROD;73.1;15.93;14.74;74.0;92.5;2026-05-20 20:48:32
3;2;SRV-DTIC-PROD;73.1;15.93;14.74;74.0;92.5;2026-05-20 20:48:32
3;2;SRV-DTIC-PROD;73.1;15.93;14.74;74.0;92.5;2026-05-20 20:48:32
3;2;SRV-DTIC-PROD;73.1;15.93;14.74;74.0;92.5;2026-05-20 20:48:32
3;2;SRV-DTIC-PROD;73.1;15.93;14.74;74.0;92.5;2026-05-20 20:48:32
3;2;SRV-DTIC-PROD;73.1;15.93;14.74;74.0;92.5;2026-05-20 20:48:32
3;2;SRV-DTIC-PROD;73.1;15.93;14.74;74.0;92.5;2026-05-20 20:48:32
3;2;SRV-DTIC-PROD;99.9;15.93;15.2;74.0;95.4;2026-05-20 20:48:50
3;2;SRV-DTIC-PROD;99.9;15.93;15.2;74.0;95.4;2026-05-20 20:48:50
3;2;SRV-DTIC-PROD;99.9;15.93;15.2;74.0;95.4;2026-05-20 20:48:50
3;2;SRV-DTIC-PROD;99.9;15.93;15.2;74.0;95.4;2026-05-20 20:48:50
3;2;SRV-DTIC-PROD;99.9;15.93;15.2;74.0;95.4;2026-05-20 20:48:50
3;2;SRV-DTIC-PROD;99.9;15.93;15.2;74.0;95.4;2026-05-20 20:48:50
3;2;SRV-DTIC-PROD;99.9;15.93;15.2;74.0;95.4;2026-05-20 20:48:50
3;2;SRV-DTIC-PROD;99.9;15.93;15.2;74.0;95.4;2026-05-20 20:48:50
3;2;SRV-DTIC-PROD;99.9;15.93;15.2;74.0;95.4;2026-05-20 20:48:50
3;2;SRV-DTIC-PROD;99.9;15.93;15.2;74.0;95.4;2026-05-20 20:48:50
3;2;SRV-DTIC-PROD;88.6;15.93;15.37;74.0;96.5;2026-05-20 20:49:06
3;2;SRV-DTIC-PROD;88.6;15.93;15.37;74.0;96.5;2026-05-20 20:49:06
3;2;SRV-DTIC-PROD;88.6;15.93;15.37;74.0;96.5;2026-05-20 20:49:06
3;2;SRV-DTIC-PROD;88.6;15.93;15.37;74.0;96.5;2026-05-20 20:49:06
3;2;SRV-DTIC-PROD;88.6;15.93;15.37;74.0;96.5;2026-05-20 20:49:06
3;2;SRV-DTIC-PROD;88.6;15.93;15.37;74.0;96.5;2026-05-20 20:49:06
3;2;SRV-DTIC-PROD;88.6;15.93;15.37;74.0;96.5;2026-05-20 20:49:06
3;2;SRV-DTIC-PROD;88.6;15.93;15.37;74.0;96.5;2026-05-20 20:49:06
3;2;SRV-DTIC-PROD;88.6;15.93;15.37;74.0;96.5;2026-05-20 20:49:06
3;2;SRV-DTIC-PROD;88.6;15.93;15.37;74.0;96.5;2026-05-20 20:49:06
3;2;SRV-DTIC-PROD;66.2;15.93;15.3;74.0;96.0;2026-05-20 20:49:22
3;2;SRV-DTIC-PROD;66.2;15.93;15.3;74.0;96.0;2026-05-20 20:49:22
3;2;SRV-DTIC-PROD;66.2;15.93;15.3;74.0;96.0;2026-05-20 20:49:22
3;2;SRV-DTIC-PROD;66.2;15.93;15.3;74.0;96.0;2026-05-20 20:49:22
3;2;SRV-DTIC-PROD;66.2;15.93;15.3;74.0;96.0;2026-05-20 20:49:22
3;2;SRV-DTIC-PROD;66.2;15.93;15.3;74.0;96.0;2026-05-20 20:49:22
3;2;SRV-DTIC-PROD;66.2;15.93;15.3;74.0;96.0;2026-05-20 20:49:22
3;2;SRV-DTIC-PROD;66.2;15.93;15.3;74.0;96.0;2026-05-20 20:49:22
3;2;SRV-DTIC-PROD;66.2;15.93;15.3;74.0;96.0;2026-05-20 20:49:22
3;2;SRV-DTIC-PROD;66.2;15.93;15.3;74.0;96.0;2026-05-20 20:49:22
3;2;SRV-DTIC-PROD;99.8;15.93;15.29;74.0;96.0;2026-05-20 20:49:39
3;2;SRV-DTIC-PROD;99.8;15.93;15.29;74.0;96.0;2026-05-20 20:49:39
3;2;SRV-DTIC-PROD;99.8;15.93;15.29;74.0;96.0;2026-05-20 20:49:39
3;2;SRV-DTIC-PROD;99.8;15.93;15.29;74.0;96.0;2026-05-20 20:49:39
3;2;SRV-DTIC-PROD;99.8;15.93;15.29;74.0;96.0;2026-05-20 20:49:39
3;2;SRV-DTIC-PROD;99.8;15.93;15.29;74.0;96.0;2026-05-20 20:49:39
3;2;SRV-DTIC-PROD;99.8;15.93;15.29;74.0;96.0;2026-05-20 20:49:39
3;2;SRV-DTIC-PROD;99.8;15.93;15.29;74.0;96.0;2026-05-20 20:49:39
3;2;SRV-DTIC-PROD;99.8;15.93;15.29;74.0;96.0;2026-05-20 20:49:39
3;2;SRV-DTIC-PROD;99.8;15.93;15.29;74.0;96.0;2026-05-20 20:49:39
3;2;SRV-DTIC-PROD;95.8;15.93;15.29;74.1;96.0;2026-05-20 20:49:57
3;2;SRV-DTIC-PROD;95.8;15.93;15.29;74.1;96.0;2026-05-20 20:49:57
3;2;SRV-DTIC-PROD;95.8;15.93;15.29;74.1;96.0;2026-05-20 20:49:57
3;2;SRV-DTIC-PROD;95.8;15.93;15.29;74.1;96.0;2026-05-20 20:49:57
3;2;SRV-DTIC-PROD;95.8;15.93;15.29;74.1;96.0;2026-05-20 20:49:57
3;2;SRV-DTIC-PROD;95.8;15.93;15.29;74.1;96.0;2026-05-20 20:49:57
3;2;SRV-DTIC-PROD;95.8;15.93;15.29;74.1;96.0;2026-05-20 20:49:57
3;2;SRV-DTIC-PROD;95.8;15.93;15.29;74.1;96.0;2026-05-20 20:49:57
3;2;SRV-DTIC-PROD;95.8;15.93;15.29;74.1;96.0;2026-05-20 20:49:57
3;2;SRV-DTIC-PROD;95.8;15.93;15.29;74.1;96.0;2026-05-20 20:49:57
3;2;SRV-DTIC-PROD;99.5;15.93;15.31;74.1;96.1;2026-05-20 20:50:14
3;2;SRV-DTIC-PROD;99.5;15.93;15.31;74.1;96.1;2026-05-20 20:50:14
3;2;SRV-DTIC-PROD;99.5;15.93;15.31;74.1;96.1;2026-05-20 20:50:14
3;2;SRV-DTIC-PROD;99.5;15.93;15.31;74.1;96.1;2026-05-20 20:50:14
3;2;SRV-DTIC-PROD;99.5;15.93;15.31;74.1;96.1;2026-05-20 20:50:14
3;2;SRV-DTIC-PROD;99.5;15.93;15.31;74.1;96.1;2026-05-20 20:50:14
3;2;SRV-DTIC-PROD;99.5;15.93;15.31;74.1;96.1;2026-05-20 20:50:14
3;2;SRV-DTIC-PROD;99.5;15.93;15.31;74.1;96.1;2026-05-20 20:50:14
3;2;SRV-DTIC-PROD;99.5;15.93;15.31;74.1;96.1;2026-05-20 20:50:14
3;2;SRV-DTIC-PROD;99.5;15.93;15.31;74.1;96.1;2026-05-20 20:50:14
3;2;SRV-DTIC-PROD;99.4;15.93;15.33;74.1;96.2;2026-05-20 20:50:31
3;2;SRV-DTIC-PROD;99.4;15.93;15.33;74.1;96.2;2026-05-20 20:50:31
3;2;SRV-DTIC-PROD;99.4;15.93;15.33;74.1;96.2;2026-05-20 20:50:31
3;2;SRV-DTIC-PROD;99.4;15.93;15.33;74.1;96.2;2026-05-20 20:50:31
3;2;SRV-DTIC-PROD;99.4;15.93;15.33;74.1;96.2;2026-05-20 20:50:31
3;2;SRV-DTIC-PROD;99.4;15.93;15.33;74.1;96.2;2026-05-20 20:50:31
3;2;SRV-DTIC-PROD;99.4;15.93;15.33;74.1;96.2;2026-05-20 20:50:31
3;2;SRV-DTIC-PROD;99.4;15.93;15.33;74.1;96.2;2026-05-20 20:50:31
3;2;SRV-DTIC-PROD;99.4;15.93;15.33;74.1;96.2;2026-05-20 20:50:31
3;2;SRV-DTIC-PROD;99.4;15.93;15.33;74.1;96.2;2026-05-20 20:50:31
3;2;SRV-DTIC-PROD;99.6;15.93;15.34;74.1;96.3;2026-05-20 20:50:48
3;2;SRV-DTIC-PROD;99.6;15.93;15.34;74.1;96.3;2026-05-20 20:50:48
3;2;SRV-DTIC-PROD;99.6;15.93;15.34;74.1;96.3;2026-05-20 20:50:48
3;2;SRV-DTIC-PROD;99.6;15.93;15.34;74.1;96.3;2026-05-20 20:50:48
3;2;SRV-DTIC-PROD;99.6;15.93;15.34;74.1;96.3;2026-05-20 20:50:48
3;2;SRV-DTIC-PROD;99.6;15.93;15.34;74.1;96.3;2026-05-20 20:50:48
3;2;SRV-DTIC-PROD;99.6;15.93;15.34;74.1;96.3;2026-05-20 20:50:48
3;2;SRV-DTIC-PROD;99.6;15.93;15.34;74.1;96.3;2026-05-20 20:50:48
3;2;SRV-DTIC-PROD;99.6;15.93;15.34;74.1;96.3;2026-05-20 20:50:48
3;2;SRV-DTIC-PROD;99.6;15.93;15.34;74.1;96.3;2026-05-20 20:50:48
3;2;SRV-DTIC-PROD;95.0;15.93;15.29;74.1;96.0;2026-05-20 20:51:04
3;2;SRV-DTIC-PROD;95.0;15.93;15.29;74.1;96.0;2026-05-20 20:51:04
3;2;SRV-DTIC-PROD;95.0;15.93;15.29;74.1;96.0;2026-05-20 20:51:04
3;2;SRV-DTIC-PROD;95.0;15.93;15.29;74.1;96.0;2026-05-20 20:51:04
3;2;SRV-DTIC-PROD;95.0;15.93;15.29;74.1;96.0;2026-05-20 20:51:04
3;2;SRV-DTIC-PROD;95.0;15.93;15.29;74.1;96.0;2026-05-20 20:51:04
3;2;SRV-DTIC-PROD;95.0;15.93;15.29;74.1;96.0;2026-05-20 20:51:04
3;2;SRV-DTIC-PROD;95.0;15.93;15.29;74.1;96.0;2026-05-20 20:51:04
3;2;SRV-DTIC-PROD;95.0;15.93;15.29;74.1;96.0;2026-05-20 20:51:04
3;2;SRV-DTIC-PROD;95.0;15.93;15.29;74.1;96.0;2026-05-20 20:51:04
3;2;SRV-DTIC-PROD;100.0;15.93;15.41;74.1;96.7;2026-05-20 20:51:24
3;2;SRV-DTIC-PROD;100.0;15.93;15.41;74.1;96.7;2026-05-20 20:51:24
3;2;SRV-DTIC-PROD;100.0;15.93;15.41;74.1;96.7;2026-05-20 20:51:24
3;2;SRV-DTIC-PROD;100.0;15.93;15.41;74.1;96.7;2026-05-20 20:51:24
3;2;SRV-DTIC-PROD;100.0;15.93;15.41;74.1;96.7;2026-05-20 20:51:24
3;2;SRV-DTIC-PROD;100.0;15.93;15.41;74.1;96.7;2026-05-20 20:51:24
3;2;SRV-DTIC-PROD;100.0;15.93;15.41;74.1;96.7;2026-05-20 20:51:24
3;2;SRV-DTIC-PROD;100.0;15.93;15.41;74.1;96.7;2026-05-20 20:51:24
3;2;SRV-DTIC-PROD;100.0;15.93;15.41;74.1;96.7;2026-05-20 20:51:24
3;2;SRV-DTIC-PROD;100.0;15.93;15.41;74.1;96.7;2026-05-20 20:51:24
3;2;SRV-DTIC-PROD;67.5;15.93;15.08;74.1;94.6;2026-05-20 20:51:40
3;2;SRV-DTIC-PROD;67.5;15.93;15.08;74.1;94.6;2026-05-20 20:51:40
3;2;SRV-DTIC-PROD;67.5;15.93;15.08;74.1;94.6;2026-05-20 20:51:40
3;2;SRV-DTIC-PROD;67.5;15.93;15.08;74.1;94.6;2026-05-20 20:51:40
3;2;SRV-DTIC-PROD;67.5;15.93;15.08;74.1;94.6;2026-05-20 20:51:40
3;2;SRV-DTIC-PROD;67.5;15.93;15.08;74.1;94.6;2026-05-20 20:51:40
3;2;SRV-DTIC-PROD;67.5;15.93;15.08;74.1;94.6;2026-05-20 20:51:40
3;2;SRV-DTIC-PROD;67.5;15.93;15.08;74.1;94.6;2026-05-20 20:51:40
3;2;SRV-DTIC-PROD;67.5;15.93;15.08;74.1;94.6;2026-05-20 20:51:40
3;2;SRV-DTIC-PROD;67.5;15.93;15.08;74.1;94.6;2026-05-20 20:51:40
3;2;SRV-DTIC-PROD;24.6;15.93;10.83;72.9;68.0;2026-05-20 20:51:55
3;2;SRV-DTIC-PROD;24.6;15.93;10.83;72.9;68.0;2026-05-20 20:51:55
3;2;SRV-DTIC-PROD;24.6;15.93;10.83;72.9;68.0;2026-05-20 20:51:55
3;2;SRV-DTIC-PROD;24.6;15.93;10.83;72.9;68.0;2026-05-20 20:51:55
3;2;SRV-DTIC-PROD;24.6;15.93;10.83;72.9;68.0;2026-05-20 20:51:55
3;2;SRV-DTIC-PROD;24.6;15.93;10.83;72.9;68.0;2026-05-20 20:51:55
3;2;SRV-DTIC-PROD;24.6;15.93;10.83;72.9;68.0;2026-05-20 20:51:55
3;2;SRV-DTIC-PROD;24.6;15.93;10.83;72.9;68.0;2026-05-20 20:51:55
3;2;SRV-DTIC-PROD;24.6;15.93;10.83;72.9;68.0;2026-05-20 20:51:55
3;2;SRV-DTIC-PROD;24.6;15.93;10.83;72.9;68.0;2026-05-20 20:51:55
3;2;SRV-DTIC-PROD;22.9;15.93;10.83;72.9;68.0;2026-05-20 20:52:10
3;2;SRV-DTIC-PROD;22.9;15.93;10.83;72.9;68.0;2026-05-20 20:52:10
3;2;SRV-DTIC-PROD;22.9;15.93;10.83;72.9;68.0;2026-05-20 20:52:10
3;2;SRV-DTIC-PROD;22.9;15.93;10.83;72.9;68.0;2026-05-20 20:52:10
3;2;SRV-DTIC-PROD;22.9;15.93;10.83;72.9;68.0;2026-05-20 20:52:10
3;2;SRV-DTIC-PROD;22.9;15.93;10.83;72.9;68.0;2026-05-20 20:52:10
3;2;SRV-DTIC-PROD;22.9;15.93;10.83;72.9;68.0;2026-05-20 20:52:10
3;2;SRV-DTIC-PROD;22.9;15.93;10.83;72.9;68.0;2026-05-20 20:52:10
3;2;SRV-DTIC-PROD;22.9;15.93;10.83;72.9;68.0;2026-05-20 20:52:10
3;2;SRV-DTIC-PROD;22.9;15.93;10.83;72.9;68.0;2026-05-20 20:52:10
3;2;SRV-DTIC-PROD;39.1;15.93;11.16;72.9;70.0;2026-05-20 20:52:24
3;2;SRV-DTIC-PROD;39.1;15.93;11.16;72.9;70.0;2026-05-20 20:52:24
3;2;SRV-DTIC-PROD;39.1;15.93;11.16;72.9;70.0;2026-05-20 20:52:24
3;2;SRV-DTIC-PROD;39.1;15.93;11.16;72.9;70.0;2026-05-20 20:52:24
3;2;SRV-DTIC-PROD;39.1;15.93;11.16;72.9;70.0;2026-05-20 20:52:24
3;2;SRV-DTIC-PROD;39.1;15.93;11.16;72.9;70.0;2026-05-20 20:52:24
3;2;SRV-DTIC-PROD;39.1;15.93;11.16;72.9;70.0;2026-05-20 20:52:24
3;2;SRV-DTIC-PROD;39.1;15.93;11.16;72.9;70.0;2026-05-20 20:52:24
3;2;SRV-DTIC-PROD;39.1;15.93;11.16;72.9;70.0;2026-05-20 20:52:24
3;2;SRV-DTIC-PROD;39.1;15.93;11.16;72.9;70.0;2026-05-20 20:52:24
3;2;SRV-DTIC-PROD;29.4;15.93;11.17;72.9;70.1;2026-05-20 20:52:39
3;2;SRV-DTIC-PROD;29.4;15.93;11.17;72.9;70.1;2026-05-20 20:52:39
3;2;SRV-DTIC-PROD;29.4;15.93;11.17;72.9;70.1;2026-05-20 20:52:39
3;2;SRV-DTIC-PROD;29.4;15.93;11.17;72.9;70.1;2026-05-20 20:52:39
3;2;SRV-DTIC-PROD;29.4;15.93;11.17;72.9;70.1;2026-05-20 20:52:39
3;2;SRV-DTIC-PROD;29.4;15.93;11.17;72.9;70.1;2026-05-20 20:52:39
3;2;SRV-DTIC-PROD;29.4;15.93;11.17;72.9;70.1;2026-05-20 20:52:39
3;2;SRV-DTIC-PROD;29.4;15.93;11.17;72.9;70.1;2026-05-20 20:52:39
3;2;SRV-DTIC-PROD;29.4;15.93;11.17;72.9;70.1;2026-05-20 20:52:39
3;2;SRV-DTIC-PROD;29.4;15.93;11.17;72.9;70.1;2026-05-20 20:52:39
3;2;SRV-DTIC-PROD;36.7;15.93;11.12;72.9;69.8;2026-05-20 20:52:54
3;2;SRV-DTIC-PROD;36.7;15.93;11.12;72.9;69.8;2026-05-20 20:52:54
3;2;SRV-DTIC-PROD;36.7;15.93;11.12;72.9;69.8;2026-05-20 20:52:54
3;2;SRV-DTIC-PROD;36.7;15.93;11.12;72.9;69.8;2026-05-20 20:52:54
3;2;SRV-DTIC-PROD;36.7;15.93;11.12;72.9;69.8;2026-05-20 20:52:54
3;2;SRV-DTIC-PROD;36.7;15.93;11.12;72.9;69.8;2026-05-20 20:52:54
3;2;SRV-DTIC-PROD;36.7;15.93;11.12;72.9;69.8;2026-05-20 20:52:54
3;2;SRV-DTIC-PROD;36.7;15.93;11.12;72.9;69.8;2026-05-20 20:52:54
3;2;SRV-DTIC-PROD;36.7;15.93;11.12;72.9;69.8;2026-05-20 20:52:54
3;2;SRV-DTIC-PROD;36.7;15.93;11.12;72.9;69.8;2026-05-20 20:52:54
3;2;SRV-DTIC-PROD;39.0;15.93;11.08;72.9;69.5;2026-05-20 20:53:08
3;2;SRV-DTIC-PROD;39.0;15.93;11.08;72.9;69.5;2026-05-20 20:53:08
3;2;SRV-DTIC-PROD;39.0;15.93;11.08;72.9;69.5;2026-05-20 20:53:08
3;2;SRV-DTIC-PROD;39.0;15.93;11.08;72.9;69.5;2026-05-20 20:53:08
3;2;SRV-DTIC-PROD;39.0;15.93;11.08;72.9;69.5;2026-05-20 20:53:08
3;2;SRV-DTIC-PROD;39.0;15.93;11.08;72.9;69.5;2026-05-20 20:53:08
3;2;SRV-DTIC-PROD;39.0;15.93;11.08;72.9;69.5;2026-05-20 20:53:08
3;2;SRV-DTIC-PROD;39.0;15.93;11.08;72.9;69.5;2026-05-20 20:53:08
3;2;SRV-DTIC-PROD;39.0;15.93;11.08;72.9;69.5;2026-05-20 20:53:08
3;2;SRV-DTIC-PROD;39.0;15.93;11.08;72.9;69.5;2026-05-20 20:53:08
3;2;SRV-DTIC-PROD;25.8;15.93;11.07;72.9;69.5;2026-05-20 20:53:23
3;2;SRV-DTIC-PROD;25.8;15.93;11.07;72.9;69.5;2026-05-20 20:53:23
3;2;SRV-DTIC-PROD;25.8;15.93;11.07;72.9;69.5;2026-05-20 20:53:23
3;2;SRV-DTIC-PROD;25.8;15.93;11.07;72.9;69.5;2026-05-20 20:53:23
3;2;SRV-DTIC-PROD;25.8;15.93;11.07;72.9;69.5;2026-05-20 20:53:23
3;2;SRV-DTIC-PROD;25.8;15.93;11.07;72.9;69.5;2026-05-20 20:53:23
3;2;SRV-DTIC-PROD;25.8;15.93;11.07;72.9;69.5;2026-05-20 20:53:23
3;2;SRV-DTIC-PROD;25.8;15.93;11.07;72.9;69.5;2026-05-20 20:53:23
3;2;SRV-DTIC-PROD;25.8;15.93;11.07;72.9;69.5;2026-05-20 20:53:23
3;2;SRV-DTIC-PROD;25.8;15.93;11.07;72.9;69.5;2026-05-20 20:53:23
3;2;SRV-DTIC-PROD;25.5;15.93;11.05;72.9;69.3;2026-05-20 20:53:37
3;2;SRV-DTIC-PROD;25.5;15.93;11.05;72.9;69.3;2026-05-20 20:53:37
3;2;SRV-DTIC-PROD;25.5;15.93;11.05;72.9;69.3;2026-05-20 20:53:37
3;2;SRV-DTIC-PROD;25.5;15.93;11.05;72.9;69.3;2026-05-20 20:53:37
3;2;SRV-DTIC-PROD;25.5;15.93;11.05;72.9;69.3;2026-05-20 20:53:37
3;2;SRV-DTIC-PROD;25.5;15.93;11.05;72.9;69.3;2026-05-20 20:53:37
3;2;SRV-DTIC-PROD;25.5;15.93;11.05;72.9;69.3;2026-05-20 20:53:37
3;2;SRV-DTIC-PROD;25.5;15.93;11.05;72.9;69.3;2026-05-20 20:53:37
3;2;SRV-DTIC-PROD;25.5;15.93;11.05;72.9;69.3;2026-05-20 20:53:37
3;2;SRV-DTIC-PROD;25.5;15.93;11.05;72.9;69.3;2026-05-20 20:53:37
3;2;SRV-DTIC-PROD;28.0;15.93;11.16;72.9;70.1;2026-05-20 20:53:52
3;2;SRV-DTIC-PROD;28.0;15.93;11.16;72.9;70.1;2026-05-20 20:53:52
3;2;SRV-DTIC-PROD;28.0;15.93;11.16;72.9;70.1;2026-05-20 20:53:52
3;2;SRV-DTIC-PROD;28.0;15.93;11.16;72.9;70.1;2026-05-20 20:53:52
3;2;SRV-DTIC-PROD;28.0;15.93;11.16;72.9;70.1;2026-05-20 20:53:52
3;2;SRV-DTIC-PROD;28.0;15.93;11.16;72.9;70.1;2026-05-20 20:53:52
3;2;SRV-DTIC-PROD;28.0;15.93;11.16;72.9;70.1;2026-05-20 20:53:52
3;2;SRV-DTIC-PROD;28.0;15.93;11.16;72.9;70.1;2026-05-20 20:53:52
3;2;SRV-DTIC-PROD;28.0;15.93;11.16;72.9;70.1;2026-05-20 20:53:52
3;2;SRV-DTIC-PROD;28.0;15.93;11.16;72.9;70.1;2026-05-20 20:53:52
3;2;SRV-DTIC-PROD;40.0;15.93;11.91;73.1;74.8;2026-05-20 20:54:07
3;2;SRV-DTIC-PROD;40.0;15.93;11.91;73.1;74.8;2026-05-20 20:54:07
3;2;SRV-DTIC-PROD;40.0;15.93;11.91;73.1;74.8;2026-05-20 20:54:07
3;2;SRV-DTIC-PROD;40.0;15.93;11.91;73.1;74.8;2026-05-20 20:54:07
3;2;SRV-DTIC-PROD;40.0;15.93;11.91;73.1;74.8;2026-05-20 20:54:07
3;2;SRV-DTIC-PROD;40.0;15.93;11.91;73.1;74.8;2026-05-20 20:54:07
3;2;SRV-DTIC-PROD;40.0;15.93;11.91;73.1;74.8;2026-05-20 20:54:07
3;2;SRV-DTIC-PROD;40.0;15.93;11.91;73.1;74.8;2026-05-20 20:54:07
3;2;SRV-DTIC-PROD;40.0;15.93;11.91;73.1;74.8;2026-05-20 20:54:07
3;2;SRV-DTIC-PROD;40.0;15.93;11.91;73.1;74.8;2026-05-20 20:54:07
3;2;SRV-DTIC-PROD;26.6;15.93;11.38;73.1;71.4;2026-05-20 20:54:23
3;2;SRV-DTIC-PROD;26.6;15.93;11.38;73.1;71.4;2026-05-20 20:54:23
3;2;SRV-DTIC-PROD;26.6;15.93;11.38;73.1;71.4;2026-05-20 20:54:23
3;2;SRV-DTIC-PROD;26.6;15.93;11.38;73.1;71.4;2026-05-20 20:54:23
3;2;SRV-DTIC-PROD;26.6;15.93;11.38;73.1;71.4;2026-05-20 20:54:23
3;2;SRV-DTIC-PROD;26.6;15.93;11.38;73.1;71.4;2026-05-20 20:54:23
3;2;SRV-DTIC-PROD;26.6;15.93;11.38;73.1;71.4;2026-05-20 20:54:23
3;2;SRV-DTIC-PROD;26.6;15.93;11.38;73.1;71.4;2026-05-20 20:54:23
3;2;SRV-DTIC-PROD;26.6;15.93;11.38;73.1;71.4;2026-05-20 20:54:23
3;2;SRV-DTIC-PROD;26.6;15.93;11.38;73.1;71.4;2026-05-20 20:54:23
3;2;SRV-DTIC-PROD;26.8;15.93;11.89;73.2;74.6;2026-05-20 20:54:39
3;2;SRV-DTIC-PROD;26.8;15.93;11.89;73.2;74.6;2026-05-20 20:54:39
3;2;SRV-DTIC-PROD;26.8;15.93;11.89;73.2;74.6;2026-05-20 20:54:39
3;2;SRV-DTIC-PROD;26.8;15.93;11.89;73.2;74.6;2026-05-20 20:54:39
3;2;SRV-DTIC-PROD;26.8;15.93;11.89;73.2;74.6;2026-05-20 20:54:39
3;2;SRV-DTIC-PROD;26.8;15.93;11.89;73.2;74.6;2026-05-20 20:54:39
3;2;SRV-DTIC-PROD;26.8;15.93;11.89;73.2;74.6;2026-05-20 20:54:39
3;2;SRV-DTIC-PROD;26.8;15.93;11.89;73.2;74.6;2026-05-20 20:54:39
3;2;SRV-DTIC-PROD;26.8;15.93;11.89;73.2;74.6;2026-05-20 20:54:39
3;2;SRV-DTIC-PROD;26.8;15.93;11.89;73.2;74.6;2026-05-20 20:54:39
3;2;SRV-DTIC-PROD;59.1;15.93;12.68;73.2;79.6;2026-05-20 20:54:54
3;2;SRV-DTIC-PROD;59.1;15.93;12.68;73.2;79.6;2026-05-20 20:54:54
3;2;SRV-DTIC-PROD;59.1;15.93;12.68;73.2;79.6;2026-05-20 20:54:54
3;2;SRV-DTIC-PROD;59.1;15.93;12.68;73.2;79.6;2026-05-20 20:54:54
3;2;SRV-DTIC-PROD;59.1;15.93;12.68;73.2;79.6;2026-05-20 20:54:54
3;2;SRV-DTIC-PROD;59.1;15.93;12.68;73.2;79.6;2026-05-20 20:54:54
3;2;SRV-DTIC-PROD;59.1;15.93;12.68;73.2;79.6;2026-05-20 20:54:54
3;2;SRV-DTIC-PROD;59.1;15.93;12.68;73.2;79.6;2026-05-20 20:54:54
3;2;SRV-DTIC-PROD;59.1;15.93;12.68;73.2;79.6;2026-05-20 20:54:54
3;2;SRV-DTIC-PROD;59.1;15.93;12.68;73.2;79.6;2026-05-20 20:54:54
3;2;SRV-DTIC-PROD;62.1;15.93;13.43;73.2;84.3;2026-05-20 20:55:10
3;2;SRV-DTIC-PROD;62.1;15.93;13.43;73.2;84.3;2026-05-20 20:55:10
3;2;SRV-DTIC-PROD;62.1;15.93;13.43;73.2;84.3;2026-05-20 20:55:10
3;2;SRV-DTIC-PROD;62.1;15.93;13.43;73.2;84.3;2026-05-20 20:55:10
3;2;SRV-DTIC-PROD;62.1;15.93;13.43;73.2;84.3;2026-05-20 20:55:10
3;2;SRV-DTIC-PROD;62.1;15.93;13.43;73.2;84.3;2026-05-20 20:55:10
3;2;SRV-DTIC-PROD;62.1;15.93;13.43;73.2;84.3;2026-05-20 20:55:10
3;2;SRV-DTIC-PROD;62.1;15.93;13.43;73.2;84.3;2026-05-20 20:55:10
3;2;SRV-DTIC-PROD;62.1;15.93;13.43;73.2;84.3;2026-05-20 20:55:10
3;2;SRV-DTIC-PROD;62.1;15.93;13.43;73.2;84.3;2026-05-20 20:55:10
3;2;SRV-DTIC-PROD;36.6;15.93;13.31;73.3;83.5;2026-05-20 20:55:25
3;2;SRV-DTIC-PROD;36.6;15.93;13.31;73.3;83.5;2026-05-20 20:55:25
3;2;SRV-DTIC-PROD;36.6;15.93;13.31;73.3;83.5;2026-05-20 20:55:25
3;2;SRV-DTIC-PROD;36.6;15.93;13.31;73.3;83.5;2026-05-20 20:55:25
3;2;SRV-DTIC-PROD;36.6;15.93;13.31;73.3;83.5;2026-05-20 20:55:25
3;2;SRV-DTIC-PROD;36.6;15.93;13.31;73.3;83.5;2026-05-20 20:55:25
3;2;SRV-DTIC-PROD;36.6;15.93;13.31;73.3;83.5;2026-05-20 20:55:25
3;2;SRV-DTIC-PROD;36.6;15.93;13.31;73.3;83.5;2026-05-20 20:55:25
3;2;SRV-DTIC-PROD;36.6;15.93;13.31;73.3;83.5;2026-05-20 20:55:25
3;2;SRV-DTIC-PROD;36.6;15.93;13.31;73.3;83.5;2026-05-20 20:55:25
3;2;SRV-DTIC-PROD;29.6;15.93;13.39;73.4;84.0;2026-05-20 20:55:40
3;2;SRV-DTIC-PROD;29.6;15.93;13.39;73.4;84.0;2026-05-20 20:55:40
3;2;SRV-DTIC-PROD;29.6;15.93;13.39;73.4;84.0;2026-05-20 20:55:40
3;2;SRV-DTIC-PROD;29.6;15.93;13.39;73.4;84.0;2026-05-20 20:55:40
3;2;SRV-DTIC-PROD;29.6;15.93;13.39;73.4;84.0;2026-05-20 20:55:40
3;2;SRV-DTIC-PROD;29.6;15.93;13.39;73.4;84.0;2026-05-20 20:55:40
3;2;SRV-DTIC-PROD;29.6;15.93;13.39;73.4;84.0;2026-05-20 20:55:40
3;2;SRV-DTIC-PROD;29.6;15.93;13.39;73.4;84.0;2026-05-20 20:55:40
3;2;SRV-DTIC-PROD;29.6;15.93;13.39;73.4;84.0;2026-05-20 20:55:40
3;2;SRV-DTIC-PROD;29.6;15.93;13.39;73.4;84.0;2026-05-20 20:55:40
3;2;SRV-DTIC-PROD;46.6;15.93;13.47;73.5;84.6;2026-05-20 20:55:54
3;2;SRV-DTIC-PROD;46.6;15.93;13.47;73.5;84.6;2026-05-20 20:55:54
3;2;SRV-DTIC-PROD;46.6;15.93;13.47;73.5;84.6;2026-05-20 20:55:54
3;2;SRV-DTIC-PROD;46.6;15.93;13.47;73.5;84.6;2026-05-20 20:55:54
3;2;SRV-DTIC-PROD;46.6;15.93;13.47;73.5;84.6;2026-05-20 20:55:54
3;2;SRV-DTIC-PROD;46.6;15.93;13.47;73.5;84.6;2026-05-20 20:55:54
3;2;SRV-DTIC-PROD;46.6;15.93;13.47;73.5;84.6;2026-05-20 20:55:54
3;2;SRV-DTIC-PROD;46.6;15.93;13.47;73.5;84.6;2026-05-20 20:55:54
3;2;SRV-DTIC-PROD;46.6;15.93;13.47;73.5;84.6;2026-05-20 20:55:54
3;2;SRV-DTIC-PROD;46.6;15.93;13.47;73.5;84.6;2026-05-20 20:55:54
3;2;SRV-DTIC-PROD;25.2;15.93;11.3;73.5;70.9;2026-05-20 20:56:10
3;2;SRV-DTIC-PROD;25.2;15.93;11.3;73.5;70.9;2026-05-20 20:56:10
3;2;SRV-DTIC-PROD;25.2;15.93;11.3;73.5;70.9;2026-05-20 20:56:10
3;2;SRV-DTIC-PROD;25.2;15.93;11.3;73.5;70.9;2026-05-20 20:56:10
3;2;SRV-DTIC-PROD;25.2;15.93;11.3;73.5;70.9;2026-05-20 20:56:10
3;2;SRV-DTIC-PROD;25.2;15.93;11.3;73.5;70.9;2026-05-20 20:56:10
3;2;SRV-DTIC-PROD;25.2;15.93;11.3;73.5;70.9;2026-05-20 20:56:10
3;2;SRV-DTIC-PROD;25.2;15.93;11.3;73.5;70.9;2026-05-20 20:56:10
3;2;SRV-DTIC-PROD;25.2;15.93;11.3;73.5;70.9;2026-05-20 20:56:10
3;2;SRV-DTIC-PROD;25.2;15.93;11.3;73.5;70.9;2026-05-20 20:56:10
3;2;SRV-DTIC-PROD;43.7;15.93;11.34;73.5;71.1;2026-05-20 20:56:24
3;2;SRV-DTIC-PROD;43.7;15.93;11.34;73.5;71.1;2026-05-20 20:56:24
3;2;SRV-DTIC-PROD;43.7;15.93;11.34;73.5;71.1;2026-05-20 20:56:24
3;2;SRV-DTIC-PROD;43.7;15.93;11.34;73.5;71.1;2026-05-20 20:56:24
3;2;SRV-DTIC-PROD;43.7;15.93;11.34;73.5;71.1;2026-05-20 20:56:24
3;2;SRV-DTIC-PROD;43.7;15.93;11.34;73.5;71.1;2026-05-20 20:56:24
3;2;SRV-DTIC-PROD;43.7;15.93;11.34;73.5;71.1;2026-05-20 20:56:24
3;2;SRV-DTIC-PROD;43.7;15.93;11.34;73.5;71.1;2026-05-20 20:56:24
3;2;SRV-DTIC-PROD;43.7;15.93;11.34;73.5;71.1;2026-05-20 20:56:24
3;2;SRV-DTIC-PROD;43.7;15.93;11.34;73.5;71.1;2026-05-20 20:56:24
5;2;luiz;1.6;15.78;15.12;82.1;95.8;2026-05-21 16:45:01
5;2;luiz;1.6;15.78;15.12;82.1;95.8;2026-05-21 16:45:01
5;2;luiz;1.6;15.78;15.12;82.1;95.8;2026-05-21 16:45:01
5;2;luiz;1.6;15.78;15.12;82.1;95.8;2026-05-21 16:45:01
5;2;luiz;1.6;15.78;15.12;82.1;95.8;2026-05-21 16:45:01
5;2;luiz;1.6;15.78;15.12;82.1;95.8;2026-05-21 16:45:01
5;2;luiz;1.6;15.78;15.12;82.1;95.8;2026-05-21 16:45:01
5;2;luiz;1.6;15.78;15.12;82.1;95.8;2026-05-21 16:45:01
5;2;luiz;1.6;15.78;15.12;82.1;95.8;2026-05-21 16:45:01
5;2;luiz;1.6;15.78;15.12;82.1;95.8;2026-05-21 16:45:01
5;2;luiz;4.0;15.78;15.31;82.1;97.0;2026-05-21 16:45:14
5;2;luiz;4.0;15.78;15.31;82.1;97.0;2026-05-21 16:45:14
5;2;luiz;4.0;15.78;15.31;82.1;97.0;2026-05-21 16:45:14
5;2;luiz;4.0;15.78;15.31;82.1;97.0;2026-05-21 16:45:14
5;2;luiz;4.0;15.78;15.31;82.1;97.0;2026-05-21 16:45:14
5;2;luiz;4.0;15.78;15.31;82.1;97.0;2026-05-21 16:45:14
5;2;luiz;4.0;15.78;15.31;82.1;97.0;2026-05-21 16:45:14
5;2;luiz;4.0;15.78;15.31;82.1;97.0;2026-05-21 16:45:14
5;2;luiz;4.0;15.78;15.31;82.1;97.0;2026-05-21 16:45:14
5;2;luiz;4.0;15.78;15.31;82.1;97.0;2026-05-21 16:45:14
