fk_empresa;id_servidor;home_broker;timestamp;metodo;endpoint;status_code;latencia_ms;jitter_ms;packet_loss_percent;upload_mbps;download_mbps;categoria
2;3;SRV-DTIC-PROD;20-05-2026 20:30:46;POST;/api/orders/validate;504;170;3.5;0.0;0.299;11.7946;ordens
2;3;SRV-DTIC-PROD;20-05-2026 20:30:46;POST;/api/risk/check;500;130;3.5;0.0;0.299;11.7946;trades
2;3;SRV-DTIC-PROD;20-05-2026 20:30:46;POST;/api/risk/check;500;130;3.5;0.0;0.299;11.7946;trades
2;3;SRV-DTIC-PROD;20-05-2026 20:30:46;GET;/api/trades/summary;200;3100;3.5;0.0;0.299;11.7946;trades
2;3;SRV-DTIC-PROD;20-05-2026 20:30:46;GET;/api/quotes/VALE3;200;2500;3.5;0.0;0.299;11.7946;trades
2;3;SRV-DTIC-PROD;20-05-2026 20:30:46;POST;/api/risk/check;500;130;3.5;0.0;0.299;11.7946;trades
2;3;SRV-DTIC-PROD;20-05-2026 20:30:46;GET;/api/account/balance;200;45;3.5;0.0;0.299;11.7946;financeiro
2;3;SRV-DTIC-PROD;20-05-2026 20:30:46;GET;/api/trades;500;2400;3.5;0.0;0.299;11.7946;trades
2;3;SRV-DTIC-PROD;20-05-2026 20:30:46;POST;/api/risk/check;500;130;3.5;0.0;0.299;11.7946;trades
2;3;SRV-DTIC-PROD;20-05-2026 20:30:46;GET;/api/portfolio;500;1900;3.5;0.0;0.299;11.7946;trades
2;3;SRV-DTIC-PROD;20-05-2026 20:31:03;DELETE;/api/orders/cancel;503;1000;4.75;0.0;0.2987;11.8005;ordens
2;3;SRV-DTIC-PROD;20-05-2026 20:31:03;DELETE;/api/orders/cancel;503;1000;4.75;0.0;0.2987;11.8005;ordens
2;3;SRV-DTIC-PROD;20-05-2026 20:31:03;GET;/api/trades;500;2400;4.75;0.0;0.2987;11.8005;trades
2;3;SRV-DTIC-PROD;20-05-2026 20:31:03;POST;/api/b3/orders;502;400;4.75;0.0;0.2987;11.8005;ordens
2;3;SRV-DTIC-PROD;20-05-2026 20:31:03;POST;/api/risk/check;500;130;4.75;0.0;0.2987;11.8005;trades
2;3;SRV-DTIC-PROD;20-05-2026 20:31:03;POST;/api/auth/logout;500;1800;4.75;0.0;0.2987;11.8005;trades
2;3;SRV-DTIC-PROD;20-05-2026 20:31:03;POST;/api/order-preview;503;800;4.75;0.0;0.2987;11.8005;trades
2;3;SRV-DTIC-PROD;20-05-2026 20:31:03;POST;/api/orders/sell;500;5000;4.75;0.0;0.2987;11.8005;ordens
2;3;SRV-DTIC-PROD;20-05-2026 20:31:03;GET;/api/quotes/VALE3;200;2500;4.75;0.0;0.2987;11.8005;trades
2;3;SRV-DTIC-PROD;20-05-2026 20:31:03;POST;/api/risk/check;500;130;4.75;0.0;0.2987;11.8005;trades
2;3;SRV-DTIC-PROD;20-05-2026 20:31:18;DELETE;/api/orders/cancel;503;1000;4.0;0.0;0.2953;11.8711;ordens
2;3;SRV-DTIC-PROD;20-05-2026 20:31:18;GET;/api/portfolio;500;1900;4.0;0.0;0.2953;11.8711;trades
2;3;SRV-DTIC-PROD;20-05-2026 20:31:18;POST;/api/risk/check;500;130;4.0;0.0;0.2953;11.8711;trades
2;3;SRV-DTIC-PROD;20-05-2026 20:31:18;GET;/api/quotes/PETR4;502;3000;4.0;0.0;0.2953;11.8711;trades
2;3;SRV-DTIC-PROD;20-05-2026 20:31:18;POST;/api/b3/orders;502;400;4.0;0.0;0.2953;11.8711;ordens
2;3;SRV-DTIC-PROD;20-05-2026 20:31:18;POST;/api/risk/check;500;130;4.0;0.0;0.2953;11.8711;trades
2;3;SRV-DTIC-PROD;20-05-2026 20:31:18;GET;/api/trades;500;2400;4.0;0.0;0.2953;11.8711;trades
2;3;SRV-DTIC-PROD;20-05-2026 20:31:18;GET;/api/b3/session-status;504;600;4.0;0.0;0.2953;11.8711;b3
2;3;SRV-DTIC-PROD;20-05-2026 20:31:18;POST;/api/order-preview;503;800;4.0;0.0;0.2953;11.8711;trades
2;3;SRV-DTIC-PROD;20-05-2026 20:31:18;POST;/api/deposits;504;2600;4.0;0.0;0.2953;11.8711;trades
2;3;SRV-DTIC-PROD;20-05-2026 20:31:37;POST;/api/b3/orders;502;400;9.0;0.0;0.3114;11.8514;ordens
2;3;SRV-DTIC-PROD;20-05-2026 20:31:37;POST;/api/order-preview;503;800;9.0;0.0;0.3114;11.8514;trades
2;3;SRV-DTIC-PROD;20-05-2026 20:31:37;POST;/api/order-preview;503;800;9.0;0.0;0.3114;11.8514;trades
2;3;SRV-DTIC-PROD;20-05-2026 20:31:37;POST;/api/risk/check;500;130;9.0;0.0;0.3114;11.8514;trades
2;3;SRV-DTIC-PROD;20-05-2026 20:31:37;POST;/api/auth/login;200;1200;9.0;0.0;0.3114;11.8514;trades
2;3;SRV-DTIC-PROD;20-05-2026 20:31:37;GET;/api/portfolio/performance;200;2800;9.0;0.0;0.3114;11.8514;trades
2;3;SRV-DTIC-PROD;20-05-2026 20:31:37;POST;/api/deposits;504;2600;9.0;0.0;0.3114;11.8514;trades
2;3;SRV-DTIC-PROD;20-05-2026 20:31:37;GET;/api/b3/session-status;504;600;9.0;0.0;0.3114;11.8514;b3
2;3;SRV-DTIC-PROD;20-05-2026 20:31:37;GET;/api/trades/summary;200;3100;9.0;0.0;0.3114;11.8514;trades
2;3;SRV-DTIC-PROD;20-05-2026 20:31:37;POST;/api/b3/orders;502;400;9.0;0.0;0.3114;11.8514;ordens
2;3;SRV-DTIC-PROD;20-05-2026 20:31:55;POST;/api/risk/check;500;130;6.25;0.0;0.3164;11.8155;trades
2;3;SRV-DTIC-PROD;20-05-2026 20:31:55;DELETE;/api/orders/cancel;503;1000;6.25;0.0;0.3164;11.8155;ordens
2;3;SRV-DTIC-PROD;20-05-2026 20:31:55;GET;/api/trades/summary;200;3100;6.25;0.0;0.3164;11.8155;trades
2;3;SRV-DTIC-PROD;20-05-2026 20:31:55;DELETE;/api/orders/cancel;503;1000;6.25;0.0;0.3164;11.8155;ordens
2;3;SRV-DTIC-PROD;20-05-2026 20:31:55;POST;/api/risk/check;500;130;6.25;0.0;0.3164;11.8155;trades
2;3;SRV-DTIC-PROD;20-05-2026 20:31:55;POST;/api/deposits;504;2600;6.25;0.0;0.3164;11.8155;trades
2;3;SRV-DTIC-PROD;20-05-2026 20:31:55;POST;/api/order-preview;503;800;6.25;0.0;0.3164;11.8155;trades
2;3;SRV-DTIC-PROD;20-05-2026 20:31:55;POST;/api/auth/refresh-token;502;60;6.25;0.0;0.3164;11.8155;trades
2;3;SRV-DTIC-PROD;20-05-2026 20:31:55;GET;/api/portfolio/performance;200;2800;6.25;0.0;0.3164;11.8155;trades
2;3;SRV-DTIC-PROD;20-05-2026 20:31:55;POST;/api/order-preview;503;800;6.25;0.0;0.3164;11.8155;trades
2;3;SRV-DTIC-PROD;20-05-2026 20:32:10;GET;/api/portfolio/performance;200;2800;9.75;0.0;0.2983;11.7915;trades
2;3;SRV-DTIC-PROD;20-05-2026 20:32:10;POST;/api/orders/buy;201;1300;9.75;0.0;0.2983;11.7915;ordens
2;3;SRV-DTIC-PROD;20-05-2026 20:32:10;POST;/api/risk/check;500;130;9.75;0.0;0.2983;11.7915;trades
2;3;SRV-DTIC-PROD;20-05-2026 20:32:10;POST;/api/risk/check;500;130;9.75;0.0;0.2983;11.7915;trades
2;3;SRV-DTIC-PROD;20-05-2026 20:32:10;POST;/api/risk/check;500;130;9.75;0.0;0.2983;11.7915;trades
2;3;SRV-DTIC-PROD;20-05-2026 20:32:10;DELETE;/api/orders/cancel;503;1000;9.75;0.0;0.2983;11.7915;ordens
2;3;SRV-DTIC-PROD;20-05-2026 20:32:10;POST;/api/deposits;504;2600;9.75;0.0;0.2983;11.7915;trades
2;3;SRV-DTIC-PROD;20-05-2026 20:32:10;GET;/api/quotes/VALE3;200;2500;9.75;0.0;0.2983;11.7915;trades
2;3;SRV-DTIC-PROD;20-05-2026 20:32:10;GET;/api/trades/summary;200;3100;9.75;0.0;0.2983;11.7915;trades
2;3;SRV-DTIC-PROD;20-05-2026 20:32:10;POST;/api/auth/login;200;1200;9.75;0.0;0.2983;11.7915;trades
2;3;SRV-DTIC-PROD;20-05-2026 20:32:26;GET;/api/b3/session-status;504;600;1.75;0.0;0.2995;11.8582;b3
2;3;SRV-DTIC-PROD;20-05-2026 20:32:26;POST;/api/deposits;504;2600;1.75;0.0;0.2995;11.8582;trades
2;3;SRV-DTIC-PROD;20-05-2026 20:32:26;GET;/api/market/orderbook/PETR4;504;3200;1.75;0.0;0.2995;11.8582;mercado
2;3;SRV-DTIC-PROD;20-05-2026 20:32:26;POST;/api/orders/sell;500;5000;1.75;0.0;0.2995;11.8582;ordens
2;3;SRV-DTIC-PROD;20-05-2026 20:32:26;GET;/api/portfolio;500;1900;1.75;0.0;0.2995;11.8582;trades
2;3;SRV-DTIC-PROD;20-05-2026 20:32:26;GET;/api/trades/summary;200;3100;1.75;0.0;0.2995;11.8582;trades
2;3;SRV-DTIC-PROD;20-05-2026 20:32:26;GET;/api/market/orderbook/PETR4;504;3200;1.75;0.0;0.2995;11.8582;mercado
2;3;SRV-DTIC-PROD;20-05-2026 20:32:26;GET;/api/b3/session-status;504;600;1.75;0.0;0.2995;11.8582;b3
2;3;SRV-DTIC-PROD;20-05-2026 20:32:26;POST;/api/deposits;504;2600;1.75;0.0;0.2995;11.8582;trades
2;3;SRV-DTIC-PROD;20-05-2026 20:32:26;GET;/api/market/news;200;700;1.75;0.0;0.2995;11.8582;mercado
2;3;SRV-DTIC-PROD;20-05-2026 20:32:44;GET;/api/portfolio;500;1900;24.5;0.0;0.3009;11.8369;trades
2;3;SRV-DTIC-PROD;20-05-2026 20:32:44;GET;/api/account/balance;200;45;24.5;0.0;0.3009;11.8369;financeiro
2;3;SRV-DTIC-PROD;20-05-2026 20:32:44;GET;/api/b3/session-status;504;600;24.5;0.0;0.3009;11.8369;b3
2;3;SRV-DTIC-PROD;20-05-2026 20:32:44;GET;/api/portfolio/performance;200;2800;24.5;0.0;0.3009;11.8369;trades
2;3;SRV-DTIC-PROD;20-05-2026 20:32:44;GET;/api/quotes/PETR4;502;3000;24.5;0.0;0.3009;11.8369;trades
2;3;SRV-DTIC-PROD;20-05-2026 20:32:44;POST;/api/deposits;504;2600;24.5;0.0;0.3009;11.8369;trades
2;3;SRV-DTIC-PROD;20-05-2026 20:32:44;POST;/api/deposits;504;2600;24.5;0.0;0.3009;11.8369;trades
2;3;SRV-DTIC-PROD;20-05-2026 20:32:44;GET;/api/quotes/PETR4;502;3000;24.5;0.0;0.3009;11.8369;trades
2;3;SRV-DTIC-PROD;20-05-2026 20:32:44;POST;/api/orders/validate;504;170;24.5;0.0;0.3009;11.8369;ordens
2;3;SRV-DTIC-PROD;20-05-2026 20:32:44;POST;/api/deposits;504;2600;24.5;0.0;0.3009;11.8369;trades
2;3;SRV-DTIC-PROD;20-05-2026 20:33:00;GET;/api/portfolio;500;1900;5.5;0.0;0.3067;11.8259;trades
2;3;SRV-DTIC-PROD;20-05-2026 20:33:00;POST;/api/orders/validate;504;170;5.5;0.0;0.3067;11.8259;ordens
2;3;SRV-DTIC-PROD;20-05-2026 20:33:00;POST;/api/orders/validate;504;170;5.5;0.0;0.3067;11.8259;ordens
2;3;SRV-DTIC-PROD;20-05-2026 20:33:00;POST;/api/risk/check;500;130;5.5;0.0;0.3067;11.8259;trades
2;3;SRV-DTIC-PROD;20-05-2026 20:33:00;GET;/api/market/news;200;700;5.5;0.0;0.3067;11.8259;mercado
2;3;SRV-DTIC-PROD;20-05-2026 20:33:00;POST;/api/deposits;504;2600;5.5;0.0;0.3067;11.8259;trades
2;3;SRV-DTIC-PROD;20-05-2026 20:33:00;POST;/api/orders/buy;201;1300;5.5;0.0;0.3067;11.8259;ordens
2;3;SRV-DTIC-PROD;20-05-2026 20:33:00;GET;/api/b3/session-status;504;600;5.5;0.0;0.3067;11.8259;b3
2;3;SRV-DTIC-PROD;20-05-2026 20:33:00;GET;/api/trades;500;2400;5.5;0.0;0.3067;11.8259;trades
2;3;SRV-DTIC-PROD;20-05-2026 20:33:00;GET;/api/b3/session-status;504;600;5.5;0.0;0.3067;11.8259;b3
2;3;SRV-DTIC-PROD;20-05-2026 20:33:15;GET;/api/market/orderbook/PETR4;504;3200;6.0;0.0;0.3097;11.883;mercado
2;3;SRV-DTIC-PROD;20-05-2026 20:33:15;GET;/api/b3/session-status;504;600;6.0;0.0;0.3097;11.883;b3
2;3;SRV-DTIC-PROD;20-05-2026 20:33:15;GET;/api/b3/session-status;504;600;6.0;0.0;0.3097;11.883;b3
2;3;SRV-DTIC-PROD;20-05-2026 20:33:15;POST;/api/order-preview;503;800;6.0;0.0;0.3097;11.883;trades
2;3;SRV-DTIC-PROD;20-05-2026 20:33:15;GET;/api/quotes/VALE3;200;2500;6.0;0.0;0.3097;11.883;trades
2;3;SRV-DTIC-PROD;20-05-2026 20:33:15;POST;/api/risk/check;500;130;6.0;0.0;0.3097;11.883;trades
2;3;SRV-DTIC-PROD;20-05-2026 20:33:15;POST;/api/auth/logout;500;1800;6.0;0.0;0.3097;11.883;trades
2;3;SRV-DTIC-PROD;20-05-2026 20:33:15;GET;/api/portfolio;500;1900;6.0;0.0;0.3097;11.883;trades
2;3;SRV-DTIC-PROD;20-05-2026 20:33:15;POST;/api/deposits;504;2600;6.0;0.0;0.3097;11.883;trades
2;3;SRV-DTIC-PROD;20-05-2026 20:33:15;POST;/api/auth/logout;500;1800;6.0;0.0;0.3097;11.883;trades
2;3;SRV-DTIC-PROD;20-05-2026 20:33:31;POST;/api/auth/2fa/verify;503;900;17.25;0.0;0.2957;11.7797;trades
2;3;SRV-DTIC-PROD;20-05-2026 20:33:31;GET;/api/b3/session-status;504;600;17.25;0.0;0.2957;11.7797;b3
2;3;SRV-DTIC-PROD;20-05-2026 20:33:31;POST;/api/deposits;504;2600;17.25;0.0;0.2957;11.7797;trades
2;3;SRV-DTIC-PROD;20-05-2026 20:33:31;POST;/api/b3/orders;502;400;17.25;0.0;0.2957;11.7797;ordens
2;3;SRV-DTIC-PROD;20-05-2026 20:33:31;GET;/api/quotes/VALE3;200;2500;17.25;0.0;0.2957;11.7797;trades
2;3;SRV-DTIC-PROD;20-05-2026 20:33:31;POST;/api/risk/check;500;130;17.25;0.0;0.2957;11.7797;trades
2;3;SRV-DTIC-PROD;20-05-2026 20:33:31;GET;/api/quotes/VALE3;200;2500;17.25;0.0;0.2957;11.7797;trades
2;3;SRV-DTIC-PROD;20-05-2026 20:33:31;GET;/api/quotes/VALE3;200;2500;17.25;0.0;0.2957;11.7797;trades
2;3;SRV-DTIC-PROD;20-05-2026 20:33:31;POST;/api/deposits;504;2600;17.25;0.0;0.2957;11.7797;trades
2;3;SRV-DTIC-PROD;20-05-2026 20:33:31;POST;/api/deposits;504;2600;17.25;0.0;0.2957;11.7797;trades
2;3;SRV-DTIC-PROD;20-05-2026 20:33:47;POST;/api/risk/check;500;130;5.25;0.0;0.3019;11.785;trades
2;3;SRV-DTIC-PROD;20-05-2026 20:33:47;GET;/api/portfolio;500;1900;5.25;0.0;0.3019;11.785;trades
2;3;SRV-DTIC-PROD;20-05-2026 20:33:47;GET;/api/portfolio/performance;200;2800;5.25;0.0;0.3019;11.785;trades
2;3;SRV-DTIC-PROD;20-05-2026 20:33:47;GET;/api/trades/summary;200;3100;5.25;0.0;0.3019;11.785;trades
2;3;SRV-DTIC-PROD;20-05-2026 20:33:47;POST;/api/b3/orders;502;400;5.25;0.0;0.3019;11.785;ordens
2;3;SRV-DTIC-PROD;20-05-2026 20:33:47;GET;/api/portfolio/performance;200;2800;5.25;0.0;0.3019;11.785;trades
2;3;SRV-DTIC-PROD;20-05-2026 20:33:47;POST;/api/orders/validate;504;170;5.25;0.0;0.3019;11.785;ordens
2;3;SRV-DTIC-PROD;20-05-2026 20:33:47;POST;/api/risk/check;500;130;5.25;0.0;0.3019;11.785;trades
2;3;SRV-DTIC-PROD;20-05-2026 20:33:47;GET;/api/account/balance;200;45;5.25;0.0;0.3019;11.785;financeiro
2;3;SRV-DTIC-PROD;20-05-2026 20:33:47;GET;/api/b3/session-status;504;600;5.25;0.0;0.3019;11.785;b3
2;3;SRV-DTIC-PROD;20-05-2026 20:34:02;GET;/api/portfolio;500;1900;10.0;0.0;0.2978;11.8355;trades
2;3;SRV-DTIC-PROD;20-05-2026 20:34:02;POST;/api/order-preview;503;800;10.0;0.0;0.2978;11.8355;trades
2;3;SRV-DTIC-PROD;20-05-2026 20:34:02;GET;/api/trades;500;2400;10.0;0.0;0.2978;11.8355;trades
2;3;SRV-DTIC-PROD;20-05-2026 20:34:02;POST;/api/auth/login;200;1200;10.0;0.0;0.2978;11.8355;trades
2;3;SRV-DTIC-PROD;20-05-2026 20:34:02;GET;/api/trades;500;2400;10.0;0.0;0.2978;11.8355;trades
2;3;SRV-DTIC-PROD;20-05-2026 20:34:02;GET;/api/trades/summary;200;3100;10.0;0.0;0.2978;11.8355;trades
2;3;SRV-DTIC-PROD;20-05-2026 20:34:02;POST;/api/order-preview;503;800;10.0;0.0;0.2978;11.8355;trades
2;3;SRV-DTIC-PROD;20-05-2026 20:34:02;POST;/api/deposits;504;2600;10.0;0.0;0.2978;11.8355;trades
2;3;SRV-DTIC-PROD;20-05-2026 20:34:02;POST;/api/auth/2fa/verify;503;900;10.0;0.0;0.2978;11.8355;trades
2;3;SRV-DTIC-PROD;20-05-2026 20:34:02;GET;/api/market/orderbook/PETR4;504;3200;10.0;0.0;0.2978;11.8355;mercado
2;3;SRV-DTIC-PROD;20-05-2026 20:34:18;GET;/api/quotes/PETR4;502;3000;2.75;0.0;0.3038;11.841;trades
2;3;SRV-DTIC-PROD;20-05-2026 20:34:18;POST;/api/auth/2fa/verify;503;900;2.75;0.0;0.3038;11.841;trades
2;3;SRV-DTIC-PROD;20-05-2026 20:34:18;POST;/api/orders/buy;201;1300;2.75;0.0;0.3038;11.841;ordens
2;3;SRV-DTIC-PROD;20-05-2026 20:34:18;POST;/api/risk/check;500;130;2.75;0.0;0.3038;11.841;trades
2;3;SRV-DTIC-PROD;20-05-2026 20:34:18;DELETE;/api/orders/cancel;503;1000;2.75;0.0;0.3038;11.841;ordens
2;3;SRV-DTIC-PROD;20-05-2026 20:34:18;GET;/api/account/balance;200;45;2.75;0.0;0.3038;11.841;financeiro
2;3;SRV-DTIC-PROD;20-05-2026 20:34:18;DELETE;/api/orders/cancel;503;1000;2.75;0.0;0.3038;11.841;ordens
2;3;SRV-DTIC-PROD;20-05-2026 20:34:18;POST;/api/deposits;504;2600;2.75;0.0;0.3038;11.841;trades
2;3;SRV-DTIC-PROD;20-05-2026 20:34:18;POST;/api/orders/validate;504;170;2.75;0.0;0.3038;11.841;ordens
2;3;SRV-DTIC-PROD;20-05-2026 20:34:18;GET;/api/quotes/VALE3;200;2500;2.75;0.0;0.3038;11.841;trades
2;3;SRV-DTIC-PROD;20-05-2026 20:34:34;GET;/api/portfolio;500;1900;16.0;0.0;0.3773;11.8379;trades
2;3;SRV-DTIC-PROD;20-05-2026 20:34:34;POST;/api/auth/login;200;1200;16.0;0.0;0.3773;11.8379;trades
2;3;SRV-DTIC-PROD;20-05-2026 20:34:34;POST;/api/orders/validate;504;170;16.0;0.0;0.3773;11.8379;ordens
2;3;SRV-DTIC-PROD;20-05-2026 20:34:34;GET;/api/account/balance;200;45;16.0;0.0;0.3773;11.8379;financeiro
2;3;SRV-DTIC-PROD;20-05-2026 20:34:34;GET;/api/trades;500;2400;16.0;0.0;0.3773;11.8379;trades
2;3;SRV-DTIC-PROD;20-05-2026 20:34:34;GET;/api/portfolio;500;1900;16.0;0.0;0.3773;11.8379;trades
2;3;SRV-DTIC-PROD;20-05-2026 20:34:34;GET;/api/trades;500;2400;16.0;0.0;0.3773;11.8379;trades
2;3;SRV-DTIC-PROD;20-05-2026 20:34:34;GET;/api/trades/summary;200;3100;16.0;0.0;0.3773;11.8379;trades
2;3;SRV-DTIC-PROD;20-05-2026 20:34:34;POST;/api/order-preview;503;800;16.0;0.0;0.3773;11.8379;trades
2;3;SRV-DTIC-PROD;20-05-2026 20:34:34;GET;/api/trades/summary;200;3100;16.0;0.0;0.3773;11.8379;trades
2;3;SRV-DTIC-PROD;20-05-2026 20:34:53;GET;/api/portfolio;500;1900;19.75;0.0;0.3105;11.7885;trades
2;3;SRV-DTIC-PROD;20-05-2026 20:34:53;POST;/api/auth/login;200;1200;19.75;0.0;0.3105;11.7885;trades
2;3;SRV-DTIC-PROD;20-05-2026 20:34:53;GET;/api/quotes/VALE3;200;2500;19.75;0.0;0.3105;11.7885;trades
2;3;SRV-DTIC-PROD;20-05-2026 20:34:53;GET;/api/trades/summary;200;3100;19.75;0.0;0.3105;11.7885;trades
2;3;SRV-DTIC-PROD;20-05-2026 20:34:53;GET;/api/trades;500;2400;19.75;0.0;0.3105;11.7885;trades
2;3;SRV-DTIC-PROD;20-05-2026 20:34:53;GET;/api/market/orderbook/PETR4;504;3200;19.75;0.0;0.3105;11.7885;mercado
2;3;SRV-DTIC-PROD;20-05-2026 20:34:53;POST;/api/orders/buy;201;1300;19.75;0.0;0.3105;11.7885;ordens
2;3;SRV-DTIC-PROD;20-05-2026 20:34:53;GET;/api/portfolio/performance;200;2800;19.75;0.0;0.3105;11.7885;trades
2;3;SRV-DTIC-PROD;20-05-2026 20:34:53;GET;/api/quotes/VALE3;200;2500;19.75;0.0;0.3105;11.7885;trades
2;3;SRV-DTIC-PROD;20-05-2026 20:34:53;GET;/api/market/orderbook/PETR4;504;3200;19.75;0.0;0.3105;11.7885;mercado
2;3;SRV-DTIC-PROD;20-05-2026 20:35:09;GET;/api/market/orderbook/PETR4;504;3200;2.5;0.0;0.3131;11.7885;mercado
2;3;SRV-DTIC-PROD;20-05-2026 20:35:09;POST;/api/orders/validate;504;170;2.5;0.0;0.3131;11.7885;ordens
2;3;SRV-DTIC-PROD;20-05-2026 20:35:09;POST;/api/deposits;504;2600;2.5;0.0;0.3131;11.7885;trades
2;3;SRV-DTIC-PROD;20-05-2026 20:35:09;GET;/api/trades;500;2400;2.5;0.0;0.3131;11.7885;trades
2;3;SRV-DTIC-PROD;20-05-2026 20:35:09;GET;/api/trades/summary;200;3100;2.5;0.0;0.3131;11.7885;trades
2;3;SRV-DTIC-PROD;20-05-2026 20:35:09;POST;/api/deposits;504;2600;2.5;0.0;0.3131;11.7885;trades
2;3;SRV-DTIC-PROD;20-05-2026 20:35:09;POST;/api/deposits;504;2600;2.5;0.0;0.3131;11.7885;trades
2;3;SRV-DTIC-PROD;20-05-2026 20:35:09;POST;/api/risk/check;500;130;2.5;0.0;0.3131;11.7885;trades
2;3;SRV-DTIC-PROD;20-05-2026 20:35:09;POST;/api/orders/validate;504;170;2.5;0.0;0.3131;11.7885;ordens
2;3;SRV-DTIC-PROD;20-05-2026 20:35:09;GET;/api/b3/session-status;504;600;2.5;0.0;0.3131;11.7885;b3
2;3;SRV-DTIC-PROD;20-05-2026 20:35:25;POST;/api/orders/validate;504;170;2.75;0.0;0.2993;11.8108;ordens
2;3;SRV-DTIC-PROD;20-05-2026 20:35:25;POST;/api/orders/sell;500;5000;2.75;0.0;0.2993;11.8108;ordens
2;3;SRV-DTIC-PROD;20-05-2026 20:35:25;POST;/api/risk/check;500;130;2.75;0.0;0.2993;11.8108;trades
2;3;SRV-DTIC-PROD;20-05-2026 20:35:25;POST;/api/auth/2fa/verify;503;900;2.75;0.0;0.2993;11.8108;trades
2;3;SRV-DTIC-PROD;20-05-2026 20:35:25;POST;/api/order-preview;503;800;2.75;0.0;0.2993;11.8108;trades
2;3;SRV-DTIC-PROD;20-05-2026 20:35:25;POST;/api/orders/buy;201;1300;2.75;0.0;0.2993;11.8108;ordens
2;3;SRV-DTIC-PROD;20-05-2026 20:35:25;POST;/api/risk/check;500;130;2.75;0.0;0.2993;11.8108;trades
2;3;SRV-DTIC-PROD;20-05-2026 20:35:25;GET;/api/b3/session-status;504;600;2.75;0.0;0.2993;11.8108;b3
2;3;SRV-DTIC-PROD;20-05-2026 20:35:25;POST;/api/order-preview;503;800;2.75;0.0;0.2993;11.8108;trades
2;3;SRV-DTIC-PROD;20-05-2026 20:35:25;GET;/api/b3/session-status;504;600;2.75;0.0;0.2993;11.8108;b3
2;3;SRV-DTIC-PROD;20-05-2026 20:35:40;POST;/api/deposits;504;2600;2.0;0.0;0.3027;11.7879;trades
2;3;SRV-DTIC-PROD;20-05-2026 20:35:40;POST;/api/risk/check;500;130;2.0;0.0;0.3027;11.7879;trades
2;3;SRV-DTIC-PROD;20-05-2026 20:35:40;POST;/api/orders/sell;500;5000;2.0;0.0;0.3027;11.7879;ordens
2;3;SRV-DTIC-PROD;20-05-2026 20:35:40;POST;/api/risk/check;500;130;2.0;0.0;0.3027;11.7879;trades
2;3;SRV-DTIC-PROD;20-05-2026 20:35:40;GET;/api/account/balance;200;45;2.0;0.0;0.3027;11.7879;financeiro
2;3;SRV-DTIC-PROD;20-05-2026 20:35:40;POST;/api/order-preview;503;800;2.0;0.0;0.3027;11.7879;trades
2;3;SRV-DTIC-PROD;20-05-2026 20:35:40;GET;/api/b3/session-status;504;600;2.0;0.0;0.3027;11.7879;b3
2;3;SRV-DTIC-PROD;20-05-2026 20:35:40;GET;/api/trades/summary;200;3100;2.0;0.0;0.3027;11.7879;trades
2;3;SRV-DTIC-PROD;20-05-2026 20:35:40;GET;/api/account/balance;200;45;2.0;0.0;0.3027;11.7879;financeiro
2;3;SRV-DTIC-PROD;20-05-2026 20:35:40;POST;/api/order-preview;503;800;2.0;0.0;0.3027;11.7879;trades
2;3;SRV-DTIC-PROD;20-05-2026 20:35:56;POST;/api/auth/login;200;1200;16.0;0.0;0.304;11.7786;trades
2;3;SRV-DTIC-PROD;20-05-2026 20:35:56;GET;/api/trades;500;2400;16.0;0.0;0.304;11.7786;trades
2;3;SRV-DTIC-PROD;20-05-2026 20:35:56;POST;/api/auth/2fa/verify;503;900;16.0;0.0;0.304;11.7786;trades
2;3;SRV-DTIC-PROD;20-05-2026 20:35:56;GET;/api/portfolio;500;1900;16.0;0.0;0.304;11.7786;trades
2;3;SRV-DTIC-PROD;20-05-2026 20:35:56;DELETE;/api/orders/cancel;503;1000;16.0;0.0;0.304;11.7786;ordens
2;3;SRV-DTIC-PROD;20-05-2026 20:35:56;DELETE;/api/orders/cancel;503;1000;16.0;0.0;0.304;11.7786;ordens
2;3;SRV-DTIC-PROD;20-05-2026 20:35:56;POST;/api/deposits;504;2600;16.0;0.0;0.304;11.7786;trades
2;3;SRV-DTIC-PROD;20-05-2026 20:35:56;POST;/api/auth/2fa/verify;503;900;16.0;0.0;0.304;11.7786;trades
2;3;SRV-DTIC-PROD;20-05-2026 20:35:56;POST;/api/deposits;504;2600;16.0;0.0;0.304;11.7786;trades
2;3;SRV-DTIC-PROD;20-05-2026 20:35:56;DELETE;/api/orders/cancel;503;1000;16.0;0.0;0.304;11.7786;ordens
2;3;SRV-DTIC-PROD;20-05-2026 20:36:11;GET;/api/portfolio;500;1900;10.25;0.0;0.4352;11.8406;trades
2;3;SRV-DTIC-PROD;20-05-2026 20:36:11;POST;/api/order-preview;503;800;10.25;0.0;0.4352;11.8406;trades
2;3;SRV-DTIC-PROD;20-05-2026 20:36:11;GET;/api/account/balance;200;45;10.25;0.0;0.4352;11.8406;financeiro
2;3;SRV-DTIC-PROD;20-05-2026 20:36:11;GET;/api/account/balance;200;45;10.25;0.0;0.4352;11.8406;financeiro
2;3;SRV-DTIC-PROD;20-05-2026 20:36:11;POST;/api/orders/buy;201;1300;10.25;0.0;0.4352;11.8406;ordens
2;3;SRV-DTIC-PROD;20-05-2026 20:36:11;DELETE;/api/orders/cancel;503;1000;10.25;0.0;0.4352;11.8406;ordens
2;3;SRV-DTIC-PROD;20-05-2026 20:36:11;POST;/api/order-preview;503;800;10.25;0.0;0.4352;11.8406;trades
2;3;SRV-DTIC-PROD;20-05-2026 20:36:11;GET;/api/quotes/VALE3;200;2500;10.25;0.0;0.4352;11.8406;trades
2;3;SRV-DTIC-PROD;20-05-2026 20:36:11;GET;/api/portfolio/performance;200;2800;10.25;0.0;0.4352;11.8406;trades
2;3;SRV-DTIC-PROD;20-05-2026 20:36:11;POST;/api/order-preview;503;800;10.25;0.0;0.4352;11.8406;trades
2;3;SRV-DTIC-PROD;20-05-2026 20:36:27;POST;/api/risk/check;500;130;6.75;0.0;0.3142;11.8381;trades
2;3;SRV-DTIC-PROD;20-05-2026 20:36:27;POST;/api/risk/check;500;130;6.75;0.0;0.3142;11.8381;trades
2;3;SRV-DTIC-PROD;20-05-2026 20:36:27;DELETE;/api/orders/cancel;503;1000;6.75;0.0;0.3142;11.8381;ordens
2;3;SRV-DTIC-PROD;20-05-2026 20:36:27;POST;/api/orders/sell;500;5000;6.75;0.0;0.3142;11.8381;ordens
2;3;SRV-DTIC-PROD;20-05-2026 20:36:27;POST;/api/deposits;504;2600;6.75;0.0;0.3142;11.8381;trades
2;3;SRV-DTIC-PROD;20-05-2026 20:36:27;DELETE;/api/orders/cancel;503;1000;6.75;0.0;0.3142;11.8381;ordens
2;3;SRV-DTIC-PROD;20-05-2026 20:36:27;POST;/api/risk/check;500;130;6.75;0.0;0.3142;11.8381;trades
2;3;SRV-DTIC-PROD;20-05-2026 20:36:27;GET;/api/quotes/PETR4;502;3000;6.75;0.0;0.3142;11.8381;trades
2;3;SRV-DTIC-PROD;20-05-2026 20:36:27;GET;/api/trades/summary;200;3100;6.75;0.0;0.3142;11.8381;trades
2;3;SRV-DTIC-PROD;20-05-2026 20:36:27;GET;/api/portfolio;500;1900;6.75;0.0;0.3142;11.8381;trades
2;3;SRV-DTIC-PROD;20-05-2026 20:36:43;POST;/api/b3/orders;502;400;74.75;0.0;0.3193;11.8152;ordens
2;3;SRV-DTIC-PROD;20-05-2026 20:36:43;GET;/api/portfolio;500;1900;74.75;0.0;0.3193;11.8152;trades
2;3;SRV-DTIC-PROD;20-05-2026 20:36:43;GET;/api/portfolio;500;1900;74.75;0.0;0.3193;11.8152;trades
2;3;SRV-DTIC-PROD;20-05-2026 20:36:43;GET;/api/account/balance;200;45;74.75;0.0;0.3193;11.8152;financeiro
2;3;SRV-DTIC-PROD;20-05-2026 20:36:43;GET;/api/portfolio/performance;200;2800;74.75;0.0;0.3193;11.8152;trades
2;3;SRV-DTIC-PROD;20-05-2026 20:36:43;POST;/api/risk/check;500;130;74.75;0.0;0.3193;11.8152;trades
2;3;SRV-DTIC-PROD;20-05-2026 20:36:43;POST;/api/b3/orders;502;400;74.75;0.0;0.3193;11.8152;ordens
2;3;SRV-DTIC-PROD;20-05-2026 20:36:43;POST;/api/orders/validate;504;170;74.75;0.0;0.3193;11.8152;ordens
2;3;SRV-DTIC-PROD;20-05-2026 20:36:43;GET;/api/account/balance;200;45;74.75;0.0;0.3193;11.8152;financeiro
2;3;SRV-DTIC-PROD;20-05-2026 20:36:43;POST;/api/order-preview;503;800;74.75;0.0;0.3193;11.8152;trades
2;3;SRV-DTIC-PROD;20-05-2026 20:36:58;GET;/api/portfolio;500;1900;9.75;0.0;0.2838;11.7814;trades
2;3;SRV-DTIC-PROD;20-05-2026 20:36:58;POST;/api/auth/refresh-token;502;60;9.75;0.0;0.2838;11.7814;trades
2;3;SRV-DTIC-PROD;20-05-2026 20:36:58;POST;/api/deposits;504;2600;9.75;0.0;0.2838;11.7814;trades
2;3;SRV-DTIC-PROD;20-05-2026 20:36:58;POST;/api/orders/validate;504;170;9.75;0.0;0.2838;11.7814;ordens
2;3;SRV-DTIC-PROD;20-05-2026 20:36:58;POST;/api/risk/check;500;130;9.75;0.0;0.2838;11.7814;trades
2;3;SRV-DTIC-PROD;20-05-2026 20:36:58;GET;/api/b3/session-status;504;600;9.75;0.0;0.2838;11.7814;b3
2;3;SRV-DTIC-PROD;20-05-2026 20:36:58;GET;/api/trades;500;2400;9.75;0.0;0.2838;11.7814;trades
2;3;SRV-DTIC-PROD;20-05-2026 20:36:58;GET;/api/portfolio;500;1900;9.75;0.0;0.2838;11.7814;trades
2;3;SRV-DTIC-PROD;20-05-2026 20:36:58;POST;/api/risk/check;500;130;9.75;0.0;0.2838;11.7814;trades
2;3;SRV-DTIC-PROD;20-05-2026 20:36:58;GET;/api/portfolio/performance;200;2800;9.75;0.0;0.2838;11.7814;trades
2;3;SRV-DTIC-PROD;20-05-2026 20:37:14;POST;/api/auth/refresh-token;502;60;4.25;0.0;0.3191;11.8921;trades
2;3;SRV-DTIC-PROD;20-05-2026 20:37:14;DELETE;/api/orders/cancel;503;1000;4.25;0.0;0.3191;11.8921;ordens
2;3;SRV-DTIC-PROD;20-05-2026 20:37:14;POST;/api/b3/orders;502;400;4.25;0.0;0.3191;11.8921;ordens
2;3;SRV-DTIC-PROD;20-05-2026 20:37:14;GET;/api/trades/summary;200;3100;4.25;0.0;0.3191;11.8921;trades
2;3;SRV-DTIC-PROD;20-05-2026 20:37:14;GET;/api/portfolio/performance;200;2800;4.25;0.0;0.3191;11.8921;trades
2;3;SRV-DTIC-PROD;20-05-2026 20:37:14;POST;/api/risk/check;500;130;4.25;0.0;0.3191;11.8921;trades
2;3;SRV-DTIC-PROD;20-05-2026 20:37:14;POST;/api/order-preview;503;800;4.25;0.0;0.3191;11.8921;trades
2;3;SRV-DTIC-PROD;20-05-2026 20:37:14;POST;/api/orders/buy;201;1300;4.25;0.0;0.3191;11.8921;ordens
2;3;SRV-DTIC-PROD;20-05-2026 20:37:14;GET;/api/trades/summary;200;3100;4.25;0.0;0.3191;11.8921;trades
2;3;SRV-DTIC-PROD;20-05-2026 20:37:14;POST;/api/risk/check;500;130;4.25;0.0;0.3191;11.8921;trades
2;3;SRV-DTIC-PROD;20-05-2026 20:37:31;POST;/api/risk/check;500;130;3.5;0.0;0.3085;11.7911;trades
2;3;SRV-DTIC-PROD;20-05-2026 20:37:31;GET;/api/b3/session-status;504;600;3.5;0.0;0.3085;11.7911;b3
2;3;SRV-DTIC-PROD;20-05-2026 20:37:31;GET;/api/quotes/VALE3;200;2500;3.5;0.0;0.3085;11.7911;trades
2;3;SRV-DTIC-PROD;20-05-2026 20:37:31;POST;/api/order-preview;503;800;3.5;0.0;0.3085;11.7911;trades
2;3;SRV-DTIC-PROD;20-05-2026 20:37:31;GET;/api/account/balance;200;45;3.5;0.0;0.3085;11.7911;financeiro
2;3;SRV-DTIC-PROD;20-05-2026 20:37:31;GET;/api/quotes/VALE3;200;2500;3.5;0.0;0.3085;11.7911;trades
2;3;SRV-DTIC-PROD;20-05-2026 20:37:31;GET;/api/trades;500;2400;3.5;0.0;0.3085;11.7911;trades
2;3;SRV-DTIC-PROD;20-05-2026 20:37:31;POST;/api/auth/login;200;1200;3.5;0.0;0.3085;11.7911;trades
2;3;SRV-DTIC-PROD;20-05-2026 20:37:31;POST;/api/orders/validate;504;170;3.5;0.0;0.3085;11.7911;ordens
2;3;SRV-DTIC-PROD;20-05-2026 20:37:31;GET;/api/portfolio/performance;200;2800;3.5;0.0;0.3085;11.7911;trades
2;3;SRV-DTIC-PROD;20-05-2026 20:37:48;GET;/api/trades;500;2400;20.25;0.0;0.3223;11.9927;trades
2;3;SRV-DTIC-PROD;20-05-2026 20:37:48;GET;/api/trades;500;2400;20.25;0.0;0.3223;11.9927;trades
2;3;SRV-DTIC-PROD;20-05-2026 20:37:48;GET;/api/portfolio/performance;200;2800;20.25;0.0;0.3223;11.9927;trades
2;3;SRV-DTIC-PROD;20-05-2026 20:37:48;GET;/api/account/balance;200;45;20.25;0.0;0.3223;11.9927;financeiro
2;3;SRV-DTIC-PROD;20-05-2026 20:37:48;DELETE;/api/orders/cancel;503;1000;20.25;0.0;0.3223;11.9927;ordens
2;3;SRV-DTIC-PROD;20-05-2026 20:37:48;POST;/api/deposits;504;2600;20.25;0.0;0.3223;11.9927;trades
2;3;SRV-DTIC-PROD;20-05-2026 20:37:48;GET;/api/trades;500;2400;20.25;0.0;0.3223;11.9927;trades
2;3;SRV-DTIC-PROD;20-05-2026 20:37:48;GET;/api/portfolio;500;1900;20.25;0.0;0.3223;11.9927;trades
2;3;SRV-DTIC-PROD;20-05-2026 20:37:48;GET;/api/b3/session-status;504;600;20.25;0.0;0.3223;11.9927;b3
2;3;SRV-DTIC-PROD;20-05-2026 20:37:48;GET;/api/portfolio;500;1900;20.25;0.0;0.3223;11.9927;trades
2;3;SRV-DTIC-PROD;20-05-2026 20:38:05;POST;/api/b3/orders;502;400;3.75;0.0;0.3215;11.8323;ordens
2;3;SRV-DTIC-PROD;20-05-2026 20:38:05;GET;/api/portfolio;500;1900;3.75;0.0;0.3215;11.8323;trades
2;3;SRV-DTIC-PROD;20-05-2026 20:38:05;POST;/api/orders/sell;500;5000;3.75;0.0;0.3215;11.8323;ordens
2;3;SRV-DTIC-PROD;20-05-2026 20:38:05;GET;/api/portfolio;500;1900;3.75;0.0;0.3215;11.8323;trades
2;3;SRV-DTIC-PROD;20-05-2026 20:38:05;POST;/api/orders/sell;500;5000;3.75;0.0;0.3215;11.8323;ordens
2;3;SRV-DTIC-PROD;20-05-2026 20:38:05;GET;/api/portfolio;500;1900;3.75;0.0;0.3215;11.8323;trades
2;3;SRV-DTIC-PROD;20-05-2026 20:38:05;POST;/api/risk/check;500;130;3.75;0.0;0.3215;11.8323;trades
2;3;SRV-DTIC-PROD;20-05-2026 20:38:05;POST;/api/deposits;504;2600;3.75;0.0;0.3215;11.8323;trades
2;3;SRV-DTIC-PROD;20-05-2026 20:38:05;GET;/api/trades;500;2400;3.75;0.0;0.3215;11.8323;trades
2;3;SRV-DTIC-PROD;20-05-2026 20:38:05;POST;/api/risk/check;500;130;3.75;0.0;0.3215;11.8323;trades
2;3;SRV-DTIC-PROD;20-05-2026 20:38:22;POST;/api/b3/orders;502;400;4.0;0.0;0.3246;11.8939;ordens
2;3;SRV-DTIC-PROD;20-05-2026 20:38:22;GET;/api/portfolio/performance;200;2800;4.0;0.0;0.3246;11.8939;trades
2;3;SRV-DTIC-PROD;20-05-2026 20:38:22;POST;/api/deposits;504;2600;4.0;0.0;0.3246;11.8939;trades
2;3;SRV-DTIC-PROD;20-05-2026 20:38:22;POST;/api/b3/orders;502;400;4.0;0.0;0.3246;11.8939;ordens
2;3;SRV-DTIC-PROD;20-05-2026 20:38:22;GET;/api/trades/summary;200;3100;4.0;0.0;0.3246;11.8939;trades
2;3;SRV-DTIC-PROD;20-05-2026 20:38:22;POST;/api/order-preview;503;800;4.0;0.0;0.3246;11.8939;trades
2;3;SRV-DTIC-PROD;20-05-2026 20:38:22;GET;/api/portfolio;500;1900;4.0;0.0;0.3246;11.8939;trades
2;3;SRV-DTIC-PROD;20-05-2026 20:38:22;POST;/api/risk/check;500;130;4.0;0.0;0.3246;11.8939;trades
2;3;SRV-DTIC-PROD;20-05-2026 20:38:22;POST;/api/orders/validate;504;170;4.0;0.0;0.3246;11.8939;ordens
2;3;SRV-DTIC-PROD;20-05-2026 20:38:22;GET;/api/quotes/VALE3;200;2500;4.0;0.0;0.3246;11.8939;trades
2;3;SRV-DTIC-PROD;20-05-2026 20:38:39;POST;/api/b3/orders;502;400;13.75;0.0;0.3161;11.8747;ordens
2;3;SRV-DTIC-PROD;20-05-2026 20:38:39;POST;/api/risk/check;500;130;13.75;0.0;0.3161;11.8747;trades
2;3;SRV-DTIC-PROD;20-05-2026 20:38:39;POST;/api/auth/login;200;1200;13.75;0.0;0.3161;11.8747;trades
2;3;SRV-DTIC-PROD;20-05-2026 20:38:39;POST;/api/deposits;504;2600;13.75;0.0;0.3161;11.8747;trades
2;3;SRV-DTIC-PROD;20-05-2026 20:38:39;POST;/api/b3/orders;502;400;13.75;0.0;0.3161;11.8747;ordens
2;3;SRV-DTIC-PROD;20-05-2026 20:38:39;POST;/api/auth/login;200;1200;13.75;0.0;0.3161;11.8747;trades
2;3;SRV-DTIC-PROD;20-05-2026 20:38:39;GET;/api/trades/summary;200;3100;13.75;0.0;0.3161;11.8747;trades
2;3;SRV-DTIC-PROD;20-05-2026 20:38:39;GET;/api/portfolio;500;1900;13.75;0.0;0.3161;11.8747;trades
2;3;SRV-DTIC-PROD;20-05-2026 20:38:39;GET;/api/account/balance;200;45;13.75;0.0;0.3161;11.8747;financeiro
2;3;SRV-DTIC-PROD;20-05-2026 20:38:39;GET;/api/market/orderbook/PETR4;504;3200;13.75;0.0;0.3161;11.8747;mercado
2;3;SRV-DTIC-PROD;20-05-2026 20:38:56;GET;/api/market/orderbook/PETR4;504;3200;11.25;0.0;0.3218;11.9016;mercado
2;3;SRV-DTIC-PROD;20-05-2026 20:38:56;POST;/api/deposits;504;2600;11.25;0.0;0.3218;11.9016;trades
2;3;SRV-DTIC-PROD;20-05-2026 20:38:56;GET;/api/trades/summary;200;3100;11.25;0.0;0.3218;11.9016;trades
2;3;SRV-DTIC-PROD;20-05-2026 20:38:56;GET;/api/trades;500;2400;11.25;0.0;0.3218;11.9016;trades
2;3;SRV-DTIC-PROD;20-05-2026 20:38:56;GET;/api/trades/summary;200;3100;11.25;0.0;0.3218;11.9016;trades
2;3;SRV-DTIC-PROD;20-05-2026 20:38:56;GET;/api/account/balance;200;45;11.25;0.0;0.3218;11.9016;financeiro
2;3;SRV-DTIC-PROD;20-05-2026 20:38:56;GET;/api/market/news;200;700;11.25;0.0;0.3218;11.9016;mercado
2;3;SRV-DTIC-PROD;20-05-2026 20:38:56;POST;/api/auth/login;200;1200;11.25;0.0;0.3218;11.9016;trades
2;3;SRV-DTIC-PROD;20-05-2026 20:38:56;GET;/api/trades;500;2400;11.25;0.0;0.3218;11.9016;trades
2;3;SRV-DTIC-PROD;20-05-2026 20:38:56;POST;/api/orders/validate;504;170;11.25;0.0;0.3218;11.9016;ordens
2;3;SRV-DTIC-PROD;20-05-2026 20:39:12;DELETE;/api/orders/cancel;503;1000;15.75;0.0;0.3067;11.7924;ordens
2;3;SRV-DTIC-PROD;20-05-2026 20:39:12;GET;/api/quotes/VALE3;200;2500;15.75;0.0;0.3067;11.7924;trades
2;3;SRV-DTIC-PROD;20-05-2026 20:39:12;POST;/api/orders/sell;500;5000;15.75;0.0;0.3067;11.7924;ordens
2;3;SRV-DTIC-PROD;20-05-2026 20:39:12;POST;/api/risk/check;500;130;15.75;0.0;0.3067;11.7924;trades
2;3;SRV-DTIC-PROD;20-05-2026 20:39:12;POST;/api/risk/check;500;130;15.75;0.0;0.3067;11.7924;trades
2;3;SRV-DTIC-PROD;20-05-2026 20:39:12;POST;/api/orders/validate;504;170;15.75;0.0;0.3067;11.7924;ordens
2;3;SRV-DTIC-PROD;20-05-2026 20:39:12;POST;/api/orders/validate;504;170;15.75;0.0;0.3067;11.7924;ordens
2;3;SRV-DTIC-PROD;20-05-2026 20:39:12;POST;/api/deposits;504;2600;15.75;0.0;0.3067;11.7924;trades
2;3;SRV-DTIC-PROD;20-05-2026 20:39:12;GET;/api/quotes/PETR4;502;3000;15.75;0.0;0.3067;11.7924;trades
2;3;SRV-DTIC-PROD;20-05-2026 20:39:12;GET;/api/account/balance;200;45;15.75;0.0;0.3067;11.7924;financeiro
2;3;SRV-DTIC-PROD;20-05-2026 20:39:28;POST;/api/orders/validate;504;170;8.25;0.0;0.304;11.8018;ordens
2;3;SRV-DTIC-PROD;20-05-2026 20:39:28;POST;/api/risk/check;500;130;8.25;0.0;0.304;11.8018;trades
2;3;SRV-DTIC-PROD;20-05-2026 20:39:28;GET;/api/portfolio/performance;200;2800;8.25;0.0;0.304;11.8018;trades
2;3;SRV-DTIC-PROD;20-05-2026 20:39:28;POST;/api/deposits;504;2600;8.25;0.0;0.304;11.8018;trades
2;3;SRV-DTIC-PROD;20-05-2026 20:39:28;GET;/api/quotes/VALE3;200;2500;8.25;0.0;0.304;11.8018;trades
2;3;SRV-DTIC-PROD;20-05-2026 20:39:28;POST;/api/order-preview;503;800;8.25;0.0;0.304;11.8018;trades
2;3;SRV-DTIC-PROD;20-05-2026 20:39:28;GET;/api/b3/session-status;504;600;8.25;0.0;0.304;11.8018;b3
2;3;SRV-DTIC-PROD;20-05-2026 20:39:28;POST;/api/orders/buy;201;1300;8.25;0.0;0.304;11.8018;ordens
2;3;SRV-DTIC-PROD;20-05-2026 20:39:28;POST;/api/auth/refresh-token;502;60;8.25;0.0;0.304;11.8018;trades
2;3;SRV-DTIC-PROD;20-05-2026 20:39:28;GET;/api/b3/session-status;504;600;8.25;0.0;0.304;11.8018;b3
2;3;SRV-DTIC-PROD;20-05-2026 20:39:45;GET;/api/b3/session-status;504;600;15.75;0.0;0.3054;11.8645;b3
2;3;SRV-DTIC-PROD;20-05-2026 20:39:45;GET;/api/account/balance;200;45;15.75;0.0;0.3054;11.8645;financeiro
2;3;SRV-DTIC-PROD;20-05-2026 20:39:45;GET;/api/portfolio/performance;200;2800;15.75;0.0;0.3054;11.8645;trades
2;3;SRV-DTIC-PROD;20-05-2026 20:39:45;GET;/api/account/balance;200;45;15.75;0.0;0.3054;11.8645;financeiro
2;3;SRV-DTIC-PROD;20-05-2026 20:39:45;GET;/api/portfolio;500;1900;15.75;0.0;0.3054;11.8645;trades
2;3;SRV-DTIC-PROD;20-05-2026 20:39:45;GET;/api/market/orderbook/PETR4;504;3200;15.75;0.0;0.3054;11.8645;mercado
2;3;SRV-DTIC-PROD;20-05-2026 20:39:45;GET;/api/trades;500;2400;15.75;0.0;0.3054;11.8645;trades
2;3;SRV-DTIC-PROD;20-05-2026 20:39:45;POST;/api/auth/logout;500;1800;15.75;0.0;0.3054;11.8645;trades
2;3;SRV-DTIC-PROD;20-05-2026 20:39:45;GET;/api/account/balance;200;45;15.75;0.0;0.3054;11.8645;financeiro
2;3;SRV-DTIC-PROD;20-05-2026 20:39:45;POST;/api/auth/login;200;1200;15.75;0.0;0.3054;11.8645;trades
2;3;SRV-DTIC-PROD;20-05-2026 20:40:00;GET;/api/b3/session-status;504;600;5.0;0.0;0.3188;12.2576;b3
2;3;SRV-DTIC-PROD;20-05-2026 20:40:00;POST;/api/deposits;504;2600;5.0;0.0;0.3188;12.2576;trades
2;3;SRV-DTIC-PROD;20-05-2026 20:40:00;GET;/api/quotes/VALE3;200;2500;5.0;0.0;0.3188;12.2576;trades
2;3;SRV-DTIC-PROD;20-05-2026 20:40:00;GET;/api/quotes/VALE3;200;2500;5.0;0.0;0.3188;12.2576;trades
2;3;SRV-DTIC-PROD;20-05-2026 20:40:00;GET;/api/market/orderbook/PETR4;504;3200;5.0;0.0;0.3188;12.2576;mercado
2;3;SRV-DTIC-PROD;20-05-2026 20:40:00;POST;/api/auth/login;200;1200;5.0;0.0;0.3188;12.2576;trades
2;3;SRV-DTIC-PROD;20-05-2026 20:40:00;GET;/api/quotes/PETR4;502;3000;5.0;0.0;0.3188;12.2576;trades
2;3;SRV-DTIC-PROD;20-05-2026 20:40:00;GET;/api/quotes/PETR4;502;3000;5.0;0.0;0.3188;12.2576;trades
2;3;SRV-DTIC-PROD;20-05-2026 20:40:00;POST;/api/risk/check;500;130;5.0;0.0;0.3188;12.2576;trades
2;3;SRV-DTIC-PROD;20-05-2026 20:40:00;GET;/api/market/news;200;700;5.0;0.0;0.3188;12.2576;mercado
2;3;SRV-DTIC-PROD;20-05-2026 20:40:17;GET;/api/portfolio;500;1900;3.75;0.0;0.3039;11.8575;trades
2;3;SRV-DTIC-PROD;20-05-2026 20:40:17;POST;/api/risk/check;500;130;3.75;0.0;0.3039;11.8575;trades
2;3;SRV-DTIC-PROD;20-05-2026 20:40:17;POST;/api/risk/check;500;130;3.75;0.0;0.3039;11.8575;trades
2;3;SRV-DTIC-PROD;20-05-2026 20:40:17;GET;/api/market/orderbook/PETR4;504;3200;3.75;0.0;0.3039;11.8575;mercado
2;3;SRV-DTIC-PROD;20-05-2026 20:40:17;POST;/api/order-preview;503;800;3.75;0.0;0.3039;11.8575;trades
2;3;SRV-DTIC-PROD;20-05-2026 20:40:17;POST;/api/auth/refresh-token;502;60;3.75;0.0;0.3039;11.8575;trades
2;3;SRV-DTIC-PROD;20-05-2026 20:40:17;GET;/api/quotes/PETR4;502;3000;3.75;0.0;0.3039;11.8575;trades
2;3;SRV-DTIC-PROD;20-05-2026 20:40:17;POST;/api/orders/validate;504;170;3.75;0.0;0.3039;11.8575;ordens
2;3;SRV-DTIC-PROD;20-05-2026 20:40:17;POST;/api/orders/sell;500;5000;3.75;0.0;0.3039;11.8575;ordens
2;3;SRV-DTIC-PROD;20-05-2026 20:40:17;DELETE;/api/orders/cancel;503;1000;3.75;0.0;0.3039;11.8575;ordens
2;3;SRV-DTIC-PROD;20-05-2026 20:40:32;DELETE;/api/orders/cancel;503;1000;7.0;0.0;0.3069;11.8844;ordens
2;3;SRV-DTIC-PROD;20-05-2026 20:40:32;POST;/api/auth/refresh-token;502;60;7.0;0.0;0.3069;11.8844;trades
2;3;SRV-DTIC-PROD;20-05-2026 20:40:32;POST;/api/order-preview;503;800;7.0;0.0;0.3069;11.8844;trades
2;3;SRV-DTIC-PROD;20-05-2026 20:40:32;POST;/api/auth/login;200;1200;7.0;0.0;0.3069;11.8844;trades
2;3;SRV-DTIC-PROD;20-05-2026 20:40:32;GET;/api/portfolio;500;1900;7.0;0.0;0.3069;11.8844;trades
2;3;SRV-DTIC-PROD;20-05-2026 20:40:32;POST;/api/risk/check;500;130;7.0;0.0;0.3069;11.8844;trades
2;3;SRV-DTIC-PROD;20-05-2026 20:40:32;GET;/api/quotes/VALE3;200;2500;7.0;0.0;0.3069;11.8844;trades
2;3;SRV-DTIC-PROD;20-05-2026 20:40:32;POST;/api/b3/orders;502;400;7.0;0.0;0.3069;11.8844;ordens
2;3;SRV-DTIC-PROD;20-05-2026 20:40:32;GET;/api/trades;500;2400;7.0;0.0;0.3069;11.8844;trades
2;3;SRV-DTIC-PROD;20-05-2026 20:40:32;GET;/api/market/news;200;700;7.0;0.0;0.3069;11.8844;mercado
2;3;SRV-DTIC-PROD;20-05-2026 20:40:49;DELETE;/api/orders/cancel;503;1000;3.25;0.0;0.3037;11.807;ordens
2;3;SRV-DTIC-PROD;20-05-2026 20:40:49;GET;/api/b3/session-status;504;600;3.25;0.0;0.3037;11.807;b3
2;3;SRV-DTIC-PROD;20-05-2026 20:40:49;POST;/api/orders/sell;500;5000;3.25;0.0;0.3037;11.807;ordens
2;3;SRV-DTIC-PROD;20-05-2026 20:40:49;POST;/api/risk/check;500;130;3.25;0.0;0.3037;11.807;trades
2;3;SRV-DTIC-PROD;20-05-2026 20:40:49;GET;/api/trades;500;2400;3.25;0.0;0.3037;11.807;trades
2;3;SRV-DTIC-PROD;20-05-2026 20:40:49;GET;/api/trades;500;2400;3.25;0.0;0.3037;11.807;trades
2;3;SRV-DTIC-PROD;20-05-2026 20:40:49;GET;/api/portfolio/performance;200;2800;3.25;0.0;0.3037;11.807;trades
2;3;SRV-DTIC-PROD;20-05-2026 20:40:49;GET;/api/account/balance;200;45;3.25;0.0;0.3037;11.807;financeiro
2;3;SRV-DTIC-PROD;20-05-2026 20:40:49;POST;/api/auth/refresh-token;502;60;3.25;0.0;0.3037;11.807;trades
2;3;SRV-DTIC-PROD;20-05-2026 20:40:49;GET;/api/market/orderbook/PETR4;504;3200;3.25;0.0;0.3037;11.807;mercado
2;3;SRV-DTIC-PROD;20-05-2026 20:41:05;POST;/api/risk/check;500;130;7.5;0.0;0.3103;11.873;trades
2;3;SRV-DTIC-PROD;20-05-2026 20:41:05;DELETE;/api/orders/cancel;503;1000;7.5;0.0;0.3103;11.873;ordens
2;3;SRV-DTIC-PROD;20-05-2026 20:41:05;GET;/api/portfolio;500;1900;7.5;0.0;0.3103;11.873;trades
2;3;SRV-DTIC-PROD;20-05-2026 20:41:05;GET;/api/market/orderbook/PETR4;504;3200;7.5;0.0;0.3103;11.873;mercado
2;3;SRV-DTIC-PROD;20-05-2026 20:41:05;POST;/api/deposits;504;2600;7.5;0.0;0.3103;11.873;trades
2;3;SRV-DTIC-PROD;20-05-2026 20:41:05;GET;/api/market/news;200;700;7.5;0.0;0.3103;11.873;mercado
2;3;SRV-DTIC-PROD;20-05-2026 20:41:05;POST;/api/auth/2fa/verify;503;900;7.5;0.0;0.3103;11.873;trades
2;3;SRV-DTIC-PROD;20-05-2026 20:41:05;GET;/api/account/balance;200;45;7.5;0.0;0.3103;11.873;financeiro
2;3;SRV-DTIC-PROD;20-05-2026 20:41:05;GET;/api/portfolio/performance;200;2800;7.5;0.0;0.3103;11.873;trades
2;3;SRV-DTIC-PROD;20-05-2026 20:41:05;POST;/api/orders/sell;500;5000;7.5;0.0;0.3103;11.873;ordens
2;3;SRV-DTIC-PROD;20-05-2026 20:41:22;POST;/api/risk/check;500;130;3.0;0.0;0.3178;11.9291;trades
2;3;SRV-DTIC-PROD;20-05-2026 20:41:22;DELETE;/api/orders/cancel;503;1000;3.0;0.0;0.3178;11.9291;ordens
2;3;SRV-DTIC-PROD;20-05-2026 20:41:22;GET;/api/quotes/PETR4;502;3000;3.0;0.0;0.3178;11.9291;trades
2;3;SRV-DTIC-PROD;20-05-2026 20:41:22;GET;/api/portfolio;500;1900;3.0;0.0;0.3178;11.9291;trades
2;3;SRV-DTIC-PROD;20-05-2026 20:41:22;POST;/api/auth/refresh-token;502;60;3.0;0.0;0.3178;11.9291;trades
2;3;SRV-DTIC-PROD;20-05-2026 20:41:22;POST;/api/deposits;504;2600;3.0;0.0;0.3178;11.9291;trades
2;3;SRV-DTIC-PROD;20-05-2026 20:41:22;POST;/api/deposits;504;2600;3.0;0.0;0.3178;11.9291;trades
2;3;SRV-DTIC-PROD;20-05-2026 20:41:22;GET;/api/b3/session-status;504;600;3.0;0.0;0.3178;11.9291;b3
2;3;SRV-DTIC-PROD;20-05-2026 20:41:22;GET;/api/portfolio/performance;200;2800;3.0;0.0;0.3178;11.9291;trades
2;3;SRV-DTIC-PROD;20-05-2026 20:41:22;GET;/api/account/balance;200;45;3.0;0.0;0.3178;11.9291;financeiro
2;3;SRV-DTIC-PROD;20-05-2026 20:41:39;POST;/api/risk/check;500;130;6.5;0.0;0.3052;11.8808;trades
2;3;SRV-DTIC-PROD;20-05-2026 20:41:39;GET;/api/market/news;200;700;6.5;0.0;0.3052;11.8808;mercado
2;3;SRV-DTIC-PROD;20-05-2026 20:41:39;POST;/api/orders/buy;201;1300;6.5;0.0;0.3052;11.8808;ordens
2;3;SRV-DTIC-PROD;20-05-2026 20:41:39;GET;/api/account/balance;200;45;6.5;0.0;0.3052;11.8808;financeiro
2;3;SRV-DTIC-PROD;20-05-2026 20:41:39;GET;/api/trades/summary;200;3100;6.5;0.0;0.3052;11.8808;trades
2;3;SRV-DTIC-PROD;20-05-2026 20:41:39;POST;/api/risk/check;500;130;6.5;0.0;0.3052;11.8808;trades
2;3;SRV-DTIC-PROD;20-05-2026 20:41:39;GET;/api/trades;500;2400;6.5;0.0;0.3052;11.8808;trades
2;3;SRV-DTIC-PROD;20-05-2026 20:41:39;POST;/api/auth/logout;500;1800;6.5;0.0;0.3052;11.8808;trades
2;3;SRV-DTIC-PROD;20-05-2026 20:41:39;POST;/api/auth/refresh-token;502;60;6.5;0.0;0.3052;11.8808;trades
2;3;SRV-DTIC-PROD;20-05-2026 20:41:39;POST;/api/orders/sell;500;5000;6.5;0.0;0.3052;11.8808;ordens
2;3;SRV-DTIC-PROD;20-05-2026 20:41:56;GET;/api/portfolio/performance;200;2800;2.75;0.0;0.3126;11.8157;trades
2;3;SRV-DTIC-PROD;20-05-2026 20:41:56;GET;/api/trades/summary;200;3100;2.75;0.0;0.3126;11.8157;trades
2;3;SRV-DTIC-PROD;20-05-2026 20:41:56;GET;/api/quotes/PETR4;502;3000;2.75;0.0;0.3126;11.8157;trades
2;3;SRV-DTIC-PROD;20-05-2026 20:41:56;POST;/api/b3/orders;502;400;2.75;0.0;0.3126;11.8157;ordens
2;3;SRV-DTIC-PROD;20-05-2026 20:41:56;GET;/api/market/orderbook/PETR4;504;3200;2.75;0.0;0.3126;11.8157;mercado
2;3;SRV-DTIC-PROD;20-05-2026 20:41:56;POST;/api/b3/orders;502;400;2.75;0.0;0.3126;11.8157;ordens
2;3;SRV-DTIC-PROD;20-05-2026 20:41:56;POST;/api/risk/check;500;130;2.75;0.0;0.3126;11.8157;trades
2;3;SRV-DTIC-PROD;20-05-2026 20:41:56;GET;/api/market/orderbook/PETR4;504;3200;2.75;0.0;0.3126;11.8157;mercado
2;3;SRV-DTIC-PROD;20-05-2026 20:41:56;POST;/api/deposits;504;2600;2.75;0.0;0.3126;11.8157;trades
2;3;SRV-DTIC-PROD;20-05-2026 20:41:56;POST;/api/orders/buy;201;1300;2.75;0.0;0.3126;11.8157;ordens
2;3;SRV-DTIC-PROD;20-05-2026 20:42:13;POST;/api/deposits;504;2600;34.25;0.0;0.316;12.044;trades
2;3;SRV-DTIC-PROD;20-05-2026 20:42:13;GET;/api/b3/session-status;504;600;34.25;0.0;0.316;12.044;b3
2;3;SRV-DTIC-PROD;20-05-2026 20:42:13;GET;/api/portfolio/performance;200;2800;34.25;0.0;0.316;12.044;trades
2;3;SRV-DTIC-PROD;20-05-2026 20:42:13;POST;/api/orders/validate;504;170;34.25;0.0;0.316;12.044;ordens
2;3;SRV-DTIC-PROD;20-05-2026 20:42:13;POST;/api/risk/check;500;130;34.25;0.0;0.316;12.044;trades
2;3;SRV-DTIC-PROD;20-05-2026 20:42:13;GET;/api/b3/session-status;504;600;34.25;0.0;0.316;12.044;b3
2;3;SRV-DTIC-PROD;20-05-2026 20:42:13;GET;/api/portfolio/performance;200;2800;34.25;0.0;0.316;12.044;trades
2;3;SRV-DTIC-PROD;20-05-2026 20:42:13;GET;/api/trades/summary;200;3100;34.25;0.0;0.316;12.044;trades
2;3;SRV-DTIC-PROD;20-05-2026 20:42:13;POST;/api/auth/2fa/verify;503;900;34.25;0.0;0.316;12.044;trades
2;3;SRV-DTIC-PROD;20-05-2026 20:42:13;GET;/api/trades;500;2400;34.25;0.0;0.316;12.044;trades
2;3;SRV-DTIC-PROD;20-05-2026 20:42:30;GET;/api/portfolio;500;1900;72.5;0.0;0.3218;11.8047;trades
2;3;SRV-DTIC-PROD;20-05-2026 20:42:30;GET;/api/trades/summary;200;3100;72.5;0.0;0.3218;11.8047;trades
2;3;SRV-DTIC-PROD;20-05-2026 20:42:30;POST;/api/orders/buy;201;1300;72.5;0.0;0.3218;11.8047;ordens
2;3;SRV-DTIC-PROD;20-05-2026 20:42:30;GET;/api/portfolio;500;1900;72.5;0.0;0.3218;11.8047;trades
2;3;SRV-DTIC-PROD;20-05-2026 20:42:30;POST;/api/orders/validate;504;170;72.5;0.0;0.3218;11.8047;ordens
2;3;SRV-DTIC-PROD;20-05-2026 20:42:30;POST;/api/deposits;504;2600;72.5;0.0;0.3218;11.8047;trades
2;3;SRV-DTIC-PROD;20-05-2026 20:42:30;GET;/api/trades/summary;200;3100;72.5;0.0;0.3218;11.8047;trades
2;3;SRV-DTIC-PROD;20-05-2026 20:42:30;POST;/api/risk/check;500;130;72.5;0.0;0.3218;11.8047;trades
2;3;SRV-DTIC-PROD;20-05-2026 20:42:30;GET;/api/b3/session-status;504;600;72.5;0.0;0.3218;11.8047;b3
2;3;SRV-DTIC-PROD;20-05-2026 20:42:30;GET;/api/trades/summary;200;3100;72.5;0.0;0.3218;11.8047;trades
2;3;SRV-DTIC-PROD;20-05-2026 20:42:47;GET;/api/b3/session-status;504;600;4.25;0.0;0.309;11.8269;b3
2;3;SRV-DTIC-PROD;20-05-2026 20:42:47;GET;/api/portfolio/performance;200;2800;4.25;0.0;0.309;11.8269;trades
2;3;SRV-DTIC-PROD;20-05-2026 20:42:47;POST;/api/orders/buy;201;1300;4.25;0.0;0.309;11.8269;ordens
2;3;SRV-DTIC-PROD;20-05-2026 20:42:47;POST;/api/order-preview;503;800;4.25;0.0;0.309;11.8269;trades
2;3;SRV-DTIC-PROD;20-05-2026 20:42:47;POST;/api/risk/check;500;130;4.25;0.0;0.309;11.8269;trades
2;3;SRV-DTIC-PROD;20-05-2026 20:42:47;GET;/api/trades/summary;200;3100;4.25;0.0;0.309;11.8269;trades
2;3;SRV-DTIC-PROD;20-05-2026 20:42:47;POST;/api/order-preview;503;800;4.25;0.0;0.309;11.8269;trades
2;3;SRV-DTIC-PROD;20-05-2026 20:42:47;POST;/api/orders/validate;504;170;4.25;0.0;0.309;11.8269;ordens
2;3;SRV-DTIC-PROD;20-05-2026 20:42:47;GET;/api/account/balance;200;45;4.25;0.0;0.309;11.8269;financeiro
2;3;SRV-DTIC-PROD;20-05-2026 20:42:47;GET;/api/b3/session-status;504;600;4.25;0.0;0.309;11.8269;b3
2;3;SRV-DTIC-PROD;20-05-2026 20:43:03;GET;/api/portfolio/performance;200;2800;36.25;0.0;0.3142;11.8274;trades
2;3;SRV-DTIC-PROD;20-05-2026 20:43:03;POST;/api/auth/login;200;1200;36.25;0.0;0.3142;11.8274;trades
2;3;SRV-DTIC-PROD;20-05-2026 20:43:03;POST;/api/auth/refresh-token;502;60;36.25;0.0;0.3142;11.8274;trades
2;3;SRV-DTIC-PROD;20-05-2026 20:43:03;GET;/api/trades/summary;200;3100;36.25;0.0;0.3142;11.8274;trades
2;3;SRV-DTIC-PROD;20-05-2026 20:43:03;POST;/api/risk/check;500;130;36.25;0.0;0.3142;11.8274;trades
2;3;SRV-DTIC-PROD;20-05-2026 20:43:03;POST;/api/orders/validate;504;170;36.25;0.0;0.3142;11.8274;ordens
2;3;SRV-DTIC-PROD;20-05-2026 20:43:03;POST;/api/orders/validate;504;170;36.25;0.0;0.3142;11.8274;ordens
2;3;SRV-DTIC-PROD;20-05-2026 20:43:03;GET;/api/b3/session-status;504;600;36.25;0.0;0.3142;11.8274;b3
2;3;SRV-DTIC-PROD;20-05-2026 20:43:03;POST;/api/risk/check;500;130;36.25;0.0;0.3142;11.8274;trades
2;3;SRV-DTIC-PROD;20-05-2026 20:43:03;GET;/api/account/balance;200;45;36.25;0.0;0.3142;11.8274;financeiro
2;3;SRV-DTIC-PROD;20-05-2026 20:43:20;POST;/api/b3/orders;502;400;5.5;0.0;0.3062;11.8364;ordens
2;3;SRV-DTIC-PROD;20-05-2026 20:43:20;POST;/api/orders/buy;201;1300;5.5;0.0;0.3062;11.8364;ordens
2;3;SRV-DTIC-PROD;20-05-2026 20:43:20;POST;/api/orders/buy;201;1300;5.5;0.0;0.3062;11.8364;ordens
2;3;SRV-DTIC-PROD;20-05-2026 20:43:20;POST;/api/orders/validate;504;170;5.5;0.0;0.3062;11.8364;ordens
2;3;SRV-DTIC-PROD;20-05-2026 20:43:20;POST;/api/order-preview;503;800;5.5;0.0;0.3062;11.8364;trades
2;3;SRV-DTIC-PROD;20-05-2026 20:43:20;GET;/api/quotes/VALE3;200;2500;5.5;0.0;0.3062;11.8364;trades
2;3;SRV-DTIC-PROD;20-05-2026 20:43:20;POST;/api/orders/validate;504;170;5.5;0.0;0.3062;11.8364;ordens
2;3;SRV-DTIC-PROD;20-05-2026 20:43:20;POST;/api/auth/logout;500;1800;5.5;0.0;0.3062;11.8364;trades
2;3;SRV-DTIC-PROD;20-05-2026 20:43:20;POST;/api/orders/validate;504;170;5.5;0.0;0.3062;11.8364;ordens
2;3;SRV-DTIC-PROD;20-05-2026 20:43:20;POST;/api/auth/2fa/verify;503;900;5.5;0.0;0.3062;11.8364;trades
2;3;SRV-DTIC-PROD;20-05-2026 20:43:36;DELETE;/api/orders/cancel;503;1000;4.25;0.0;0.3143;11.8298;ordens
2;3;SRV-DTIC-PROD;20-05-2026 20:43:36;DELETE;/api/orders/cancel;503;1000;4.25;0.0;0.3143;11.8298;ordens
2;3;SRV-DTIC-PROD;20-05-2026 20:43:36;POST;/api/order-preview;503;800;4.25;0.0;0.3143;11.8298;trades
2;3;SRV-DTIC-PROD;20-05-2026 20:43:36;POST;/api/auth/login;200;1200;4.25;0.0;0.3143;11.8298;trades
2;3;SRV-DTIC-PROD;20-05-2026 20:43:36;POST;/api/orders/sell;500;5000;4.25;0.0;0.3143;11.8298;ordens
2;3;SRV-DTIC-PROD;20-05-2026 20:43:36;POST;/api/risk/check;500;130;4.25;0.0;0.3143;11.8298;trades
2;3;SRV-DTIC-PROD;20-05-2026 20:43:36;GET;/api/portfolio/performance;200;2800;4.25;0.0;0.3143;11.8298;trades
2;3;SRV-DTIC-PROD;20-05-2026 20:43:36;GET;/api/b3/session-status;504;600;4.25;0.0;0.3143;11.8298;b3
2;3;SRV-DTIC-PROD;20-05-2026 20:43:36;GET;/api/portfolio/performance;200;2800;4.25;0.0;0.3143;11.8298;trades
2;3;SRV-DTIC-PROD;20-05-2026 20:43:36;POST;/api/orders/buy;201;1300;4.25;0.0;0.3143;11.8298;ordens
2;3;SRV-DTIC-PROD;20-05-2026 20:43:53;GET;/api/quotes/VALE3;200;2500;3.0;0.0;0.3015;11.8008;trades
2;3;SRV-DTIC-PROD;20-05-2026 20:43:53;POST;/api/auth/refresh-token;502;60;3.0;0.0;0.3015;11.8008;trades
2;3;SRV-DTIC-PROD;20-05-2026 20:43:53;GET;/api/portfolio/performance;200;2800;3.0;0.0;0.3015;11.8008;trades
2;3;SRV-DTIC-PROD;20-05-2026 20:43:53;GET;/api/portfolio;500;1900;3.0;0.0;0.3015;11.8008;trades
2;3;SRV-DTIC-PROD;20-05-2026 20:43:53;POST;/api/orders/validate;504;170;3.0;0.0;0.3015;11.8008;ordens
2;3;SRV-DTIC-PROD;20-05-2026 20:43:53;GET;/api/account/balance;200;45;3.0;0.0;0.3015;11.8008;financeiro
2;3;SRV-DTIC-PROD;20-05-2026 20:43:53;GET;/api/trades/summary;200;3100;3.0;0.0;0.3015;11.8008;trades
2;3;SRV-DTIC-PROD;20-05-2026 20:43:53;POST;/api/risk/check;500;130;3.0;0.0;0.3015;11.8008;trades
2;3;SRV-DTIC-PROD;20-05-2026 20:43:53;DELETE;/api/orders/cancel;503;1000;3.0;0.0;0.3015;11.8008;ordens
2;3;SRV-DTIC-PROD;20-05-2026 20:43:53;POST;/api/auth/refresh-token;502;60;3.0;0.0;0.3015;11.8008;trades
2;3;SRV-DTIC-PROD;20-05-2026 20:44:09;GET;/api/portfolio/performance;200;2800;9.25;0.0;0.3285;11.8539;trades
2;3;SRV-DTIC-PROD;20-05-2026 20:44:09;POST;/api/orders/sell;500;5000;9.25;0.0;0.3285;11.8539;ordens
2;3;SRV-DTIC-PROD;20-05-2026 20:44:09;GET;/api/b3/session-status;504;600;9.25;0.0;0.3285;11.8539;b3
2;3;SRV-DTIC-PROD;20-05-2026 20:44:09;GET;/api/trades;500;2400;9.25;0.0;0.3285;11.8539;trades
2;3;SRV-DTIC-PROD;20-05-2026 20:44:09;POST;/api/risk/check;500;130;9.25;0.0;0.3285;11.8539;trades
2;3;SRV-DTIC-PROD;20-05-2026 20:44:09;GET;/api/trades/summary;200;3100;9.25;0.0;0.3285;11.8539;trades
2;3;SRV-DTIC-PROD;20-05-2026 20:44:09;GET;/api/trades;500;2400;9.25;0.0;0.3285;11.8539;trades
2;3;SRV-DTIC-PROD;20-05-2026 20:44:09;DELETE;/api/orders/cancel;503;1000;9.25;0.0;0.3285;11.8539;ordens
2;3;SRV-DTIC-PROD;20-05-2026 20:44:09;GET;/api/trades;500;2400;9.25;0.0;0.3285;11.8539;trades
2;3;SRV-DTIC-PROD;20-05-2026 20:44:09;DELETE;/api/orders/cancel;503;1000;9.25;0.0;0.3285;11.8539;ordens
2;3;SRV-DTIC-PROD;20-05-2026 20:44:24;GET;/api/quotes/PETR4;502;3000;11.5;0.0;0.3049;11.8527;trades
2;3;SRV-DTIC-PROD;20-05-2026 20:44:24;POST;/api/b3/orders;502;400;11.5;0.0;0.3049;11.8527;ordens
2;3;SRV-DTIC-PROD;20-05-2026 20:44:24;POST;/api/orders/sell;500;5000;11.5;0.0;0.3049;11.8527;ordens
2;3;SRV-DTIC-PROD;20-05-2026 20:44:24;GET;/api/portfolio;500;1900;11.5;0.0;0.3049;11.8527;trades
2;3;SRV-DTIC-PROD;20-05-2026 20:44:24;GET;/api/portfolio;500;1900;11.5;0.0;0.3049;11.8527;trades
2;3;SRV-DTIC-PROD;20-05-2026 20:44:24;GET;/api/trades/summary;200;3100;11.5;0.0;0.3049;11.8527;trades
2;3;SRV-DTIC-PROD;20-05-2026 20:44:24;POST;/api/b3/orders;502;400;11.5;0.0;0.3049;11.8527;ordens
2;3;SRV-DTIC-PROD;20-05-2026 20:44:24;POST;/api/orders/sell;500;5000;11.5;0.0;0.3049;11.8527;ordens
2;3;SRV-DTIC-PROD;20-05-2026 20:44:24;POST;/api/risk/check;500;130;11.5;0.0;0.3049;11.8527;trades
2;3;SRV-DTIC-PROD;20-05-2026 20:44:24;POST;/api/orders/validate;504;170;11.5;0.0;0.3049;11.8527;ordens
2;3;SRV-DTIC-PROD;20-05-2026 20:44:41;GET;/api/market/news;200;700;2.25;0.0;0.298;11.7942;mercado
2;3;SRV-DTIC-PROD;20-05-2026 20:44:41;POST;/api/auth/logout;500;1800;2.25;0.0;0.298;11.7942;trades
2;3;SRV-DTIC-PROD;20-05-2026 20:44:41;GET;/api/portfolio/performance;200;2800;2.25;0.0;0.298;11.7942;trades
2;3;SRV-DTIC-PROD;20-05-2026 20:44:41;GET;/api/b3/session-status;504;600;2.25;0.0;0.298;11.7942;b3
2;3;SRV-DTIC-PROD;20-05-2026 20:44:41;POST;/api/orders/sell;500;5000;2.25;0.0;0.298;11.7942;ordens
2;3;SRV-DTIC-PROD;20-05-2026 20:44:41;POST;/api/b3/orders;502;400;2.25;0.0;0.298;11.7942;ordens
2;3;SRV-DTIC-PROD;20-05-2026 20:44:41;GET;/api/market/news;200;700;2.25;0.0;0.298;11.7942;mercado
2;3;SRV-DTIC-PROD;20-05-2026 20:44:41;POST;/api/risk/check;500;130;2.25;0.0;0.298;11.7942;trades
2;3;SRV-DTIC-PROD;20-05-2026 20:44:41;POST;/api/b3/orders;502;400;2.25;0.0;0.298;11.7942;ordens
2;3;SRV-DTIC-PROD;20-05-2026 20:44:41;POST;/api/orders/sell;500;5000;2.25;0.0;0.298;11.7942;ordens
2;3;SRV-DTIC-PROD;20-05-2026 20:44:57;GET;/api/quotes/PETR4;502;3000;5.5;0.0;0.3022;11.8662;trades
2;3;SRV-DTIC-PROD;20-05-2026 20:44:57;POST;/api/risk/check;500;130;5.5;0.0;0.3022;11.8662;trades
2;3;SRV-DTIC-PROD;20-05-2026 20:44:57;POST;/api/auth/2fa/verify;503;900;5.5;0.0;0.3022;11.8662;trades
2;3;SRV-DTIC-PROD;20-05-2026 20:44:57;GET;/api/market/orderbook/PETR4;504;3200;5.5;0.0;0.3022;11.8662;mercado
2;3;SRV-DTIC-PROD;20-05-2026 20:44:57;POST;/api/auth/refresh-token;502;60;5.5;0.0;0.3022;11.8662;trades
2;3;SRV-DTIC-PROD;20-05-2026 20:44:57;DELETE;/api/orders/cancel;503;1000;5.5;0.0;0.3022;11.8662;ordens
2;3;SRV-DTIC-PROD;20-05-2026 20:44:57;POST;/api/risk/check;500;130;5.5;0.0;0.3022;11.8662;trades
2;3;SRV-DTIC-PROD;20-05-2026 20:44:57;GET;/api/b3/session-status;504;600;5.5;0.0;0.3022;11.8662;b3
2;3;SRV-DTIC-PROD;20-05-2026 20:44:57;DELETE;/api/orders/cancel;503;1000;5.5;0.0;0.3022;11.8662;ordens
2;3;SRV-DTIC-PROD;20-05-2026 20:44:57;POST;/api/b3/orders;502;400;5.5;0.0;0.3022;11.8662;ordens
2;3;SRV-DTIC-PROD;20-05-2026 20:45:13;POST;/api/order-preview;503;800;5.75;0.0;0.3007;11.8135;trades
2;3;SRV-DTIC-PROD;20-05-2026 20:45:13;GET;/api/account/balance;200;45;5.75;0.0;0.3007;11.8135;financeiro
2;3;SRV-DTIC-PROD;20-05-2026 20:45:13;GET;/api/account/balance;200;45;5.75;0.0;0.3007;11.8135;financeiro
2;3;SRV-DTIC-PROD;20-05-2026 20:45:13;POST;/api/risk/check;500;130;5.75;0.0;0.3007;11.8135;trades
2;3;SRV-DTIC-PROD;20-05-2026 20:45:13;DELETE;/api/orders/cancel;503;1000;5.75;0.0;0.3007;11.8135;ordens
2;3;SRV-DTIC-PROD;20-05-2026 20:45:13;POST;/api/order-preview;503;800;5.75;0.0;0.3007;11.8135;trades
2;3;SRV-DTIC-PROD;20-05-2026 20:45:13;POST;/api/deposits;504;2600;5.75;0.0;0.3007;11.8135;trades
2;3;SRV-DTIC-PROD;20-05-2026 20:45:13;POST;/api/auth/refresh-token;502;60;5.75;0.0;0.3007;11.8135;trades
2;3;SRV-DTIC-PROD;20-05-2026 20:45:13;GET;/api/market/news;200;700;5.75;0.0;0.3007;11.8135;mercado
2;3;SRV-DTIC-PROD;20-05-2026 20:45:13;POST;/api/auth/login;200;1200;5.75;0.0;0.3007;11.8135;trades
2;3;SRV-DTIC-PROD;20-05-2026 20:45:30;POST;/api/risk/check;500;130;6.5;0.0;0.3089;11.8313;trades
2;3;SRV-DTIC-PROD;20-05-2026 20:45:30;GET;/api/portfolio/performance;200;2800;6.5;0.0;0.3089;11.8313;trades
2;3;SRV-DTIC-PROD;20-05-2026 20:45:30;GET;/api/quotes/PETR4;502;3000;6.5;0.0;0.3089;11.8313;trades
2;3;SRV-DTIC-PROD;20-05-2026 20:45:30;POST;/api/risk/check;500;130;6.5;0.0;0.3089;11.8313;trades
2;3;SRV-DTIC-PROD;20-05-2026 20:45:30;GET;/api/portfolio/performance;200;2800;6.5;0.0;0.3089;11.8313;trades
2;3;SRV-DTIC-PROD;20-05-2026 20:45:30;GET;/api/account/balance;200;45;6.5;0.0;0.3089;11.8313;financeiro
2;3;SRV-DTIC-PROD;20-05-2026 20:45:30;POST;/api/auth/login;200;1200;6.5;0.0;0.3089;11.8313;trades
2;3;SRV-DTIC-PROD;20-05-2026 20:45:30;POST;/api/auth/refresh-token;502;60;6.5;0.0;0.3089;11.8313;trades
2;3;SRV-DTIC-PROD;20-05-2026 20:45:30;GET;/api/b3/session-status;504;600;6.5;0.0;0.3089;11.8313;b3
2;3;SRV-DTIC-PROD;20-05-2026 20:45:30;POST;/api/risk/check;500;130;6.5;0.0;0.3089;11.8313;trades
2;3;SRV-DTIC-PROD;20-05-2026 20:45:47;POST;/api/auth/logout;500;1800;10.75;0.0;0.3172;11.9123;trades
2;3;SRV-DTIC-PROD;20-05-2026 20:45:47;DELETE;/api/orders/cancel;503;1000;10.75;0.0;0.3172;11.9123;ordens
2;3;SRV-DTIC-PROD;20-05-2026 20:45:47;GET;/api/trades/summary;200;3100;10.75;0.0;0.3172;11.9123;trades
2;3;SRV-DTIC-PROD;20-05-2026 20:45:47;GET;/api/trades;500;2400;10.75;0.0;0.3172;11.9123;trades
2;3;SRV-DTIC-PROD;20-05-2026 20:45:47;POST;/api/risk/check;500;130;10.75;0.0;0.3172;11.9123;trades
2;3;SRV-DTIC-PROD;20-05-2026 20:45:47;GET;/api/portfolio/performance;200;2800;10.75;0.0;0.3172;11.9123;trades
2;3;SRV-DTIC-PROD;20-05-2026 20:45:47;POST;/api/auth/logout;500;1800;10.75;0.0;0.3172;11.9123;trades
2;3;SRV-DTIC-PROD;20-05-2026 20:45:47;GET;/api/quotes/PETR4;502;3000;10.75;0.0;0.3172;11.9123;trades
2;3;SRV-DTIC-PROD;20-05-2026 20:45:47;DELETE;/api/orders/cancel;503;1000;10.75;0.0;0.3172;11.9123;ordens
2;3;SRV-DTIC-PROD;20-05-2026 20:45:47;GET;/api/portfolio;500;1900;10.75;0.0;0.3172;11.9123;trades
2;3;SRV-DTIC-PROD;20-05-2026 20:46:03;GET;/api/portfolio;500;1900;2.25;0.0;0.3057;11.8799;trades
2;3;SRV-DTIC-PROD;20-05-2026 20:46:03;GET;/api/portfolio;500;1900;2.25;0.0;0.3057;11.8799;trades
2;3;SRV-DTIC-PROD;20-05-2026 20:46:03;POST;/api/order-preview;503;800;2.25;0.0;0.3057;11.8799;trades
2;3;SRV-DTIC-PROD;20-05-2026 20:46:03;POST;/api/risk/check;500;130;2.25;0.0;0.3057;11.8799;trades
2;3;SRV-DTIC-PROD;20-05-2026 20:46:03;POST;/api/risk/check;500;130;2.25;0.0;0.3057;11.8799;trades
2;3;SRV-DTIC-PROD;20-05-2026 20:46:03;GET;/api/trades;500;2400;2.25;0.0;0.3057;11.8799;trades
2;3;SRV-DTIC-PROD;20-05-2026 20:46:03;GET;/api/market/news;200;700;2.25;0.0;0.3057;11.8799;mercado
2;3;SRV-DTIC-PROD;20-05-2026 20:46:03;GET;/api/trades;500;2400;2.25;0.0;0.3057;11.8799;trades
2;3;SRV-DTIC-PROD;20-05-2026 20:46:03;GET;/api/market/news;200;700;2.25;0.0;0.3057;11.8799;mercado
2;3;SRV-DTIC-PROD;20-05-2026 20:46:03;GET;/api/trades/summary;200;3100;2.25;0.0;0.3057;11.8799;trades
2;3;SRV-DTIC-PROD;20-05-2026 20:46:21;POST;/api/b3/orders;502;400;34.25;0.0;0.3118;11.8418;ordens
2;3;SRV-DTIC-PROD;20-05-2026 20:46:21;POST;/api/b3/orders;502;400;34.25;0.0;0.3118;11.8418;ordens
2;3;SRV-DTIC-PROD;20-05-2026 20:46:21;POST;/api/risk/check;500;130;34.25;0.0;0.3118;11.8418;trades
2;3;SRV-DTIC-PROD;20-05-2026 20:46:21;POST;/api/auth/refresh-token;502;60;34.25;0.0;0.3118;11.8418;trades
2;3;SRV-DTIC-PROD;20-05-2026 20:46:21;GET;/api/trades/summary;200;3100;34.25;0.0;0.3118;11.8418;trades
2;3;SRV-DTIC-PROD;20-05-2026 20:46:21;POST;/api/order-preview;503;800;34.25;0.0;0.3118;11.8418;trades
2;3;SRV-DTIC-PROD;20-05-2026 20:46:21;GET;/api/market/orderbook/PETR4;504;3200;34.25;0.0;0.3118;11.8418;mercado
2;3;SRV-DTIC-PROD;20-05-2026 20:46:21;POST;/api/auth/2fa/verify;503;900;34.25;0.0;0.3118;11.8418;trades
2;3;SRV-DTIC-PROD;20-05-2026 20:46:21;GET;/api/trades;500;2400;34.25;0.0;0.3118;11.8418;trades
2;3;SRV-DTIC-PROD;20-05-2026 20:46:21;GET;/api/market/orderbook/PETR4;504;3200;34.25;0.0;0.3118;11.8418;mercado
2;3;SRV-DTIC-PROD;20-05-2026 20:46:38;POST;/api/deposits;504;2600;7.75;0.0;0.3067;11.8437;trades
2;3;SRV-DTIC-PROD;20-05-2026 20:46:38;GET;/api/b3/session-status;504;600;7.75;0.0;0.3067;11.8437;b3
2;3;SRV-DTIC-PROD;20-05-2026 20:46:38;POST;/api/risk/check;500;130;7.75;0.0;0.3067;11.8437;trades
2;3;SRV-DTIC-PROD;20-05-2026 20:46:38;POST;/api/auth/login;200;1200;7.75;0.0;0.3067;11.8437;trades
2;3;SRV-DTIC-PROD;20-05-2026 20:46:38;POST;/api/auth/logout;500;1800;7.75;0.0;0.3067;11.8437;trades
2;3;SRV-DTIC-PROD;20-05-2026 20:46:38;GET;/api/portfolio;500;1900;7.75;0.0;0.3067;11.8437;trades
2;3;SRV-DTIC-PROD;20-05-2026 20:46:38;GET;/api/account/balance;200;45;7.75;0.0;0.3067;11.8437;financeiro
2;3;SRV-DTIC-PROD;20-05-2026 20:46:38;POST;/api/risk/check;500;130;7.75;0.0;0.3067;11.8437;trades
2;3;SRV-DTIC-PROD;20-05-2026 20:46:38;POST;/api/orders/validate;504;170;7.75;0.0;0.3067;11.8437;ordens
2;3;SRV-DTIC-PROD;20-05-2026 20:46:38;GET;/api/b3/session-status;504;600;7.75;0.0;0.3067;11.8437;b3
2;3;SRV-DTIC-PROD;20-05-2026 20:46:54;DELETE;/api/orders/cancel;503;1000;28.5;0.0;0.3082;11.8296;ordens
2;3;SRV-DTIC-PROD;20-05-2026 20:46:54;DELETE;/api/orders/cancel;503;1000;28.5;0.0;0.3082;11.8296;ordens
2;3;SRV-DTIC-PROD;20-05-2026 20:46:54;POST;/api/deposits;504;2600;28.5;0.0;0.3082;11.8296;trades
2;3;SRV-DTIC-PROD;20-05-2026 20:46:54;GET;/api/trades;500;2400;28.5;0.0;0.3082;11.8296;trades
2;3;SRV-DTIC-PROD;20-05-2026 20:46:54;POST;/api/b3/orders;502;400;28.5;0.0;0.3082;11.8296;ordens
2;3;SRV-DTIC-PROD;20-05-2026 20:46:54;GET;/api/quotes/PETR4;502;3000;28.5;0.0;0.3082;11.8296;trades
2;3;SRV-DTIC-PROD;20-05-2026 20:46:54;GET;/api/trades/summary;200;3100;28.5;0.0;0.3082;11.8296;trades
2;3;SRV-DTIC-PROD;20-05-2026 20:46:54;GET;/api/b3/session-status;504;600;28.5;0.0;0.3082;11.8296;b3
2;3;SRV-DTIC-PROD;20-05-2026 20:46:54;POST;/api/auth/2fa/verify;503;900;28.5;0.0;0.3082;11.8296;trades
2;3;SRV-DTIC-PROD;20-05-2026 20:46:54;GET;/api/account/balance;200;45;28.5;0.0;0.3082;11.8296;financeiro
2;3;SRV-DTIC-PROD;20-05-2026 20:47:11;POST;/api/orders/buy;201;1300;53.0;0.0;0.3079;11.7992;ordens
2;3;SRV-DTIC-PROD;20-05-2026 20:47:11;POST;/api/orders/buy;201;1300;53.0;0.0;0.3079;11.7992;ordens
2;3;SRV-DTIC-PROD;20-05-2026 20:47:11;POST;/api/risk/check;500;130;53.0;0.0;0.3079;11.7992;trades
2;3;SRV-DTIC-PROD;20-05-2026 20:47:11;POST;/api/orders/buy;201;1300;53.0;0.0;0.3079;11.7992;ordens
2;3;SRV-DTIC-PROD;20-05-2026 20:47:11;POST;/api/orders/buy;201;1300;53.0;0.0;0.3079;11.7992;ordens
2;3;SRV-DTIC-PROD;20-05-2026 20:47:11;POST;/api/auth/refresh-token;502;60;53.0;0.0;0.3079;11.7992;trades
2;3;SRV-DTIC-PROD;20-05-2026 20:47:11;POST;/api/auth/login;200;1200;53.0;0.0;0.3079;11.7992;trades
2;3;SRV-DTIC-PROD;20-05-2026 20:47:11;GET;/api/trades/summary;200;3100;53.0;0.0;0.3079;11.7992;trades
2;3;SRV-DTIC-PROD;20-05-2026 20:47:11;POST;/api/b3/orders;502;400;53.0;0.0;0.3079;11.7992;ordens
2;3;SRV-DTIC-PROD;20-05-2026 20:47:11;GET;/api/trades;500;2400;53.0;0.0;0.3079;11.7992;trades
2;3;SRV-DTIC-PROD;20-05-2026 20:47:28;POST;/api/risk/check;500;130;5.5;0.0;0.311;11.8404;trades
2;3;SRV-DTIC-PROD;20-05-2026 20:47:28;POST;/api/orders/buy;201;1300;5.5;0.0;0.311;11.8404;ordens
2;3;SRV-DTIC-PROD;20-05-2026 20:47:28;GET;/api/portfolio/performance;200;2800;5.5;0.0;0.311;11.8404;trades
2;3;SRV-DTIC-PROD;20-05-2026 20:47:28;POST;/api/auth/login;200;1200;5.5;0.0;0.311;11.8404;trades
2;3;SRV-DTIC-PROD;20-05-2026 20:47:28;POST;/api/deposits;504;2600;5.5;0.0;0.311;11.8404;trades
2;3;SRV-DTIC-PROD;20-05-2026 20:47:28;GET;/api/b3/session-status;504;600;5.5;0.0;0.311;11.8404;b3
2;3;SRV-DTIC-PROD;20-05-2026 20:47:28;DELETE;/api/orders/cancel;503;1000;5.5;0.0;0.311;11.8404;ordens
2;3;SRV-DTIC-PROD;20-05-2026 20:47:28;POST;/api/deposits;504;2600;5.5;0.0;0.311;11.8404;trades
2;3;SRV-DTIC-PROD;20-05-2026 20:47:28;GET;/api/account/balance;200;45;5.5;0.0;0.311;11.8404;financeiro
2;3;SRV-DTIC-PROD;20-05-2026 20:47:28;POST;/api/orders/validate;504;170;5.5;0.0;0.311;11.8404;ordens
2;3;SRV-DTIC-PROD;20-05-2026 20:47:44;POST;/api/orders/buy;201;1300;17.5;0.0;0.3307;11.7975;ordens
2;3;SRV-DTIC-PROD;20-05-2026 20:47:44;POST;/api/auth/logout;500;1800;17.5;0.0;0.3307;11.7975;trades
2;3;SRV-DTIC-PROD;20-05-2026 20:47:44;GET;/api/trades/summary;200;3100;17.5;0.0;0.3307;11.7975;trades
2;3;SRV-DTIC-PROD;20-05-2026 20:47:44;GET;/api/b3/session-status;504;600;17.5;0.0;0.3307;11.7975;b3
2;3;SRV-DTIC-PROD;20-05-2026 20:47:44;DELETE;/api/orders/cancel;503;1000;17.5;0.0;0.3307;11.7975;ordens
2;3;SRV-DTIC-PROD;20-05-2026 20:47:44;POST;/api/auth/login;200;1200;17.5;0.0;0.3307;11.7975;trades
2;3;SRV-DTIC-PROD;20-05-2026 20:47:44;GET;/api/portfolio;500;1900;17.5;0.0;0.3307;11.7975;trades
2;3;SRV-DTIC-PROD;20-05-2026 20:47:44;GET;/api/portfolio/performance;200;2800;17.5;0.0;0.3307;11.7975;trades
2;3;SRV-DTIC-PROD;20-05-2026 20:47:44;POST;/api/order-preview;503;800;17.5;0.0;0.3307;11.7975;trades
2;3;SRV-DTIC-PROD;20-05-2026 20:47:44;GET;/api/portfolio;500;1900;17.5;0.0;0.3307;11.7975;trades
2;3;SRV-DTIC-PROD;20-05-2026 20:48:00;GET;/api/b3/session-status;504;600;2.5;0.0;0.2999;11.8165;b3
2;3;SRV-DTIC-PROD;20-05-2026 20:48:00;GET;/api/quotes/PETR4;502;3000;2.5;0.0;0.2999;11.8165;trades
2;3;SRV-DTIC-PROD;20-05-2026 20:48:00;GET;/api/portfolio;500;1900;2.5;0.0;0.2999;11.8165;trades
2;3;SRV-DTIC-PROD;20-05-2026 20:48:00;POST;/api/orders/validate;504;170;2.5;0.0;0.2999;11.8165;ordens
2;3;SRV-DTIC-PROD;20-05-2026 20:48:00;POST;/api/risk/check;500;130;2.5;0.0;0.2999;11.8165;trades
2;3;SRV-DTIC-PROD;20-05-2026 20:48:00;POST;/api/b3/orders;502;400;2.5;0.0;0.2999;11.8165;ordens
2;3;SRV-DTIC-PROD;20-05-2026 20:48:00;POST;/api/orders/validate;504;170;2.5;0.0;0.2999;11.8165;ordens
2;3;SRV-DTIC-PROD;20-05-2026 20:48:00;GET;/api/trades/summary;200;3100;2.5;0.0;0.2999;11.8165;trades
2;3;SRV-DTIC-PROD;20-05-2026 20:48:00;GET;/api/account/balance;200;45;2.5;0.0;0.2999;11.8165;financeiro
2;3;SRV-DTIC-PROD;20-05-2026 20:48:00;GET;/api/portfolio/performance;200;2800;2.5;0.0;0.2999;11.8165;trades
2;3;SRV-DTIC-PROD;20-05-2026 20:48:17;POST;/api/order-preview;503;800;12.5;0.0;0.2989;11.7654;trades
2;3;SRV-DTIC-PROD;20-05-2026 20:48:17;GET;/api/quotes/VALE3;200;2500;12.5;0.0;0.2989;11.7654;trades
2;3;SRV-DTIC-PROD;20-05-2026 20:48:17;DELETE;/api/orders/cancel;503;1000;12.5;0.0;0.2989;11.7654;ordens
2;3;SRV-DTIC-PROD;20-05-2026 20:48:17;GET;/api/quotes/VALE3;200;2500;12.5;0.0;0.2989;11.7654;trades
2;3;SRV-DTIC-PROD;20-05-2026 20:48:17;GET;/api/portfolio/performance;200;2800;12.5;0.0;0.2989;11.7654;trades
2;3;SRV-DTIC-PROD;20-05-2026 20:48:17;POST;/api/orders/validate;504;170;12.5;0.0;0.2989;11.7654;ordens
2;3;SRV-DTIC-PROD;20-05-2026 20:48:17;POST;/api/orders/buy;201;1300;12.5;0.0;0.2989;11.7654;ordens
2;3;SRV-DTIC-PROD;20-05-2026 20:48:17;POST;/api/orders/validate;504;170;12.5;0.0;0.2989;11.7654;ordens
2;3;SRV-DTIC-PROD;20-05-2026 20:48:17;GET;/api/portfolio/performance;200;2800;12.5;0.0;0.2989;11.7654;trades
2;3;SRV-DTIC-PROD;20-05-2026 20:48:17;POST;/api/deposits;504;2600;12.5;0.0;0.2989;11.7654;trades
2;3;SRV-DTIC-PROD;20-05-2026 20:48:32;POST;/api/order-preview;503;800;4.0;0.0;0.31;11.9687;trades
2;3;SRV-DTIC-PROD;20-05-2026 20:48:32;POST;/api/risk/check;500;130;4.0;0.0;0.31;11.9687;trades
2;3;SRV-DTIC-PROD;20-05-2026 20:48:32;GET;/api/portfolio;500;1900;4.0;0.0;0.31;11.9687;trades
2;3;SRV-DTIC-PROD;20-05-2026 20:48:32;POST;/api/deposits;504;2600;4.0;0.0;0.31;11.9687;trades
2;3;SRV-DTIC-PROD;20-05-2026 20:48:32;POST;/api/risk/check;500;130;4.0;0.0;0.31;11.9687;trades
2;3;SRV-DTIC-PROD;20-05-2026 20:48:32;DELETE;/api/orders/cancel;503;1000;4.0;0.0;0.31;11.9687;ordens
2;3;SRV-DTIC-PROD;20-05-2026 20:48:32;GET;/api/b3/session-status;504;600;4.0;0.0;0.31;11.9687;b3
2;3;SRV-DTIC-PROD;20-05-2026 20:48:32;POST;/api/deposits;504;2600;4.0;0.0;0.31;11.9687;trades
2;3;SRV-DTIC-PROD;20-05-2026 20:48:32;DELETE;/api/orders/cancel;503;1000;4.0;0.0;0.31;11.9687;ordens
2;3;SRV-DTIC-PROD;20-05-2026 20:48:32;POST;/api/deposits;504;2600;4.0;0.0;0.31;11.9687;trades
2;3;SRV-DTIC-PROD;20-05-2026 20:48:50;POST;/api/orders/buy;201;1300;10.25;0.0;0.3759;11.8934;ordens
2;3;SRV-DTIC-PROD;20-05-2026 20:48:50;GET;/api/portfolio;500;1900;10.25;0.0;0.3759;11.8934;trades
2;3;SRV-DTIC-PROD;20-05-2026 20:48:50;GET;/api/quotes/VALE3;200;2500;10.25;0.0;0.3759;11.8934;trades
2;3;SRV-DTIC-PROD;20-05-2026 20:48:50;POST;/api/auth/login;200;1200;10.25;0.0;0.3759;11.8934;trades
2;3;SRV-DTIC-PROD;20-05-2026 20:48:50;POST;/api/risk/check;500;130;10.25;0.0;0.3759;11.8934;trades
2;3;SRV-DTIC-PROD;20-05-2026 20:48:50;POST;/api/risk/check;500;130;10.25;0.0;0.3759;11.8934;trades
2;3;SRV-DTIC-PROD;20-05-2026 20:48:50;GET;/api/portfolio;500;1900;10.25;0.0;0.3759;11.8934;trades
2;3;SRV-DTIC-PROD;20-05-2026 20:48:50;POST;/api/b3/orders;502;400;10.25;0.0;0.3759;11.8934;ordens
2;3;SRV-DTIC-PROD;20-05-2026 20:48:50;GET;/api/b3/session-status;504;600;10.25;0.0;0.3759;11.8934;b3
2;3;SRV-DTIC-PROD;20-05-2026 20:48:50;GET;/api/trades;500;2400;10.25;0.0;0.3759;11.8934;trades
2;3;SRV-DTIC-PROD;20-05-2026 20:49:06;POST;/api/orders/validate;504;170;4.75;0.0;0.3039;11.8437;ordens
2;3;SRV-DTIC-PROD;20-05-2026 20:49:06;GET;/api/market/news;200;700;4.75;0.0;0.3039;11.8437;mercado
2;3;SRV-DTIC-PROD;20-05-2026 20:49:06;POST;/api/auth/2fa/verify;503;900;4.75;0.0;0.3039;11.8437;trades
2;3;SRV-DTIC-PROD;20-05-2026 20:49:06;GET;/api/market/orderbook/PETR4;504;3200;4.75;0.0;0.3039;11.8437;mercado
2;3;SRV-DTIC-PROD;20-05-2026 20:49:06;POST;/api/orders/validate;504;170;4.75;0.0;0.3039;11.8437;ordens
2;3;SRV-DTIC-PROD;20-05-2026 20:49:06;POST;/api/auth/2fa/verify;503;900;4.75;0.0;0.3039;11.8437;trades
2;3;SRV-DTIC-PROD;20-05-2026 20:49:06;POST;/api/deposits;504;2600;4.75;0.0;0.3039;11.8437;trades
2;3;SRV-DTIC-PROD;20-05-2026 20:49:06;POST;/api/deposits;504;2600;4.75;0.0;0.3039;11.8437;trades
2;3;SRV-DTIC-PROD;20-05-2026 20:49:06;POST;/api/order-preview;503;800;4.75;0.0;0.3039;11.8437;trades
2;3;SRV-DTIC-PROD;20-05-2026 20:49:06;POST;/api/order-preview;503;800;4.75;0.0;0.3039;11.8437;trades
2;3;SRV-DTIC-PROD;20-05-2026 20:49:22;POST;/api/risk/check;500;130;9.25;0.0;0.3081;11.9386;trades
2;3;SRV-DTIC-PROD;20-05-2026 20:49:22;POST;/api/orders/buy;201;1300;9.25;0.0;0.3081;11.9386;ordens
2;3;SRV-DTIC-PROD;20-05-2026 20:49:22;POST;/api/risk/check;500;130;9.25;0.0;0.3081;11.9386;trades
2;3;SRV-DTIC-PROD;20-05-2026 20:49:22;GET;/api/quotes/PETR4;502;3000;9.25;0.0;0.3081;11.9386;trades
2;3;SRV-DTIC-PROD;20-05-2026 20:49:22;POST;/api/orders/buy;201;1300;9.25;0.0;0.3081;11.9386;ordens
2;3;SRV-DTIC-PROD;20-05-2026 20:49:22;POST;/api/order-preview;503;800;9.25;0.0;0.3081;11.9386;trades
2;3;SRV-DTIC-PROD;20-05-2026 20:49:22;POST;/api/orders/buy;201;1300;9.25;0.0;0.3081;11.9386;ordens
2;3;SRV-DTIC-PROD;20-05-2026 20:49:22;GET;/api/b3/session-status;504;600;9.25;0.0;0.3081;11.9386;b3
2;3;SRV-DTIC-PROD;20-05-2026 20:49:22;POST;/api/orders/sell;500;5000;9.25;0.0;0.3081;11.9386;ordens
2;3;SRV-DTIC-PROD;20-05-2026 20:49:22;POST;/api/auth/login;200;1200;9.25;0.0;0.3081;11.9386;trades
2;3;SRV-DTIC-PROD;20-05-2026 20:49:39;GET;/api/trades/summary;200;3100;9.0;0.0;0.3208;11.9174;trades
2;3;SRV-DTIC-PROD;20-05-2026 20:49:39;GET;/api/portfolio/performance;200;2800;9.0;0.0;0.3208;11.9174;trades
2;3;SRV-DTIC-PROD;20-05-2026 20:49:39;POST;/api/orders/sell;500;5000;9.0;0.0;0.3208;11.9174;ordens
2;3;SRV-DTIC-PROD;20-05-2026 20:49:39;POST;/api/risk/check;500;130;9.0;0.0;0.3208;11.9174;trades
2;3;SRV-DTIC-PROD;20-05-2026 20:49:39;POST;/api/orders/validate;504;170;9.0;0.0;0.3208;11.9174;ordens
2;3;SRV-DTIC-PROD;20-05-2026 20:49:39;GET;/api/quotes/VALE3;200;2500;9.0;0.0;0.3208;11.9174;trades
2;3;SRV-DTIC-PROD;20-05-2026 20:49:39;POST;/api/risk/check;500;130;9.0;0.0;0.3208;11.9174;trades
2;3;SRV-DTIC-PROD;20-05-2026 20:49:39;POST;/api/auth/2fa/verify;503;900;9.0;0.0;0.3208;11.9174;trades
2;3;SRV-DTIC-PROD;20-05-2026 20:49:39;GET;/api/market/news;200;700;9.0;0.0;0.3208;11.9174;mercado
2;3;SRV-DTIC-PROD;20-05-2026 20:49:39;POST;/api/deposits;504;2600;9.0;0.0;0.3208;11.9174;trades
2;3;SRV-DTIC-PROD;20-05-2026 20:49:57;GET;/api/b3/session-status;504;600;23.5;0.0;0.4508;11.876;b3
2;3;SRV-DTIC-PROD;20-05-2026 20:49:57;GET;/api/b3/session-status;504;600;23.5;0.0;0.4508;11.876;b3
2;3;SRV-DTIC-PROD;20-05-2026 20:49:57;POST;/api/order-preview;503;800;23.5;0.0;0.4508;11.876;trades
2;3;SRV-DTIC-PROD;20-05-2026 20:49:57;GET;/api/portfolio;500;1900;23.5;0.0;0.4508;11.876;trades
2;3;SRV-DTIC-PROD;20-05-2026 20:49:57;POST;/api/order-preview;503;800;23.5;0.0;0.4508;11.876;trades
2;3;SRV-DTIC-PROD;20-05-2026 20:49:57;POST;/api/orders/buy;201;1300;23.5;0.0;0.4508;11.876;ordens
2;3;SRV-DTIC-PROD;20-05-2026 20:49:57;POST;/api/auth/2fa/verify;503;900;23.5;0.0;0.4508;11.876;trades
2;3;SRV-DTIC-PROD;20-05-2026 20:49:57;GET;/api/b3/session-status;504;600;23.5;0.0;0.4508;11.876;b3
2;3;SRV-DTIC-PROD;20-05-2026 20:49:57;POST;/api/deposits;504;2600;23.5;0.0;0.4508;11.876;trades
2;3;SRV-DTIC-PROD;20-05-2026 20:49:57;POST;/api/deposits;504;2600;23.5;0.0;0.4508;11.876;trades
2;3;SRV-DTIC-PROD;20-05-2026 20:50:14;POST;/api/order-preview;503;800;7.75;0.0;0.3047;11.8149;trades
2;3;SRV-DTIC-PROD;20-05-2026 20:50:14;POST;/api/auth/login;200;1200;7.75;0.0;0.3047;11.8149;trades
2;3;SRV-DTIC-PROD;20-05-2026 20:50:14;POST;/api/orders/validate;504;170;7.75;0.0;0.3047;11.8149;ordens
2;3;SRV-DTIC-PROD;20-05-2026 20:50:14;GET;/api/account/balance;200;45;7.75;0.0;0.3047;11.8149;financeiro
2;3;SRV-DTIC-PROD;20-05-2026 20:50:14;POST;/api/auth/2fa/verify;503;900;7.75;0.0;0.3047;11.8149;trades
2;3;SRV-DTIC-PROD;20-05-2026 20:50:14;POST;/api/auth/login;200;1200;7.75;0.0;0.3047;11.8149;trades
2;3;SRV-DTIC-PROD;20-05-2026 20:50:14;GET;/api/b3/session-status;504;600;7.75;0.0;0.3047;11.8149;b3
2;3;SRV-DTIC-PROD;20-05-2026 20:50:14;POST;/api/orders/validate;504;170;7.75;0.0;0.3047;11.8149;ordens
2;3;SRV-DTIC-PROD;20-05-2026 20:50:14;GET;/api/portfolio;500;1900;7.75;0.0;0.3047;11.8149;trades
2;3;SRV-DTIC-PROD;20-05-2026 20:50:14;POST;/api/orders/sell;500;5000;7.75;0.0;0.3047;11.8149;ordens
2;3;SRV-DTIC-PROD;20-05-2026 20:50:31;POST;/api/order-preview;503;800;8.25;0.0;0.3132;12.2246;trades
2;3;SRV-DTIC-PROD;20-05-2026 20:50:31;POST;/api/risk/check;500;130;8.25;0.0;0.3132;12.2246;trades
2;3;SRV-DTIC-PROD;20-05-2026 20:50:31;GET;/api/trades/summary;200;3100;8.25;0.0;0.3132;12.2246;trades
2;3;SRV-DTIC-PROD;20-05-2026 20:50:31;GET;/api/portfolio/performance;200;2800;8.25;0.0;0.3132;12.2246;trades
2;3;SRV-DTIC-PROD;20-05-2026 20:50:31;GET;/api/market/orderbook/PETR4;504;3200;8.25;0.0;0.3132;12.2246;mercado
2;3;SRV-DTIC-PROD;20-05-2026 20:50:31;GET;/api/trades;500;2400;8.25;0.0;0.3132;12.2246;trades
2;3;SRV-DTIC-PROD;20-05-2026 20:50:31;GET;/api/account/balance;200;45;8.25;0.0;0.3132;12.2246;financeiro
2;3;SRV-DTIC-PROD;20-05-2026 20:50:31;GET;/api/b3/session-status;504;600;8.25;0.0;0.3132;12.2246;b3
2;3;SRV-DTIC-PROD;20-05-2026 20:50:31;DELETE;/api/orders/cancel;503;1000;8.25;0.0;0.3132;12.2246;ordens
2;3;SRV-DTIC-PROD;20-05-2026 20:50:31;POST;/api/auth/login;200;1200;8.25;0.0;0.3132;12.2246;trades
2;3;SRV-DTIC-PROD;20-05-2026 20:50:48;POST;/api/orders/validate;504;170;1.75;0.0;0.3069;11.8219;ordens
2;3;SRV-DTIC-PROD;20-05-2026 20:50:48;POST;/api/orders/validate;504;170;1.75;0.0;0.3069;11.8219;ordens
2;3;SRV-DTIC-PROD;20-05-2026 20:50:48;GET;/api/account/balance;200;45;1.75;0.0;0.3069;11.8219;financeiro
2;3;SRV-DTIC-PROD;20-05-2026 20:50:48;GET;/api/quotes/PETR4;502;3000;1.75;0.0;0.3069;11.8219;trades
2;3;SRV-DTIC-PROD;20-05-2026 20:50:48;POST;/api/orders/sell;500;5000;1.75;0.0;0.3069;11.8219;ordens
2;3;SRV-DTIC-PROD;20-05-2026 20:50:48;GET;/api/trades/summary;200;3100;1.75;0.0;0.3069;11.8219;trades
2;3;SRV-DTIC-PROD;20-05-2026 20:50:48;GET;/api/trades;500;2400;1.75;0.0;0.3069;11.8219;trades
2;3;SRV-DTIC-PROD;20-05-2026 20:50:48;GET;/api/trades/summary;200;3100;1.75;0.0;0.3069;11.8219;trades
2;3;SRV-DTIC-PROD;20-05-2026 20:50:48;GET;/api/trades/summary;200;3100;1.75;0.0;0.3069;11.8219;trades
2;3;SRV-DTIC-PROD;20-05-2026 20:50:48;GET;/api/quotes/PETR4;502;3000;1.75;0.0;0.3069;11.8219;trades
2;3;SRV-DTIC-PROD;20-05-2026 20:51:04;DELETE;/api/orders/cancel;503;1000;7.67;20.0;0.3076;11.9301;ordens
2;3;SRV-DTIC-PROD;20-05-2026 20:51:04;POST;/api/order-preview;503;800;7.67;20.0;0.3076;11.9301;trades
2;3;SRV-DTIC-PROD;20-05-2026 20:51:04;GET;/api/portfolio/performance;200;2800;7.67;20.0;0.3076;11.9301;trades
2;3;SRV-DTIC-PROD;20-05-2026 20:51:04;GET;/api/market/news;200;700;7.67;20.0;0.3076;11.9301;mercado
2;3;SRV-DTIC-PROD;20-05-2026 20:51:04;GET;/api/account/balance;200;45;7.67;20.0;0.3076;11.9301;financeiro
2;3;SRV-DTIC-PROD;20-05-2026 20:51:04;GET;/api/b3/session-status;504;600;7.67;20.0;0.3076;11.9301;b3
2;3;SRV-DTIC-PROD;20-05-2026 20:51:04;POST;/api/orders/validate;504;170;7.67;20.0;0.3076;11.9301;ordens
2;3;SRV-DTIC-PROD;20-05-2026 20:51:04;POST;/api/risk/check;500;130;7.67;20.0;0.3076;11.9301;trades
2;3;SRV-DTIC-PROD;20-05-2026 20:51:04;DELETE;/api/orders/cancel;503;1000;7.67;20.0;0.3076;11.9301;ordens
2;3;SRV-DTIC-PROD;20-05-2026 20:51:04;GET;/api/b3/session-status;504;600;7.67;20.0;0.3076;11.9301;b3
2;3;SRV-DTIC-PROD;20-05-2026 20:51:24;GET;/api/b3/session-status;504;600;3.5;0.0;0.3129;11.8349;b3
2;3;SRV-DTIC-PROD;20-05-2026 20:51:24;GET;/api/portfolio/performance;200;2800;3.5;0.0;0.3129;11.8349;trades
2;3;SRV-DTIC-PROD;20-05-2026 20:51:24;POST;/api/orders/sell;500;5000;3.5;0.0;0.3129;11.8349;ordens
2;3;SRV-DTIC-PROD;20-05-2026 20:51:24;POST;/api/auth/login;200;1200;3.5;0.0;0.3129;11.8349;trades
2;3;SRV-DTIC-PROD;20-05-2026 20:51:24;GET;/api/account/balance;200;45;3.5;0.0;0.3129;11.8349;financeiro
2;3;SRV-DTIC-PROD;20-05-2026 20:51:24;GET;/api/trades/summary;200;3100;3.5;0.0;0.3129;11.8349;trades
2;3;SRV-DTIC-PROD;20-05-2026 20:51:24;GET;/api/b3/session-status;504;600;3.5;0.0;0.3129;11.8349;b3
2;3;SRV-DTIC-PROD;20-05-2026 20:51:24;POST;/api/b3/orders;502;400;3.5;0.0;0.3129;11.8349;ordens
2;3;SRV-DTIC-PROD;20-05-2026 20:51:24;POST;/api/b3/orders;502;400;3.5;0.0;0.3129;11.8349;ordens
2;3;SRV-DTIC-PROD;20-05-2026 20:51:24;GET;/api/trades/summary;200;3100;3.5;0.0;0.3129;11.8349;trades
2;3;SRV-DTIC-PROD;20-05-2026 20:51:40;POST;/api/deposits;504;2600;18.75;0.0;0.3288;11.8549;trades
2;3;SRV-DTIC-PROD;20-05-2026 20:51:40;POST;/api/risk/check;500;130;18.75;0.0;0.3288;11.8549;trades
2;3;SRV-DTIC-PROD;20-05-2026 20:51:40;GET;/api/portfolio;500;1900;18.75;0.0;0.3288;11.8549;trades
2;3;SRV-DTIC-PROD;20-05-2026 20:51:40;POST;/api/risk/check;500;130;18.75;0.0;0.3288;11.8549;trades
2;3;SRV-DTIC-PROD;20-05-2026 20:51:40;POST;/api/b3/orders;502;400;18.75;0.0;0.3288;11.8549;ordens
2;3;SRV-DTIC-PROD;20-05-2026 20:51:40;POST;/api/orders/buy;201;1300;18.75;0.0;0.3288;11.8549;ordens
2;3;SRV-DTIC-PROD;20-05-2026 20:51:40;POST;/api/risk/check;500;130;18.75;0.0;0.3288;11.8549;trades
2;3;SRV-DTIC-PROD;20-05-2026 20:51:40;GET;/api/trades;500;2400;18.75;0.0;0.3288;11.8549;trades
2;3;SRV-DTIC-PROD;20-05-2026 20:51:40;GET;/api/account/balance;200;45;18.75;0.0;0.3288;11.8549;financeiro
2;3;SRV-DTIC-PROD;20-05-2026 20:51:40;GET;/api/market/news;200;700;18.75;0.0;0.3288;11.8549;mercado
2;3;SRV-DTIC-PROD;20-05-2026 20:51:55;POST;/api/risk/check;500;130;6.25;0.0;0.2974;11.7867;trades
2;3;SRV-DTIC-PROD;20-05-2026 20:51:55;GET;/api/trades/summary;200;3100;6.25;0.0;0.2974;11.7867;trades
2;3;SRV-DTIC-PROD;20-05-2026 20:51:55;POST;/api/deposits;504;2600;6.25;0.0;0.2974;11.7867;trades
2;3;SRV-DTIC-PROD;20-05-2026 20:51:55;POST;/api/auth/login;200;1200;6.25;0.0;0.2974;11.7867;trades
2;3;SRV-DTIC-PROD;20-05-2026 20:51:55;POST;/api/orders/buy;201;1300;6.25;0.0;0.2974;11.7867;ordens
2;3;SRV-DTIC-PROD;20-05-2026 20:51:55;DELETE;/api/orders/cancel;503;1000;6.25;0.0;0.2974;11.7867;ordens
2;3;SRV-DTIC-PROD;20-05-2026 20:51:55;POST;/api/auth/logout;500;1800;6.25;0.0;0.2974;11.7867;trades
2;3;SRV-DTIC-PROD;20-05-2026 20:51:55;POST;/api/auth/2fa/verify;503;900;6.25;0.0;0.2974;11.7867;trades
2;3;SRV-DTIC-PROD;20-05-2026 20:51:55;POST;/api/order-preview;503;800;6.25;0.0;0.2974;11.7867;trades
2;3;SRV-DTIC-PROD;20-05-2026 20:51:55;GET;/api/portfolio/performance;200;2800;6.25;0.0;0.2974;11.7867;trades
2;3;SRV-DTIC-PROD;20-05-2026 20:52:10;GET;/api/quotes/PETR4;502;3000;3.5;0.0;0.2967;11.7835;trades
2;3;SRV-DTIC-PROD;20-05-2026 20:52:10;GET;/api/quotes/VALE3;200;2500;3.5;0.0;0.2967;11.7835;trades
2;3;SRV-DTIC-PROD;20-05-2026 20:52:10;GET;/api/portfolio;500;1900;3.5;0.0;0.2967;11.7835;trades
2;3;SRV-DTIC-PROD;20-05-2026 20:52:10;GET;/api/account/balance;200;45;3.5;0.0;0.2967;11.7835;financeiro
2;3;SRV-DTIC-PROD;20-05-2026 20:52:10;POST;/api/orders/sell;500;5000;3.5;0.0;0.2967;11.7835;ordens
2;3;SRV-DTIC-PROD;20-05-2026 20:52:10;GET;/api/trades;500;2400;3.5;0.0;0.2967;11.7835;trades
2;3;SRV-DTIC-PROD;20-05-2026 20:52:10;GET;/api/portfolio/performance;200;2800;3.5;0.0;0.2967;11.7835;trades
2;3;SRV-DTIC-PROD;20-05-2026 20:52:10;GET;/api/b3/session-status;504;600;3.5;0.0;0.2967;11.7835;b3
2;3;SRV-DTIC-PROD;20-05-2026 20:52:10;GET;/api/market/orderbook/PETR4;504;3200;3.5;0.0;0.2967;11.7835;mercado
2;3;SRV-DTIC-PROD;20-05-2026 20:52:10;POST;/api/orders/validate;504;170;3.5;0.0;0.2967;11.7835;ordens
2;3;SRV-DTIC-PROD;20-05-2026 20:52:24;DELETE;/api/orders/cancel;503;1000;23.25;0.0;0.2974;11.8071;ordens
2;3;SRV-DTIC-PROD;20-05-2026 20:52:24;POST;/api/deposits;504;2600;23.25;0.0;0.2974;11.8071;trades
2;3;SRV-DTIC-PROD;20-05-2026 20:52:24;GET;/api/portfolio/performance;200;2800;23.25;0.0;0.2974;11.8071;trades
2;3;SRV-DTIC-PROD;20-05-2026 20:52:24;GET;/api/trades/summary;200;3100;23.25;0.0;0.2974;11.8071;trades
2;3;SRV-DTIC-PROD;20-05-2026 20:52:24;POST;/api/orders/sell;500;5000;23.25;0.0;0.2974;11.8071;ordens
2;3;SRV-DTIC-PROD;20-05-2026 20:52:24;GET;/api/trades;500;2400;23.25;0.0;0.2974;11.8071;trades
2;3;SRV-DTIC-PROD;20-05-2026 20:52:24;POST;/api/auth/refresh-token;502;60;23.25;0.0;0.2974;11.8071;trades
2;3;SRV-DTIC-PROD;20-05-2026 20:52:24;DELETE;/api/orders/cancel;503;1000;23.25;0.0;0.2974;11.8071;ordens
2;3;SRV-DTIC-PROD;20-05-2026 20:52:24;POST;/api/risk/check;500;130;23.25;0.0;0.2974;11.8071;trades
2;3;SRV-DTIC-PROD;20-05-2026 20:52:24;POST;/api/order-preview;503;800;23.25;0.0;0.2974;11.8071;trades
2;3;SRV-DTIC-PROD;20-05-2026 20:52:39;POST;/api/order-preview;503;800;15.75;0.0;0.296;11.7804;trades
2;3;SRV-DTIC-PROD;20-05-2026 20:52:39;GET;/api/trades;500;2400;15.75;0.0;0.296;11.7804;trades
2;3;SRV-DTIC-PROD;20-05-2026 20:52:39;GET;/api/portfolio/performance;200;2800;15.75;0.0;0.296;11.7804;trades
2;3;SRV-DTIC-PROD;20-05-2026 20:52:39;POST;/api/b3/orders;502;400;15.75;0.0;0.296;11.7804;ordens
2;3;SRV-DTIC-PROD;20-05-2026 20:52:39;POST;/api/auth/2fa/verify;503;900;15.75;0.0;0.296;11.7804;trades
2;3;SRV-DTIC-PROD;20-05-2026 20:52:39;DELETE;/api/orders/cancel;503;1000;15.75;0.0;0.296;11.7804;ordens
2;3;SRV-DTIC-PROD;20-05-2026 20:52:39;POST;/api/orders/validate;504;170;15.75;0.0;0.296;11.7804;ordens
2;3;SRV-DTIC-PROD;20-05-2026 20:52:39;GET;/api/b3/session-status;504;600;15.75;0.0;0.296;11.7804;b3
2;3;SRV-DTIC-PROD;20-05-2026 20:52:39;GET;/api/market/orderbook/PETR4;504;3200;15.75;0.0;0.296;11.7804;mercado
2;3;SRV-DTIC-PROD;20-05-2026 20:52:39;POST;/api/order-preview;503;800;15.75;0.0;0.296;11.7804;trades
2;3;SRV-DTIC-PROD;20-05-2026 20:52:54;POST;/api/orders/validate;504;170;8.5;0.0;0.2984;11.7783;ordens
2;3;SRV-DTIC-PROD;20-05-2026 20:52:54;POST;/api/deposits;504;2600;8.5;0.0;0.2984;11.7783;trades
2;3;SRV-DTIC-PROD;20-05-2026 20:52:54;POST;/api/orders/sell;500;5000;8.5;0.0;0.2984;11.7783;ordens
2;3;SRV-DTIC-PROD;20-05-2026 20:52:54;POST;/api/orders/validate;504;170;8.5;0.0;0.2984;11.7783;ordens
2;3;SRV-DTIC-PROD;20-05-2026 20:52:54;POST;/api/deposits;504;2600;8.5;0.0;0.2984;11.7783;trades
2;3;SRV-DTIC-PROD;20-05-2026 20:52:54;GET;/api/quotes/VALE3;200;2500;8.5;0.0;0.2984;11.7783;trades
2;3;SRV-DTIC-PROD;20-05-2026 20:52:54;POST;/api/b3/orders;502;400;8.5;0.0;0.2984;11.7783;ordens
2;3;SRV-DTIC-PROD;20-05-2026 20:52:54;POST;/api/orders/validate;504;170;8.5;0.0;0.2984;11.7783;ordens
2;3;SRV-DTIC-PROD;20-05-2026 20:52:54;GET;/api/quotes/VALE3;200;2500;8.5;0.0;0.2984;11.7783;trades
2;3;SRV-DTIC-PROD;20-05-2026 20:52:54;GET;/api/account/balance;200;45;8.5;0.0;0.2984;11.7783;financeiro
2;3;SRV-DTIC-PROD;20-05-2026 20:53:08;GET;/api/quotes/VALE3;200;2500;5.0;0.0;0.3013;11.7902;trades
2;3;SRV-DTIC-PROD;20-05-2026 20:53:08;POST;/api/risk/check;500;130;5.0;0.0;0.3013;11.7902;trades
2;3;SRV-DTIC-PROD;20-05-2026 20:53:08;GET;/api/account/balance;200;45;5.0;0.0;0.3013;11.7902;financeiro
2;3;SRV-DTIC-PROD;20-05-2026 20:53:08;POST;/api/auth/login;200;1200;5.0;0.0;0.3013;11.7902;trades
2;3;SRV-DTIC-PROD;20-05-2026 20:53:08;GET;/api/portfolio;500;1900;5.0;0.0;0.3013;11.7902;trades
2;3;SRV-DTIC-PROD;20-05-2026 20:53:08;POST;/api/auth/logout;500;1800;5.0;0.0;0.3013;11.7902;trades
2;3;SRV-DTIC-PROD;20-05-2026 20:53:08;GET;/api/trades;500;2400;5.0;0.0;0.3013;11.7902;trades
2;3;SRV-DTIC-PROD;20-05-2026 20:53:08;GET;/api/trades/summary;200;3100;5.0;0.0;0.3013;11.7902;trades
2;3;SRV-DTIC-PROD;20-05-2026 20:53:08;POST;/api/orders/validate;504;170;5.0;0.0;0.3013;11.7902;ordens
2;3;SRV-DTIC-PROD;20-05-2026 20:53:08;DELETE;/api/orders/cancel;503;1000;5.0;0.0;0.3013;11.7902;ordens
2;3;SRV-DTIC-PROD;20-05-2026 20:53:23;GET;/api/portfolio;500;1900;5.0;0.0;0.3003;11.7944;trades
2;3;SRV-DTIC-PROD;20-05-2026 20:53:23;POST;/api/b3/orders;502;400;5.0;0.0;0.3003;11.7944;ordens
2;3;SRV-DTIC-PROD;20-05-2026 20:53:23;POST;/api/auth/logout;500;1800;5.0;0.0;0.3003;11.7944;trades
2;3;SRV-DTIC-PROD;20-05-2026 20:53:23;GET;/api/quotes/PETR4;502;3000;5.0;0.0;0.3003;11.7944;trades
2;3;SRV-DTIC-PROD;20-05-2026 20:53:23;POST;/api/auth/login;200;1200;5.0;0.0;0.3003;11.7944;trades
2;3;SRV-DTIC-PROD;20-05-2026 20:53:23;GET;/api/account/balance;200;45;5.0;0.0;0.3003;11.7944;financeiro
2;3;SRV-DTIC-PROD;20-05-2026 20:53:23;GET;/api/trades;500;2400;5.0;0.0;0.3003;11.7944;trades
2;3;SRV-DTIC-PROD;20-05-2026 20:53:23;GET;/api/b3/session-status;504;600;5.0;0.0;0.3003;11.7944;b3
2;3;SRV-DTIC-PROD;20-05-2026 20:53:23;GET;/api/market/news;200;700;5.0;0.0;0.3003;11.7944;mercado
2;3;SRV-DTIC-PROD;20-05-2026 20:53:23;POST;/api/b3/orders;502;400;5.0;0.0;0.3003;11.7944;ordens
2;3;SRV-DTIC-PROD;20-05-2026 20:53:37;GET;/api/portfolio/performance;200;2800;10.0;0.0;0.2995;11.7249;trades
2;3;SRV-DTIC-PROD;20-05-2026 20:53:37;POST;/api/risk/check;500;130;10.0;0.0;0.2995;11.7249;trades
2;3;SRV-DTIC-PROD;20-05-2026 20:53:37;POST;/api/risk/check;500;130;10.0;0.0;0.2995;11.7249;trades
2;3;SRV-DTIC-PROD;20-05-2026 20:53:37;GET;/api/trades;500;2400;10.0;0.0;0.2995;11.7249;trades
2;3;SRV-DTIC-PROD;20-05-2026 20:53:37;GET;/api/portfolio/performance;200;2800;10.0;0.0;0.2995;11.7249;trades
2;3;SRV-DTIC-PROD;20-05-2026 20:53:37;POST;/api/risk/check;500;130;10.0;0.0;0.2995;11.7249;trades
2;3;SRV-DTIC-PROD;20-05-2026 20:53:37;GET;/api/portfolio/performance;200;2800;10.0;0.0;0.2995;11.7249;trades
2;3;SRV-DTIC-PROD;20-05-2026 20:53:37;POST;/api/b3/orders;502;400;10.0;0.0;0.2995;11.7249;ordens
2;3;SRV-DTIC-PROD;20-05-2026 20:53:37;POST;/api/risk/check;500;130;10.0;0.0;0.2995;11.7249;trades
2;3;SRV-DTIC-PROD;20-05-2026 20:53:37;POST;/api/orders/buy;201;1300;10.0;0.0;0.2995;11.7249;ordens
2;3;SRV-DTIC-PROD;20-05-2026 20:53:52;POST;/api/orders/sell;500;5000;82.25;0.0;0.0827;1.4083;ordens
2;3;SRV-DTIC-PROD;20-05-2026 20:53:52;GET;/api/b3/session-status;504;600;82.25;0.0;0.0827;1.4083;b3
2;3;SRV-DTIC-PROD;20-05-2026 20:53:52;GET;/api/trades;500;2400;82.25;0.0;0.0827;1.4083;trades
2;3;SRV-DTIC-PROD;20-05-2026 20:53:52;POST;/api/risk/check;500;130;82.25;0.0;0.0827;1.4083;trades
2;3;SRV-DTIC-PROD;20-05-2026 20:53:52;POST;/api/orders/validate;504;170;82.25;0.0;0.0827;1.4083;ordens
2;3;SRV-DTIC-PROD;20-05-2026 20:53:52;GET;/api/trades/summary;200;3100;82.25;0.0;0.0827;1.4083;trades
2;3;SRV-DTIC-PROD;20-05-2026 20:53:52;POST;/api/risk/check;500;130;82.25;0.0;0.0827;1.4083;trades
2;3;SRV-DTIC-PROD;20-05-2026 20:53:52;GET;/api/trades/summary;200;3100;82.25;0.0;0.0827;1.4083;trades
2;3;SRV-DTIC-PROD;20-05-2026 20:53:52;POST;/api/auth/login;200;1200;82.25;0.0;0.0827;1.4083;trades
2;3;SRV-DTIC-PROD;20-05-2026 20:53:52;POST;/api/risk/check;500;130;82.25;0.0;0.0827;1.4083;trades
2;3;SRV-DTIC-PROD;20-05-2026 20:54:07;POST;/api/order-preview;503;800;5.5;0.0;0.3376;11.318;trades
2;3;SRV-DTIC-PROD;20-05-2026 20:54:07;POST;/api/deposits;504;2600;5.5;0.0;0.3376;11.318;trades
2;3;SRV-DTIC-PROD;20-05-2026 20:54:07;POST;/api/deposits;504;2600;5.5;0.0;0.3376;11.318;trades
2;3;SRV-DTIC-PROD;20-05-2026 20:54:07;GET;/api/portfolio;500;1900;5.5;0.0;0.3376;11.318;trades
2;3;SRV-DTIC-PROD;20-05-2026 20:54:07;POST;/api/orders/validate;504;170;5.5;0.0;0.3376;11.318;ordens
2;3;SRV-DTIC-PROD;20-05-2026 20:54:07;POST;/api/order-preview;503;800;5.5;0.0;0.3376;11.318;trades
2;3;SRV-DTIC-PROD;20-05-2026 20:54:07;POST;/api/auth/2fa/verify;503;900;5.5;0.0;0.3376;11.318;trades
2;3;SRV-DTIC-PROD;20-05-2026 20:54:07;POST;/api/b3/orders;502;400;5.5;0.0;0.3376;11.318;ordens
2;3;SRV-DTIC-PROD;20-05-2026 20:54:07;POST;/api/risk/check;500;130;5.5;0.0;0.3376;11.318;trades
2;3;SRV-DTIC-PROD;20-05-2026 20:54:07;GET;/api/market/orderbook/PETR4;504;3200;5.5;0.0;0.3376;11.318;mercado
2;3;SRV-DTIC-PROD;20-05-2026 20:54:23;GET;/api/account/balance;200;45;35.25;0.0;0.2596;9.7204;financeiro
2;3;SRV-DTIC-PROD;20-05-2026 20:54:23;POST;/api/auth/logout;500;1800;35.25;0.0;0.2596;9.7204;trades
2;3;SRV-DTIC-PROD;20-05-2026 20:54:23;POST;/api/orders/buy;201;1300;35.25;0.0;0.2596;9.7204;ordens
2;3;SRV-DTIC-PROD;20-05-2026 20:54:23;POST;/api/risk/check;500;130;35.25;0.0;0.2596;9.7204;trades
2;3;SRV-DTIC-PROD;20-05-2026 20:54:23;POST;/api/orders/buy;201;1300;35.25;0.0;0.2596;9.7204;ordens
2;3;SRV-DTIC-PROD;20-05-2026 20:54:23;GET;/api/trades/summary;200;3100;35.25;0.0;0.2596;9.7204;trades
2;3;SRV-DTIC-PROD;20-05-2026 20:54:23;GET;/api/portfolio;500;1900;35.25;0.0;0.2596;9.7204;trades
2;3;SRV-DTIC-PROD;20-05-2026 20:54:23;POST;/api/deposits;504;2600;35.25;0.0;0.2596;9.7204;trades
2;3;SRV-DTIC-PROD;20-05-2026 20:54:23;POST;/api/auth/2fa/verify;503;900;35.25;0.0;0.2596;9.7204;trades
2;3;SRV-DTIC-PROD;20-05-2026 20:54:23;POST;/api/order-preview;503;800;35.25;0.0;0.2596;9.7204;trades
2;3;SRV-DTIC-PROD;20-05-2026 20:54:39;GET;/api/trades/summary;200;3100;9.5;0.0;0.29;11.3084;trades
2;3;SRV-DTIC-PROD;20-05-2026 20:54:39;GET;/api/portfolio/performance;200;2800;9.5;0.0;0.29;11.3084;trades
2;3;SRV-DTIC-PROD;20-05-2026 20:54:39;GET;/api/market/news;200;700;9.5;0.0;0.29;11.3084;mercado
2;3;SRV-DTIC-PROD;20-05-2026 20:54:39;POST;/api/deposits;504;2600;9.5;0.0;0.29;11.3084;trades
2;3;SRV-DTIC-PROD;20-05-2026 20:54:39;POST;/api/risk/check;500;130;9.5;0.0;0.29;11.3084;trades
2;3;SRV-DTIC-PROD;20-05-2026 20:54:39;POST;/api/orders/validate;504;170;9.5;0.0;0.29;11.3084;ordens
2;3;SRV-DTIC-PROD;20-05-2026 20:54:39;GET;/api/market/news;200;700;9.5;0.0;0.29;11.3084;mercado
2;3;SRV-DTIC-PROD;20-05-2026 20:54:39;POST;/api/auth/login;200;1200;9.5;0.0;0.29;11.3084;trades
2;3;SRV-DTIC-PROD;20-05-2026 20:54:39;POST;/api/orders/sell;500;5000;9.5;0.0;0.29;11.3084;ordens
2;3;SRV-DTIC-PROD;20-05-2026 20:54:39;POST;/api/auth/2fa/verify;503;900;9.5;0.0;0.29;11.3084;trades
2;3;SRV-DTIC-PROD;20-05-2026 20:54:54;POST;/api/risk/check;500;130;11.25;0.0;0.2396;9.3735;trades
2;3;SRV-DTIC-PROD;20-05-2026 20:54:54;POST;/api/orders/buy;201;1300;11.25;0.0;0.2396;9.3735;ordens
2;3;SRV-DTIC-PROD;20-05-2026 20:54:54;GET;/api/b3/session-status;504;600;11.25;0.0;0.2396;9.3735;b3
2;3;SRV-DTIC-PROD;20-05-2026 20:54:54;DELETE;/api/orders/cancel;503;1000;11.25;0.0;0.2396;9.3735;ordens
2;3;SRV-DTIC-PROD;20-05-2026 20:54:54;POST;/api/order-preview;503;800;11.25;0.0;0.2396;9.3735;trades
2;3;SRV-DTIC-PROD;20-05-2026 20:54:54;GET;/api/market/news;200;700;11.25;0.0;0.2396;9.3735;mercado
2;3;SRV-DTIC-PROD;20-05-2026 20:54:54;POST;/api/deposits;504;2600;11.25;0.0;0.2396;9.3735;trades
2;3;SRV-DTIC-PROD;20-05-2026 20:54:54;DELETE;/api/orders/cancel;503;1000;11.25;0.0;0.2396;9.3735;ordens
2;3;SRV-DTIC-PROD;20-05-2026 20:54:54;POST;/api/orders/buy;201;1300;11.25;0.0;0.2396;9.3735;ordens
2;3;SRV-DTIC-PROD;20-05-2026 20:54:54;GET;/api/trades/summary;200;3100;11.25;0.0;0.2396;9.3735;trades
2;3;SRV-DTIC-PROD;20-05-2026 20:55:10;POST;/api/orders/buy;201;1300;33.75;0.0;0.2891;11.4169;ordens
2;3;SRV-DTIC-PROD;20-05-2026 20:55:10;POST;/api/b3/orders;502;400;33.75;0.0;0.2891;11.4169;ordens
2;3;SRV-DTIC-PROD;20-05-2026 20:55:10;GET;/api/portfolio;500;1900;33.75;0.0;0.2891;11.4169;trades
2;3;SRV-DTIC-PROD;20-05-2026 20:55:10;POST;/api/deposits;504;2600;33.75;0.0;0.2891;11.4169;trades
2;3;SRV-DTIC-PROD;20-05-2026 20:55:10;GET;/api/market/orderbook/PETR4;504;3200;33.75;0.0;0.2891;11.4169;mercado
2;3;SRV-DTIC-PROD;20-05-2026 20:55:10;POST;/api/b3/orders;502;400;33.75;0.0;0.2891;11.4169;ordens
2;3;SRV-DTIC-PROD;20-05-2026 20:55:10;GET;/api/market/news;200;700;33.75;0.0;0.2891;11.4169;mercado
2;3;SRV-DTIC-PROD;20-05-2026 20:55:10;POST;/api/orders/validate;504;170;33.75;0.0;0.2891;11.4169;ordens
2;3;SRV-DTIC-PROD;20-05-2026 20:55:10;POST;/api/orders/sell;500;5000;33.75;0.0;0.2891;11.4169;ordens
2;3;SRV-DTIC-PROD;20-05-2026 20:55:10;POST;/api/orders/buy;201;1300;33.75;0.0;0.2891;11.4169;ordens
2;3;SRV-DTIC-PROD;20-05-2026 20:55:25;POST;/api/risk/check;500;130;12.0;0.0;0.2777;11.2552;trades
2;3;SRV-DTIC-PROD;20-05-2026 20:55:25;GET;/api/market/news;200;700;12.0;0.0;0.2777;11.2552;mercado
2;3;SRV-DTIC-PROD;20-05-2026 20:55:25;GET;/api/quotes/PETR4;502;3000;12.0;0.0;0.2777;11.2552;trades
2;3;SRV-DTIC-PROD;20-05-2026 20:55:25;POST;/api/order-preview;503;800;12.0;0.0;0.2777;11.2552;trades
2;3;SRV-DTIC-PROD;20-05-2026 20:55:25;POST;/api/risk/check;500;130;12.0;0.0;0.2777;11.2552;trades
2;3;SRV-DTIC-PROD;20-05-2026 20:55:25;GET;/api/portfolio;500;1900;12.0;0.0;0.2777;11.2552;trades
2;3;SRV-DTIC-PROD;20-05-2026 20:55:25;GET;/api/quotes/VALE3;200;2500;12.0;0.0;0.2777;11.2552;trades
2;3;SRV-DTIC-PROD;20-05-2026 20:55:25;GET;/api/portfolio/performance;200;2800;12.0;0.0;0.2777;11.2552;trades
2;3;SRV-DTIC-PROD;20-05-2026 20:55:25;GET;/api/quotes/VALE3;200;2500;12.0;0.0;0.2777;11.2552;trades
2;3;SRV-DTIC-PROD;20-05-2026 20:55:25;POST;/api/b3/orders;502;400;12.0;0.0;0.2777;11.2552;ordens
2;3;SRV-DTIC-PROD;20-05-2026 20:55:40;POST;/api/orders/buy;201;1300;4.5;0.0;0.2835;11.5026;ordens
2;3;SRV-DTIC-PROD;20-05-2026 20:55:40;DELETE;/api/orders/cancel;503;1000;4.5;0.0;0.2835;11.5026;ordens
2;3;SRV-DTIC-PROD;20-05-2026 20:55:40;POST;/api/order-preview;503;800;4.5;0.0;0.2835;11.5026;trades
2;3;SRV-DTIC-PROD;20-05-2026 20:55:40;GET;/api/quotes/VALE3;200;2500;4.5;0.0;0.2835;11.5026;trades
2;3;SRV-DTIC-PROD;20-05-2026 20:55:40;POST;/api/b3/orders;502;400;4.5;0.0;0.2835;11.5026;ordens
2;3;SRV-DTIC-PROD;20-05-2026 20:55:40;GET;/api/b3/session-status;504;600;4.5;0.0;0.2835;11.5026;b3
2;3;SRV-DTIC-PROD;20-05-2026 20:55:40;GET;/api/portfolio;500;1900;4.5;0.0;0.2835;11.5026;trades
2;3;SRV-DTIC-PROD;20-05-2026 20:55:40;GET;/api/account/balance;200;45;4.5;0.0;0.2835;11.5026;financeiro
2;3;SRV-DTIC-PROD;20-05-2026 20:55:40;GET;/api/market/orderbook/PETR4;504;3200;4.5;0.0;0.2835;11.5026;mercado
2;3;SRV-DTIC-PROD;20-05-2026 20:55:40;GET;/api/portfolio;500;1900;4.5;0.0;0.2835;11.5026;trades
2;3;SRV-DTIC-PROD;20-05-2026 20:55:54;POST;/api/b3/orders;502;400;7.0;0.0;0.3526;11.4954;ordens
2;3;SRV-DTIC-PROD;20-05-2026 20:55:54;POST;/api/order-preview;503;800;7.0;0.0;0.3526;11.4954;trades
2;3;SRV-DTIC-PROD;20-05-2026 20:55:54;POST;/api/b3/orders;502;400;7.0;0.0;0.3526;11.4954;ordens
2;3;SRV-DTIC-PROD;20-05-2026 20:55:54;POST;/api/orders/sell;500;5000;7.0;0.0;0.3526;11.4954;ordens
2;3;SRV-DTIC-PROD;20-05-2026 20:55:54;GET;/api/b3/session-status;504;600;7.0;0.0;0.3526;11.4954;b3
2;3;SRV-DTIC-PROD;20-05-2026 20:55:54;GET;/api/trades;500;2400;7.0;0.0;0.3526;11.4954;trades
2;3;SRV-DTIC-PROD;20-05-2026 20:55:54;POST;/api/deposits;504;2600;7.0;0.0;0.3526;11.4954;trades
2;3;SRV-DTIC-PROD;20-05-2026 20:55:54;GET;/api/trades/summary;200;3100;7.0;0.0;0.3526;11.4954;trades
2;3;SRV-DTIC-PROD;20-05-2026 20:55:54;POST;/api/b3/orders;502;400;7.0;0.0;0.3526;11.4954;ordens
2;3;SRV-DTIC-PROD;20-05-2026 20:55:54;GET;/api/quotes/PETR4;502;3000;7.0;0.0;0.3526;11.4954;trades
2;3;SRV-DTIC-PROD;20-05-2026 20:56:10;DELETE;/api/orders/cancel;503;1000;3.0;0.0;0.301;11.4407;ordens
2;3;SRV-DTIC-PROD;20-05-2026 20:56:10;POST;/api/risk/check;500;130;3.0;0.0;0.301;11.4407;trades
2;3;SRV-DTIC-PROD;20-05-2026 20:56:10;POST;/api/orders/validate;504;170;3.0;0.0;0.301;11.4407;ordens
2;3;SRV-DTIC-PROD;20-05-2026 20:56:10;POST;/api/risk/check;500;130;3.0;0.0;0.301;11.4407;trades
2;3;SRV-DTIC-PROD;20-05-2026 20:56:10;GET;/api/quotes/VALE3;200;2500;3.0;0.0;0.301;11.4407;trades
2;3;SRV-DTIC-PROD;20-05-2026 20:56:10;POST;/api/auth/refresh-token;502;60;3.0;0.0;0.301;11.4407;trades
2;3;SRV-DTIC-PROD;20-05-2026 20:56:10;GET;/api/trades;500;2400;3.0;0.0;0.301;11.4407;trades
2;3;SRV-DTIC-PROD;20-05-2026 20:56:10;GET;/api/b3/session-status;504;600;3.0;0.0;0.301;11.4407;b3
2;3;SRV-DTIC-PROD;20-05-2026 20:56:10;GET;/api/b3/session-status;504;600;3.0;0.0;0.301;11.4407;b3
2;3;SRV-DTIC-PROD;20-05-2026 20:56:10;GET;/api/portfolio;500;1900;3.0;0.0;0.301;11.4407;trades
2;3;SRV-DTIC-PROD;20-05-2026 20:56:24;GET;/api/trades/summary;200;3100;6.0;0.0;0.2784;11.2478;trades
2;3;SRV-DTIC-PROD;20-05-2026 20:56:24;POST;/api/deposits;504;2600;6.0;0.0;0.2784;11.2478;trades
2;3;SRV-DTIC-PROD;20-05-2026 20:56:24;GET;/api/portfolio/performance;200;2800;6.0;0.0;0.2784;11.2478;trades
2;3;SRV-DTIC-PROD;20-05-2026 20:56:24;POST;/api/risk/check;500;130;6.0;0.0;0.2784;11.2478;trades
2;3;SRV-DTIC-PROD;20-05-2026 20:56:24;GET;/api/b3/session-status;504;600;6.0;0.0;0.2784;11.2478;b3
2;3;SRV-DTIC-PROD;20-05-2026 20:56:24;POST;/api/auth/2fa/verify;503;900;6.0;0.0;0.2784;11.2478;trades
2;3;SRV-DTIC-PROD;20-05-2026 20:56:24;POST;/api/order-preview;503;800;6.0;0.0;0.2784;11.2478;trades
2;3;SRV-DTIC-PROD;20-05-2026 20:56:24;POST;/api/orders/buy;201;1300;6.0;0.0;0.2784;11.2478;ordens
2;3;SRV-DTIC-PROD;20-05-2026 20:56:24;GET;/api/b3/session-status;504;600;6.0;0.0;0.2784;11.2478;b3
2;3;SRV-DTIC-PROD;20-05-2026 20:56:24;GET;/api/quotes/VALE3;200;2500;6.0;0.0;0.2784;11.2478;trades
2;5;luiz;21-05-2026 16:45:01;GET;/api/trades;200;2400;2.0;0.0;0.0003;0.0059;trades
2;5;luiz;21-05-2026 16:45:01;POST;/api/orders/sell;501;250;2.0;0.0;0.0003;0.0059;ordens
2;5;luiz;21-05-2026 16:45:01;POST;/api/auth/login;504;4000;2.0;0.0;0.0003;0.0059;trades
2;5;luiz;21-05-2026 16:45:01;GET;/api/trades;200;2400;2.0;0.0;0.0003;0.0059;trades
2;5;luiz;21-05-2026 16:45:01;GET;/api/trades/summary;504;3100;2.0;0.0;0.0003;0.0059;trades
2;5;luiz;21-05-2026 16:45:01;POST;/api/risk/check;504;700;2.0;0.0;0.0003;0.0059;trades
2;5;luiz;21-05-2026 16:45:01;GET;/api/portfolio;200;3400;2.0;0.0;0.0003;0.0059;trades
2;5;luiz;21-05-2026 16:45:01;POST;/api/b3/orders;502;400;2.0;0.0;0.0003;0.0059;ordens
2;5;luiz;21-05-2026 16:45:01;POST;/api/auth/logout;503;600;2.0;0.0;0.0003;0.0059;trades
2;5;luiz;21-05-2026 16:45:01;GET;/api/trades;200;2400;2.0;0.0;0.0003;0.0059;trades
2;5;luiz;21-05-2026 16:45:14;POST;/api/orders/validate;200;1200;4.75;0.0;0.0014;0.0089;ordens
2;5;luiz;21-05-2026 16:45:14;POST;/api/order-preview;200;2200;4.75;0.0;0.0014;0.0089;trades
2;5;luiz;21-05-2026 16:45:14;GET;/api/trades/summary;504;3100;4.75;0.0;0.0014;0.0089;trades
2;5;luiz;21-05-2026 16:45:14;GET;/api/trades;200;2400;4.75;0.0;0.0014;0.0089;trades
2;5;luiz;21-05-2026 16:45:14;POST;/api/deposits;504;180;4.75;0.0;0.0014;0.0089;trades
2;5;luiz;21-05-2026 16:45:14;POST;/api/auth/login;504;4000;4.75;0.0;0.0014;0.0089;trades
2;5;luiz;21-05-2026 16:45:14;POST;/api/deposits;504;180;4.75;0.0;0.0014;0.0089;trades
2;5;luiz;21-05-2026 16:45:14;POST;/api/b3/orders;502;400;4.75;0.0;0.0014;0.0089;ordens
2;5;luiz;21-05-2026 16:45:14;POST;/api/risk/check;504;700;4.75;0.0;0.0014;0.0089;trades
2;5;luiz;21-05-2026 16:45:14;POST;/api/auth/2fa/verify;500;900;4.75;0.0;0.0014;0.0089;trades
