id_servidor;home_broker;timestamp;latencia_resposta_ms;net_bytes_sent_gb;net_bytes_recv_gb;upload_mbps;download_mbps
3;SRV-DTIC-PROD;20-05-2026 20:30:46;;;;;
3;SRV-DTIC-PROD;20-05-2026 20:30:46;;;;;
3;SRV-DTIC-PROD;20-05-2026 20:30:46;;;;;
3;SRV-DTIC-PROD;20-05-2026 20:30:46;;;;;
3;SRV-DTIC-PROD;20-05-2026 20:30:46;;;;;
3;SRV-DTIC-PROD;20-05-2026 20:30:46;;;;;
3;SRV-DTIC-PROD;20-05-2026 20:30:46;;;;;
3;SRV-DTIC-PROD;20-05-2026 20:31:03;;;;;
3;SRV-DTIC-PROD;20-05-2026 20:31:03;;;;;
3;SRV-DTIC-PROD;20-05-2026 20:31:03;;;;;
3;SRV-DTIC-PROD;20-05-2026 20:31:03;;;;;
3;SRV-DTIC-PROD;20-05-2026 20:31:03;;;;;
3;SRV-DTIC-PROD;20-05-2026 20:31:03;;;;;
3;SRV-DTIC-PROD;20-05-2026 20:31:03;;;;;
3;SRV-DTIC-PROD;20-05-2026 20:31:03;;;;;
3;SRV-DTIC-PROD;20-05-2026 20:31:18;;;;;
3;SRV-DTIC-PROD;20-05-2026 20:31:18;;;;;
3;SRV-DTIC-PROD;20-05-2026 20:31:18;;;;;
3;SRV-DTIC-PROD;20-05-2026 20:31:18;;;;;
3;SRV-DTIC-PROD;20-05-2026 20:31:18;;;;;
3;SRV-DTIC-PROD;20-05-2026 20:31:18;;;;;
3;SRV-DTIC-PROD;20-05-2026 20:31:18;;;;;
3;SRV-DTIC-PROD;20-05-2026 20:31:18;;;;;
3;SRV-DTIC-PROD;20-05-2026 20:31:18;;;;;
3;SRV-DTIC-PROD;20-05-2026 20:31:37;;;;;
3;SRV-DTIC-PROD;20-05-2026 20:31:37;;;;;
3;SRV-DTIC-PROD;20-05-2026 20:31:37;;;;;
3;SRV-DTIC-PROD;20-05-2026 20:31:37;;;;;
3;SRV-DTIC-PROD;20-05-2026 20:31:37;;;;;
3;SRV-DTIC-PROD;20-05-2026 20:31:37;;;;;
3;SRV-DTIC-PROD;20-05-2026 20:31:37;;;;;
3;SRV-DTIC-PROD;20-05-2026 20:31:37;;;;;
3;SRV-DTIC-PROD;20-05-2026 20:31:55;;;;;
3;SRV-DTIC-PROD;20-05-2026 20:31:55;;;;;
3;SRV-DTIC-PROD;20-05-2026 20:31:55;;;;;
3;SRV-DTIC-PROD;20-05-2026 20:31:55;;;;;
3;SRV-DTIC-PROD;20-05-2026 20:31:55;;;;;
3;SRV-DTIC-PROD;20-05-2026 20:31:55;;;;;
3;SRV-DTIC-PROD;20-05-2026 20:31:55;;;;;
3;SRV-DTIC-PROD;20-05-2026 20:32:10;;;;;
3;SRV-DTIC-PROD;20-05-2026 20:32:10;;;;;
3;SRV-DTIC-PROD;20-05-2026 20:32:10;;;;;
3;SRV-DTIC-PROD;20-05-2026 20:32:10;;;;;
3;SRV-DTIC-PROD;20-05-2026 20:32:10;;;;;
3;SRV-DTIC-PROD;20-05-2026 20:32:10;;;;;
3;SRV-DTIC-PROD;20-05-2026 20:32:10;;;;;
3;SRV-DTIC-PROD;20-05-2026 20:32:10;;;;;
3;SRV-DTIC-PROD;20-05-2026 20:32:26;;;;;
3;SRV-DTIC-PROD;20-05-2026 20:32:26;;;;;
3;SRV-DTIC-PROD;20-05-2026 20:32:26;;;;;
3;SRV-DTIC-PROD;20-05-2026 20:32:26;;;;;
3;SRV-DTIC-PROD;20-05-2026 20:32:26;;;;;
3;SRV-DTIC-PROD;20-05-2026 20:32:26;;;;;
3;SRV-DTIC-PROD;20-05-2026 20:32:26;;;;;
3;SRV-DTIC-PROD;20-05-2026 20:32:44;;;;;
3;SRV-DTIC-PROD;20-05-2026 20:32:44;;;;;
3;SRV-DTIC-PROD;20-05-2026 20:32:44;;;;;
3;SRV-DTIC-PROD;20-05-2026 20:32:44;;;;;
3;SRV-DTIC-PROD;20-05-2026 20:32:44;;;;;
3;SRV-DTIC-PROD;20-05-2026 20:32:44;;;;;
3;SRV-DTIC-PROD;20-05-2026 20:32:44;;;;;
3;SRV-DTIC-PROD;20-05-2026 20:33:00;;;;;
3;SRV-DTIC-PROD;20-05-2026 20:33:00;;;;;
3;SRV-DTIC-PROD;20-05-2026 20:33:00;;;;;
3;SRV-DTIC-PROD;20-05-2026 20:33:00;;;;;
3;SRV-DTIC-PROD;20-05-2026 20:33:00;;;;;
3;SRV-DTIC-PROD;20-05-2026 20:33:00;;;;;
3;SRV-DTIC-PROD;20-05-2026 20:33:00;;;;;
3;SRV-DTIC-PROD;20-05-2026 20:33:00;;;;;
3;SRV-DTIC-PROD;20-05-2026 20:33:15;;;;;
3;SRV-DTIC-PROD;20-05-2026 20:33:15;;;;;
3;SRV-DTIC-PROD;20-05-2026 20:33:15;;;;;
3;SRV-DTIC-PROD;20-05-2026 20:33:15;;;;;
3;SRV-DTIC-PROD;20-05-2026 20:33:15;;;;;
3;SRV-DTIC-PROD;20-05-2026 20:33:15;;;;;
3;SRV-DTIC-PROD;20-05-2026 20:33:15;;;;;
3;SRV-DTIC-PROD;20-05-2026 20:33:15;;;;;
3;SRV-DTIC-PROD;20-05-2026 20:33:31;;;;;
3;SRV-DTIC-PROD;20-05-2026 20:33:31;;;;;
3;SRV-DTIC-PROD;20-05-2026 20:33:31;;;;;
3;SRV-DTIC-PROD;20-05-2026 20:33:31;;;;;
3;SRV-DTIC-PROD;20-05-2026 20:33:31;;;;;
3;SRV-DTIC-PROD;20-05-2026 20:33:31;;;;;
3;SRV-DTIC-PROD;20-05-2026 20:33:47;;;;;
3;SRV-DTIC-PROD;20-05-2026 20:33:47;;;;;
3;SRV-DTIC-PROD;20-05-2026 20:33:47;;;;;
3;SRV-DTIC-PROD;20-05-2026 20:33:47;;;;;
3;SRV-DTIC-PROD;20-05-2026 20:33:47;;;;;
3;SRV-DTIC-PROD;20-05-2026 20:33:47;;;;;
3;SRV-DTIC-PROD;20-05-2026 20:33:47;;;;;
3;SRV-DTIC-PROD;20-05-2026 20:33:47;;;;;
3;SRV-DTIC-PROD;20-05-2026 20:34:02;;;;;
3;SRV-DTIC-PROD;20-05-2026 20:34:02;;;;;
3;SRV-DTIC-PROD;20-05-2026 20:34:02;;;;;
3;SRV-DTIC-PROD;20-05-2026 20:34:02;;;;;
3;SRV-DTIC-PROD;20-05-2026 20:34:02;;;;;
3;SRV-DTIC-PROD;20-05-2026 20:34:02;;;;;
3;SRV-DTIC-PROD;20-05-2026 20:34:02;;;;;
3;SRV-DTIC-PROD;20-05-2026 20:34:02;;;;;
3;SRV-DTIC-PROD;20-05-2026 20:34:18;;;;;
3;SRV-DTIC-PROD;20-05-2026 20:34:18;;;;;
3;SRV-DTIC-PROD;20-05-2026 20:34:18;;;;;
3;SRV-DTIC-PROD;20-05-2026 20:34:18;;;;;
3;SRV-DTIC-PROD;20-05-2026 20:34:18;;;;;
3;SRV-DTIC-PROD;20-05-2026 20:34:18;;;;;
3;SRV-DTIC-PROD;20-05-2026 20:34:18;;;;;
3;SRV-DTIC-PROD;20-05-2026 20:34:18;;;;;
3;SRV-DTIC-PROD;20-05-2026 20:34:18;;;;;
3;SRV-DTIC-PROD;20-05-2026 20:34:34;;;;;
3;SRV-DTIC-PROD;20-05-2026 20:34:34;;;;;
3;SRV-DTIC-PROD;20-05-2026 20:34:34;;;;;
3;SRV-DTIC-PROD;20-05-2026 20:34:34;;;;;
3;SRV-DTIC-PROD;20-05-2026 20:34:34;;;;;
3;SRV-DTIC-PROD;20-05-2026 20:34:34;;;;;
3;SRV-DTIC-PROD;20-05-2026 20:34:34;;;;;
3;SRV-DTIC-PROD;20-05-2026 20:34:53;;;;;
3;SRV-DTIC-PROD;20-05-2026 20:34:53;;;;;
3;SRV-DTIC-PROD;20-05-2026 20:34:53;;;;;
3;SRV-DTIC-PROD;20-05-2026 20:34:53;;;;;
3;SRV-DTIC-PROD;20-05-2026 20:34:53;;;;;
3;SRV-DTIC-PROD;20-05-2026 20:34:53;;;;;
3;SRV-DTIC-PROD;20-05-2026 20:34:53;;;;;
3;SRV-DTIC-PROD;20-05-2026 20:34:53;;;;;
3;SRV-DTIC-PROD;20-05-2026 20:35:09;;;;;
3;SRV-DTIC-PROD;20-05-2026 20:35:09;;;;;
3;SRV-DTIC-PROD;20-05-2026 20:35:09;;;;;
3;SRV-DTIC-PROD;20-05-2026 20:35:09;;;;;
3;SRV-DTIC-PROD;20-05-2026 20:35:09;;;;;
3;SRV-DTIC-PROD;20-05-2026 20:35:09;;;;;
3;SRV-DTIC-PROD;20-05-2026 20:35:09;;;;;
3;SRV-DTIC-PROD;20-05-2026 20:35:25;;;;;
3;SRV-DTIC-PROD;20-05-2026 20:35:25;;;;;
3;SRV-DTIC-PROD;20-05-2026 20:35:25;;;;;
3;SRV-DTIC-PROD;20-05-2026 20:35:25;;;;;
3;SRV-DTIC-PROD;20-05-2026 20:35:25;;;;;
3;SRV-DTIC-PROD;20-05-2026 20:35:25;;;;;
3;SRV-DTIC-PROD;20-05-2026 20:35:25;;;;;
3;SRV-DTIC-PROD;20-05-2026 20:35:40;;;;;
3;SRV-DTIC-PROD;20-05-2026 20:35:40;;;;;
3;SRV-DTIC-PROD;20-05-2026 20:35:40;;;;;
3;SRV-DTIC-PROD;20-05-2026 20:35:40;;;;;
3;SRV-DTIC-PROD;20-05-2026 20:35:40;;;;;
3;SRV-DTIC-PROD;20-05-2026 20:35:40;;;;;
3;SRV-DTIC-PROD;20-05-2026 20:35:40;;;;;
3;SRV-DTIC-PROD;20-05-2026 20:35:56;;;;;
3;SRV-DTIC-PROD;20-05-2026 20:35:56;;;;;
3;SRV-DTIC-PROD;20-05-2026 20:35:56;;;;;
3;SRV-DTIC-PROD;20-05-2026 20:35:56;;;;;
3;SRV-DTIC-PROD;20-05-2026 20:35:56;;;;;
3;SRV-DTIC-PROD;20-05-2026 20:35:56;;;;;
3;SRV-DTIC-PROD;20-05-2026 20:36:11;;;;;
3;SRV-DTIC-PROD;20-05-2026 20:36:11;;;;;
3;SRV-DTIC-PROD;20-05-2026 20:36:11;;;;;
3;SRV-DTIC-PROD;20-05-2026 20:36:11;;;;;
3;SRV-DTIC-PROD;20-05-2026 20:36:11;;;;;
3;SRV-DTIC-PROD;20-05-2026 20:36:11;;;;;
3;SRV-DTIC-PROD;20-05-2026 20:36:11;;;;;
3;SRV-DTIC-PROD;20-05-2026 20:36:27;;;;;
3;SRV-DTIC-PROD;20-05-2026 20:36:27;;;;;
3;SRV-DTIC-PROD;20-05-2026 20:36:27;;;;;
3;SRV-DTIC-PROD;20-05-2026 20:36:27;;;;;
3;SRV-DTIC-PROD;20-05-2026 20:36:27;;;;;
3;SRV-DTIC-PROD;20-05-2026 20:36:27;;;;;
3;SRV-DTIC-PROD;20-05-2026 20:36:27;;;;;
3;SRV-DTIC-PROD;20-05-2026 20:36:43;;;;;
3;SRV-DTIC-PROD;20-05-2026 20:36:43;;;;;
3;SRV-DTIC-PROD;20-05-2026 20:36:43;;;;;
3;SRV-DTIC-PROD;20-05-2026 20:36:43;;;;;
3;SRV-DTIC-PROD;20-05-2026 20:36:43;;;;;
3;SRV-DTIC-PROD;20-05-2026 20:36:43;;;;;
3;SRV-DTIC-PROD;20-05-2026 20:36:43;;;;;
3;SRV-DTIC-PROD;20-05-2026 20:36:58;;;;;
3;SRV-DTIC-PROD;20-05-2026 20:36:58;;;;;
3;SRV-DTIC-PROD;20-05-2026 20:36:58;;;;;
3;SRV-DTIC-PROD;20-05-2026 20:36:58;;;;;
3;SRV-DTIC-PROD;20-05-2026 20:36:58;;;;;
3;SRV-DTIC-PROD;20-05-2026 20:36:58;;;;;
3;SRV-DTIC-PROD;20-05-2026 20:36:58;;;;;
3;SRV-DTIC-PROD;20-05-2026 20:36:58;;;;;
3;SRV-DTIC-PROD;20-05-2026 20:37:14;;;;;
3;SRV-DTIC-PROD;20-05-2026 20:37:14;;;;;
3;SRV-DTIC-PROD;20-05-2026 20:37:14;;;;;
3;SRV-DTIC-PROD;20-05-2026 20:37:14;;;;;
3;SRV-DTIC-PROD;20-05-2026 20:37:14;;;;;
3;SRV-DTIC-PROD;20-05-2026 20:37:14;;;;;
3;SRV-DTIC-PROD;20-05-2026 20:37:14;;;;;
3;SRV-DTIC-PROD;20-05-2026 20:37:14;;;;;
3;SRV-DTIC-PROD;20-05-2026 20:37:31;;;;;
3;SRV-DTIC-PROD;20-05-2026 20:37:31;;;;;
3;SRV-DTIC-PROD;20-05-2026 20:37:31;;;;;
3;SRV-DTIC-PROD;20-05-2026 20:37:31;;;;;
3;SRV-DTIC-PROD;20-05-2026 20:37:31;;;;;
3;SRV-DTIC-PROD;20-05-2026 20:37:31;;;;;
3;SRV-DTIC-PROD;20-05-2026 20:37:31;;;;;
3;SRV-DTIC-PROD;20-05-2026 20:37:31;;;;;
3;SRV-DTIC-PROD;20-05-2026 20:37:31;;;;;
3;SRV-DTIC-PROD;20-05-2026 20:37:48;;;;;
3;SRV-DTIC-PROD;20-05-2026 20:37:48;;;;;
3;SRV-DTIC-PROD;20-05-2026 20:37:48;;;;;
3;SRV-DTIC-PROD;20-05-2026 20:37:48;;;;;
3;SRV-DTIC-PROD;20-05-2026 20:37:48;;;;;
3;SRV-DTIC-PROD;20-05-2026 20:37:48;;;;;
3;SRV-DTIC-PROD;20-05-2026 20:37:48;;;;;
3;SRV-DTIC-PROD;20-05-2026 20:38:05;;;;;
3;SRV-DTIC-PROD;20-05-2026 20:38:05;;;;;
3;SRV-DTIC-PROD;20-05-2026 20:38:05;;;;;
3;SRV-DTIC-PROD;20-05-2026 20:38:05;;;;;
3;SRV-DTIC-PROD;20-05-2026 20:38:05;;;;;
3;SRV-DTIC-PROD;20-05-2026 20:38:05;;;;;
3;SRV-DTIC-PROD;20-05-2026 20:38:22;;;;;
3;SRV-DTIC-PROD;20-05-2026 20:38:22;;;;;
3;SRV-DTIC-PROD;20-05-2026 20:38:22;;;;;
3;SRV-DTIC-PROD;20-05-2026 20:38:22;;;;;
3;SRV-DTIC-PROD;20-05-2026 20:38:22;;;;;
3;SRV-DTIC-PROD;20-05-2026 20:38:22;;;;;
3;SRV-DTIC-PROD;20-05-2026 20:38:22;;;;;
3;SRV-DTIC-PROD;20-05-2026 20:38:22;;;;;
3;SRV-DTIC-PROD;20-05-2026 20:38:22;;;;;
3;SRV-DTIC-PROD;20-05-2026 20:38:39;;;;;
3;SRV-DTIC-PROD;20-05-2026 20:38:39;;;;;
3;SRV-DTIC-PROD;20-05-2026 20:38:39;;;;;
3;SRV-DTIC-PROD;20-05-2026 20:38:39;;;;;
3;SRV-DTIC-PROD;20-05-2026 20:38:39;;;;;
3;SRV-DTIC-PROD;20-05-2026 20:38:39;;;;;
3;SRV-DTIC-PROD;20-05-2026 20:38:39;;;;;
3;SRV-DTIC-PROD;20-05-2026 20:38:39;;;;;
3;SRV-DTIC-PROD;20-05-2026 20:38:56;;;;;
3;SRV-DTIC-PROD;20-05-2026 20:38:56;;;;;
3;SRV-DTIC-PROD;20-05-2026 20:38:56;;;;;
3;SRV-DTIC-PROD;20-05-2026 20:38:56;;;;;
3;SRV-DTIC-PROD;20-05-2026 20:38:56;;;;;
3;SRV-DTIC-PROD;20-05-2026 20:38:56;;;;;
3;SRV-DTIC-PROD;20-05-2026 20:38:56;;;;;
3;SRV-DTIC-PROD;20-05-2026 20:38:56;;;;;
3;SRV-DTIC-PROD;20-05-2026 20:39:12;;;;;
3;SRV-DTIC-PROD;20-05-2026 20:39:12;;;;;
3;SRV-DTIC-PROD;20-05-2026 20:39:12;;;;;
3;SRV-DTIC-PROD;20-05-2026 20:39:12;;;;;
3;SRV-DTIC-PROD;20-05-2026 20:39:12;;;;;
3;SRV-DTIC-PROD;20-05-2026 20:39:12;;;;;
3;SRV-DTIC-PROD;20-05-2026 20:39:12;;;;;
3;SRV-DTIC-PROD;20-05-2026 20:39:12;;;;;
3;SRV-DTIC-PROD;20-05-2026 20:39:28;;;;;
3;SRV-DTIC-PROD;20-05-2026 20:39:28;;;;;
3;SRV-DTIC-PROD;20-05-2026 20:39:28;;;;;
3;SRV-DTIC-PROD;20-05-2026 20:39:28;;;;;
3;SRV-DTIC-PROD;20-05-2026 20:39:28;;;;;
3;SRV-DTIC-PROD;20-05-2026 20:39:28;;;;;
3;SRV-DTIC-PROD;20-05-2026 20:39:28;;;;;
3;SRV-DTIC-PROD;20-05-2026 20:39:28;;;;;
3;SRV-DTIC-PROD;20-05-2026 20:39:28;;;;;
3;SRV-DTIC-PROD;20-05-2026 20:39:45;;;;;
3;SRV-DTIC-PROD;20-05-2026 20:39:45;;;;;
3;SRV-DTIC-PROD;20-05-2026 20:39:45;;;;;
3;SRV-DTIC-PROD;20-05-2026 20:39:45;;;;;
3;SRV-DTIC-PROD;20-05-2026 20:39:45;;;;;
3;SRV-DTIC-PROD;20-05-2026 20:39:45;;;;;
3;SRV-DTIC-PROD;20-05-2026 20:39:45;;;;;
3;SRV-DTIC-PROD;20-05-2026 20:39:45;;;;;
3;SRV-DTIC-PROD;20-05-2026 20:40:00;;;;;
3;SRV-DTIC-PROD;20-05-2026 20:40:00;;;;;
3;SRV-DTIC-PROD;20-05-2026 20:40:00;;;;;
3;SRV-DTIC-PROD;20-05-2026 20:40:00;;;;;
3;SRV-DTIC-PROD;20-05-2026 20:40:00;;;;;
3;SRV-DTIC-PROD;20-05-2026 20:40:00;;;;;
3;SRV-DTIC-PROD;20-05-2026 20:40:00;;;;;
3;SRV-DTIC-PROD;20-05-2026 20:40:00;;;;;
3;SRV-DTIC-PROD;20-05-2026 20:40:17;;;;;
3;SRV-DTIC-PROD;20-05-2026 20:40:17;;;;;
3;SRV-DTIC-PROD;20-05-2026 20:40:17;;;;;
3;SRV-DTIC-PROD;20-05-2026 20:40:17;;;;;
3;SRV-DTIC-PROD;20-05-2026 20:40:17;;;;;
3;SRV-DTIC-PROD;20-05-2026 20:40:17;;;;;
3;SRV-DTIC-PROD;20-05-2026 20:40:17;;;;;
3;SRV-DTIC-PROD;20-05-2026 20:40:17;;;;;
3;SRV-DTIC-PROD;20-05-2026 20:40:17;;;;;
3;SRV-DTIC-PROD;20-05-2026 20:40:32;;;;;
3;SRV-DTIC-PROD;20-05-2026 20:40:32;;;;;
3;SRV-DTIC-PROD;20-05-2026 20:40:32;;;;;
3;SRV-DTIC-PROD;20-05-2026 20:40:32;;;;;
3;SRV-DTIC-PROD;20-05-2026 20:40:32;;;;;
3;SRV-DTIC-PROD;20-05-2026 20:40:32;;;;;
3;SRV-DTIC-PROD;20-05-2026 20:40:32;;;;;
3;SRV-DTIC-PROD;20-05-2026 20:40:32;;;;;
3;SRV-DTIC-PROD;20-05-2026 20:40:32;;;;;
3;SRV-DTIC-PROD;20-05-2026 20:40:32;;;;;
3;SRV-DTIC-PROD;20-05-2026 20:40:49;;;;;
3;SRV-DTIC-PROD;20-05-2026 20:40:49;;;;;
3;SRV-DTIC-PROD;20-05-2026 20:40:49;;;;;
3;SRV-DTIC-PROD;20-05-2026 20:40:49;;;;;
3;SRV-DTIC-PROD;20-05-2026 20:40:49;;;;;
3;SRV-DTIC-PROD;20-05-2026 20:40:49;;;;;
3;SRV-DTIC-PROD;20-05-2026 20:40:49;;;;;
3;SRV-DTIC-PROD;20-05-2026 20:40:49;;;;;
3;SRV-DTIC-PROD;20-05-2026 20:40:49;;;;;
3;SRV-DTIC-PROD;20-05-2026 20:41:05;;;;;
3;SRV-DTIC-PROD;20-05-2026 20:41:05;;;;;
3;SRV-DTIC-PROD;20-05-2026 20:41:05;;;;;
3;SRV-DTIC-PROD;20-05-2026 20:41:05;;;;;
3;SRV-DTIC-PROD;20-05-2026 20:41:05;;;;;
3;SRV-DTIC-PROD;20-05-2026 20:41:05;;;;;
3;SRV-DTIC-PROD;20-05-2026 20:41:05;;;;;
3;SRV-DTIC-PROD;20-05-2026 20:41:05;;;;;
3;SRV-DTIC-PROD;20-05-2026 20:41:05;;;;;
3;SRV-DTIC-PROD;20-05-2026 20:41:05;;;;;
3;SRV-DTIC-PROD;20-05-2026 20:41:22;;;;;
3;SRV-DTIC-PROD;20-05-2026 20:41:22;;;;;
3;SRV-DTIC-PROD;20-05-2026 20:41:22;;;;;
3;SRV-DTIC-PROD;20-05-2026 20:41:22;;;;;
3;SRV-DTIC-PROD;20-05-2026 20:41:22;;;;;
3;SRV-DTIC-PROD;20-05-2026 20:41:22;;;;;
3;SRV-DTIC-PROD;20-05-2026 20:41:22;;;;;
3;SRV-DTIC-PROD;20-05-2026 20:41:22;;;;;
3;SRV-DTIC-PROD;20-05-2026 20:41:22;;;;;
3;SRV-DTIC-PROD;20-05-2026 20:41:39;;;;;
3;SRV-DTIC-PROD;20-05-2026 20:41:39;;;;;
3;SRV-DTIC-PROD;20-05-2026 20:41:39;;;;;
3;SRV-DTIC-PROD;20-05-2026 20:41:39;;;;;
3;SRV-DTIC-PROD;20-05-2026 20:41:39;;;;;
3;SRV-DTIC-PROD;20-05-2026 20:41:39;;;;;
3;SRV-DTIC-PROD;20-05-2026 20:41:39;;;;;
3;SRV-DTIC-PROD;20-05-2026 20:41:39;;;;;
3;SRV-DTIC-PROD;20-05-2026 20:41:39;;;;;
3;SRV-DTIC-PROD;20-05-2026 20:41:56;;;;;
3;SRV-DTIC-PROD;20-05-2026 20:41:56;;;;;
3;SRV-DTIC-PROD;20-05-2026 20:41:56;;;;;
3;SRV-DTIC-PROD;20-05-2026 20:41:56;;;;;
3;SRV-DTIC-PROD;20-05-2026 20:41:56;;;;;
3;SRV-DTIC-PROD;20-05-2026 20:41:56;;;;;
3;SRV-DTIC-PROD;20-05-2026 20:41:56;;;;;
3;SRV-DTIC-PROD;20-05-2026 20:41:56;;;;;
3;SRV-DTIC-PROD;20-05-2026 20:42:13;;;;;
3;SRV-DTIC-PROD;20-05-2026 20:42:13;;;;;
3;SRV-DTIC-PROD;20-05-2026 20:42:13;;;;;
3;SRV-DTIC-PROD;20-05-2026 20:42:13;;;;;
3;SRV-DTIC-PROD;20-05-2026 20:42:13;;;;;
3;SRV-DTIC-PROD;20-05-2026 20:42:13;;;;;
3;SRV-DTIC-PROD;20-05-2026 20:42:13;;;;;
3;SRV-DTIC-PROD;20-05-2026 20:42:13;;;;;
3;SRV-DTIC-PROD;20-05-2026 20:42:30;;;;;
3;SRV-DTIC-PROD;20-05-2026 20:42:30;;;;;
3;SRV-DTIC-PROD;20-05-2026 20:42:30;;;;;
3;SRV-DTIC-PROD;20-05-2026 20:42:30;;;;;
3;SRV-DTIC-PROD;20-05-2026 20:42:30;;;;;
3;SRV-DTIC-PROD;20-05-2026 20:42:30;;;;;
3;SRV-DTIC-PROD;20-05-2026 20:42:30;;;;;
3;SRV-DTIC-PROD;20-05-2026 20:42:47;;;;;
3;SRV-DTIC-PROD;20-05-2026 20:42:47;;;;;
3;SRV-DTIC-PROD;20-05-2026 20:42:47;;;;;
3;SRV-DTIC-PROD;20-05-2026 20:42:47;;;;;
3;SRV-DTIC-PROD;20-05-2026 20:42:47;;;;;
3;SRV-DTIC-PROD;20-05-2026 20:42:47;;;;;
3;SRV-DTIC-PROD;20-05-2026 20:42:47;;;;;
3;SRV-DTIC-PROD;20-05-2026 20:42:47;;;;;
3;SRV-DTIC-PROD;20-05-2026 20:43:03;;;;;
3;SRV-DTIC-PROD;20-05-2026 20:43:03;;;;;
3;SRV-DTIC-PROD;20-05-2026 20:43:03;;;;;
3;SRV-DTIC-PROD;20-05-2026 20:43:03;;;;;
3;SRV-DTIC-PROD;20-05-2026 20:43:03;;;;;
3;SRV-DTIC-PROD;20-05-2026 20:43:03;;;;;
3;SRV-DTIC-PROD;20-05-2026 20:43:03;;;;;
3;SRV-DTIC-PROD;20-05-2026 20:43:03;;;;;
3;SRV-DTIC-PROD;20-05-2026 20:43:20;;;;;
3;SRV-DTIC-PROD;20-05-2026 20:43:20;;;;;
3;SRV-DTIC-PROD;20-05-2026 20:43:20;;;;;
3;SRV-DTIC-PROD;20-05-2026 20:43:20;;;;;
3;SRV-DTIC-PROD;20-05-2026 20:43:20;;;;;
3;SRV-DTIC-PROD;20-05-2026 20:43:20;;;;;
3;SRV-DTIC-PROD;20-05-2026 20:43:20;;;;;
3;SRV-DTIC-PROD;20-05-2026 20:43:36;;;;;
3;SRV-DTIC-PROD;20-05-2026 20:43:36;;;;;
3;SRV-DTIC-PROD;20-05-2026 20:43:36;;;;;
3;SRV-DTIC-PROD;20-05-2026 20:43:36;;;;;
3;SRV-DTIC-PROD;20-05-2026 20:43:36;;;;;
3;SRV-DTIC-PROD;20-05-2026 20:43:36;;;;;
3;SRV-DTIC-PROD;20-05-2026 20:43:36;;;;;
3;SRV-DTIC-PROD;20-05-2026 20:43:36;;;;;
3;SRV-DTIC-PROD;20-05-2026 20:43:53;;;;;
3;SRV-DTIC-PROD;20-05-2026 20:43:53;;;;;
3;SRV-DTIC-PROD;20-05-2026 20:43:53;;;;;
3;SRV-DTIC-PROD;20-05-2026 20:43:53;;;;;
3;SRV-DTIC-PROD;20-05-2026 20:43:53;;;;;
3;SRV-DTIC-PROD;20-05-2026 20:43:53;;;;;
3;SRV-DTIC-PROD;20-05-2026 20:43:53;;;;;
3;SRV-DTIC-PROD;20-05-2026 20:43:53;;;;;
3;SRV-DTIC-PROD;20-05-2026 20:43:53;;;;;
3;SRV-DTIC-PROD;20-05-2026 20:44:09;;;;;
3;SRV-DTIC-PROD;20-05-2026 20:44:09;;;;;
3;SRV-DTIC-PROD;20-05-2026 20:44:09;;;;;
3;SRV-DTIC-PROD;20-05-2026 20:44:09;;;;;
3;SRV-DTIC-PROD;20-05-2026 20:44:09;;;;;
3;SRV-DTIC-PROD;20-05-2026 20:44:09;;;;;
3;SRV-DTIC-PROD;20-05-2026 20:44:09;;;;;
3;SRV-DTIC-PROD;20-05-2026 20:44:24;;;;;
3;SRV-DTIC-PROD;20-05-2026 20:44:24;;;;;
3;SRV-DTIC-PROD;20-05-2026 20:44:24;;;;;
3;SRV-DTIC-PROD;20-05-2026 20:44:24;;;;;
3;SRV-DTIC-PROD;20-05-2026 20:44:24;;;;;
3;SRV-DTIC-PROD;20-05-2026 20:44:24;;;;;
3;SRV-DTIC-PROD;20-05-2026 20:44:24;;;;;
3;SRV-DTIC-PROD;20-05-2026 20:44:41;;;;;
3;SRV-DTIC-PROD;20-05-2026 20:44:41;;;;;
3;SRV-DTIC-PROD;20-05-2026 20:44:41;;;;;
3;SRV-DTIC-PROD;20-05-2026 20:44:41;;;;;
3;SRV-DTIC-PROD;20-05-2026 20:44:41;;;;;
3;SRV-DTIC-PROD;20-05-2026 20:44:41;;;;;
3;SRV-DTIC-PROD;20-05-2026 20:44:41;;;;;
3;SRV-DTIC-PROD;20-05-2026 20:44:57;;;;;
3;SRV-DTIC-PROD;20-05-2026 20:44:57;;;;;
3;SRV-DTIC-PROD;20-05-2026 20:44:57;;;;;
3;SRV-DTIC-PROD;20-05-2026 20:44:57;;;;;
3;SRV-DTIC-PROD;20-05-2026 20:44:57;;;;;
3;SRV-DTIC-PROD;20-05-2026 20:44:57;;;;;
3;SRV-DTIC-PROD;20-05-2026 20:44:57;;;;;
3;SRV-DTIC-PROD;20-05-2026 20:44:57;;;;;
3;SRV-DTIC-PROD;20-05-2026 20:45:13;;;;;
3;SRV-DTIC-PROD;20-05-2026 20:45:13;;;;;
3;SRV-DTIC-PROD;20-05-2026 20:45:13;;;;;
3;SRV-DTIC-PROD;20-05-2026 20:45:13;;;;;
3;SRV-DTIC-PROD;20-05-2026 20:45:13;;;;;
3;SRV-DTIC-PROD;20-05-2026 20:45:13;;;;;
3;SRV-DTIC-PROD;20-05-2026 20:45:13;;;;;
3;SRV-DTIC-PROD;20-05-2026 20:45:13;;;;;
3;SRV-DTIC-PROD;20-05-2026 20:45:30;;;;;
3;SRV-DTIC-PROD;20-05-2026 20:45:30;;;;;
3;SRV-DTIC-PROD;20-05-2026 20:45:30;;;;;
3;SRV-DTIC-PROD;20-05-2026 20:45:30;;;;;
3;SRV-DTIC-PROD;20-05-2026 20:45:30;;;;;
3;SRV-DTIC-PROD;20-05-2026 20:45:30;;;;;
3;SRV-DTIC-PROD;20-05-2026 20:45:30;;;;;
3;SRV-DTIC-PROD;20-05-2026 20:45:47;;;;;
3;SRV-DTIC-PROD;20-05-2026 20:45:47;;;;;
3;SRV-DTIC-PROD;20-05-2026 20:45:47;;;;;
3;SRV-DTIC-PROD;20-05-2026 20:45:47;;;;;
3;SRV-DTIC-PROD;20-05-2026 20:45:47;;;;;
3;SRV-DTIC-PROD;20-05-2026 20:45:47;;;;;
3;SRV-DTIC-PROD;20-05-2026 20:45:47;;;;;
3;SRV-DTIC-PROD;20-05-2026 20:45:47;;;;;
3;SRV-DTIC-PROD;20-05-2026 20:46:03;;;;;
3;SRV-DTIC-PROD;20-05-2026 20:46:03;;;;;
3;SRV-DTIC-PROD;20-05-2026 20:46:03;;;;;
3;SRV-DTIC-PROD;20-05-2026 20:46:03;;;;;
3;SRV-DTIC-PROD;20-05-2026 20:46:03;;;;;
3;SRV-DTIC-PROD;20-05-2026 20:46:03;;;;;
3;SRV-DTIC-PROD;20-05-2026 20:46:21;;;;;
3;SRV-DTIC-PROD;20-05-2026 20:46:21;;;;;
3;SRV-DTIC-PROD;20-05-2026 20:46:21;;;;;
3;SRV-DTIC-PROD;20-05-2026 20:46:21;;;;;
3;SRV-DTIC-PROD;20-05-2026 20:46:21;;;;;
3;SRV-DTIC-PROD;20-05-2026 20:46:21;;;;;
3;SRV-DTIC-PROD;20-05-2026 20:46:21;;;;;
3;SRV-DTIC-PROD;20-05-2026 20:46:21;;;;;
3;SRV-DTIC-PROD;20-05-2026 20:46:38;;;;;
3;SRV-DTIC-PROD;20-05-2026 20:46:38;;;;;
3;SRV-DTIC-PROD;20-05-2026 20:46:38;;;;;
3;SRV-DTIC-PROD;20-05-2026 20:46:38;;;;;
3;SRV-DTIC-PROD;20-05-2026 20:46:38;;;;;
3;SRV-DTIC-PROD;20-05-2026 20:46:38;;;;;
3;SRV-DTIC-PROD;20-05-2026 20:46:38;;;;;
3;SRV-DTIC-PROD;20-05-2026 20:46:38;;;;;
3;SRV-DTIC-PROD;20-05-2026 20:46:54;;;;;
3;SRV-DTIC-PROD;20-05-2026 20:46:54;;;;;
3;SRV-DTIC-PROD;20-05-2026 20:46:54;;;;;
3;SRV-DTIC-PROD;20-05-2026 20:46:54;;;;;
3;SRV-DTIC-PROD;20-05-2026 20:46:54;;;;;
3;SRV-DTIC-PROD;20-05-2026 20:46:54;;;;;
3;SRV-DTIC-PROD;20-05-2026 20:46:54;;;;;
3;SRV-DTIC-PROD;20-05-2026 20:46:54;;;;;
3;SRV-DTIC-PROD;20-05-2026 20:46:54;;;;;
3;SRV-DTIC-PROD;20-05-2026 20:47:11;;;;;
3;SRV-DTIC-PROD;20-05-2026 20:47:11;;;;;
3;SRV-DTIC-PROD;20-05-2026 20:47:11;;;;;
3;SRV-DTIC-PROD;20-05-2026 20:47:11;;;;;
3;SRV-DTIC-PROD;20-05-2026 20:47:11;;;;;
3;SRV-DTIC-PROD;20-05-2026 20:47:11;;;;;
3;SRV-DTIC-PROD;20-05-2026 20:47:11;;;;;
3;SRV-DTIC-PROD;20-05-2026 20:47:28;;;;;
3;SRV-DTIC-PROD;20-05-2026 20:47:28;;;;;
3;SRV-DTIC-PROD;20-05-2026 20:47:28;;;;;
3;SRV-DTIC-PROD;20-05-2026 20:47:28;;;;;
3;SRV-DTIC-PROD;20-05-2026 20:47:28;;;;;
3;SRV-DTIC-PROD;20-05-2026 20:47:28;;;;;
3;SRV-DTIC-PROD;20-05-2026 20:47:28;;;;;
3;SRV-DTIC-PROD;20-05-2026 20:47:28;;;;;
3;SRV-DTIC-PROD;20-05-2026 20:47:28;;;;;
3;SRV-DTIC-PROD;20-05-2026 20:47:44;;;;;
3;SRV-DTIC-PROD;20-05-2026 20:47:44;;;;;
3;SRV-DTIC-PROD;20-05-2026 20:47:44;;;;;
3;SRV-DTIC-PROD;20-05-2026 20:47:44;;;;;
3;SRV-DTIC-PROD;20-05-2026 20:47:44;;;;;
3;SRV-DTIC-PROD;20-05-2026 20:47:44;;;;;
3;SRV-DTIC-PROD;20-05-2026 20:47:44;;;;;
3;SRV-DTIC-PROD;20-05-2026 20:47:44;;;;;
3;SRV-DTIC-PROD;20-05-2026 20:47:44;;;;;
3;SRV-DTIC-PROD;20-05-2026 20:48:00;;;;;
3;SRV-DTIC-PROD;20-05-2026 20:48:00;;;;;
3;SRV-DTIC-PROD;20-05-2026 20:48:00;;;;;
3;SRV-DTIC-PROD;20-05-2026 20:48:00;;;;;
3;SRV-DTIC-PROD;20-05-2026 20:48:00;;;;;
3;SRV-DTIC-PROD;20-05-2026 20:48:00;;;;;
3;SRV-DTIC-PROD;20-05-2026 20:48:00;;;;;
3;SRV-DTIC-PROD;20-05-2026 20:48:00;;;;;
3;SRV-DTIC-PROD;20-05-2026 20:48:00;;;;;
3;SRV-DTIC-PROD;20-05-2026 20:48:17;;;;;
3;SRV-DTIC-PROD;20-05-2026 20:48:17;;;;;
3;SRV-DTIC-PROD;20-05-2026 20:48:17;;;;;
3;SRV-DTIC-PROD;20-05-2026 20:48:17;;;;;
3;SRV-DTIC-PROD;20-05-2026 20:48:17;;;;;
3;SRV-DTIC-PROD;20-05-2026 20:48:17;;;;;
3;SRV-DTIC-PROD;20-05-2026 20:48:17;;;;;
3;SRV-DTIC-PROD;20-05-2026 20:48:32;;;;;
3;SRV-DTIC-PROD;20-05-2026 20:48:32;;;;;
3;SRV-DTIC-PROD;20-05-2026 20:48:32;;;;;
3;SRV-DTIC-PROD;20-05-2026 20:48:32;;;;;
3;SRV-DTIC-PROD;20-05-2026 20:48:32;;;;;
3;SRV-DTIC-PROD;20-05-2026 20:48:32;;;;;
3;SRV-DTIC-PROD;20-05-2026 20:48:50;;;;;
3;SRV-DTIC-PROD;20-05-2026 20:48:50;;;;;
3;SRV-DTIC-PROD;20-05-2026 20:48:50;;;;;
3;SRV-DTIC-PROD;20-05-2026 20:48:50;;;;;
3;SRV-DTIC-PROD;20-05-2026 20:48:50;;;;;
3;SRV-DTIC-PROD;20-05-2026 20:48:50;;;;;
3;SRV-DTIC-PROD;20-05-2026 20:48:50;;;;;
3;SRV-DTIC-PROD;20-05-2026 20:48:50;;;;;
3;SRV-DTIC-PROD;20-05-2026 20:49:06;;;;;
3;SRV-DTIC-PROD;20-05-2026 20:49:06;;;;;
3;SRV-DTIC-PROD;20-05-2026 20:49:06;;;;;
3;SRV-DTIC-PROD;20-05-2026 20:49:06;;;;;
3;SRV-DTIC-PROD;20-05-2026 20:49:06;;;;;
3;SRV-DTIC-PROD;20-05-2026 20:49:06;;;;;
3;SRV-DTIC-PROD;20-05-2026 20:49:22;;;;;
3;SRV-DTIC-PROD;20-05-2026 20:49:22;;;;;
3;SRV-DTIC-PROD;20-05-2026 20:49:22;;;;;
3;SRV-DTIC-PROD;20-05-2026 20:49:22;;;;;
3;SRV-DTIC-PROD;20-05-2026 20:49:22;;;;;
3;SRV-DTIC-PROD;20-05-2026 20:49:22;;;;;
3;SRV-DTIC-PROD;20-05-2026 20:49:22;;;;;
3;SRV-DTIC-PROD;20-05-2026 20:49:39;;;;;
3;SRV-DTIC-PROD;20-05-2026 20:49:39;;;;;
3;SRV-DTIC-PROD;20-05-2026 20:49:39;;;;;
3;SRV-DTIC-PROD;20-05-2026 20:49:39;;;;;
3;SRV-DTIC-PROD;20-05-2026 20:49:39;;;;;
3;SRV-DTIC-PROD;20-05-2026 20:49:39;;;;;
3;SRV-DTIC-PROD;20-05-2026 20:49:39;;;;;
3;SRV-DTIC-PROD;20-05-2026 20:49:39;;;;;
3;SRV-DTIC-PROD;20-05-2026 20:49:39;;;;;
3;SRV-DTIC-PROD;20-05-2026 20:49:57;;;;;
3;SRV-DTIC-PROD;20-05-2026 20:49:57;;;;;
3;SRV-DTIC-PROD;20-05-2026 20:49:57;;;;;
3;SRV-DTIC-PROD;20-05-2026 20:49:57;;;;;
3;SRV-DTIC-PROD;20-05-2026 20:49:57;;;;;
3;SRV-DTIC-PROD;20-05-2026 20:49:57;;;;;
3;SRV-DTIC-PROD;20-05-2026 20:50:14;;;;;
3;SRV-DTIC-PROD;20-05-2026 20:50:14;;;;;
3;SRV-DTIC-PROD;20-05-2026 20:50:14;;;;;
3;SRV-DTIC-PROD;20-05-2026 20:50:14;;;;;
3;SRV-DTIC-PROD;20-05-2026 20:50:14;;;;;
3;SRV-DTIC-PROD;20-05-2026 20:50:14;;;;;
3;SRV-DTIC-PROD;20-05-2026 20:50:14;;;;;
3;SRV-DTIC-PROD;20-05-2026 20:50:14;;;;;
3;SRV-DTIC-PROD;20-05-2026 20:50:31;;;;;
3;SRV-DTIC-PROD;20-05-2026 20:50:31;;;;;
3;SRV-DTIC-PROD;20-05-2026 20:50:31;;;;;
3;SRV-DTIC-PROD;20-05-2026 20:50:31;;;;;
3;SRV-DTIC-PROD;20-05-2026 20:50:31;;;;;
3;SRV-DTIC-PROD;20-05-2026 20:50:31;;;;;
3;SRV-DTIC-PROD;20-05-2026 20:50:31;;;;;
3;SRV-DTIC-PROD;20-05-2026 20:50:31;;;;;
3;SRV-DTIC-PROD;20-05-2026 20:50:31;;;;;
3;SRV-DTIC-PROD;20-05-2026 20:50:31;;;;;
3;SRV-DTIC-PROD;20-05-2026 20:50:48;;;;;
3;SRV-DTIC-PROD;20-05-2026 20:50:48;;;;;
3;SRV-DTIC-PROD;20-05-2026 20:50:48;;;;;
3;SRV-DTIC-PROD;20-05-2026 20:50:48;;;;;
3;SRV-DTIC-PROD;20-05-2026 20:50:48;;;;;
3;SRV-DTIC-PROD;20-05-2026 20:50:48;;;;;
3;SRV-DTIC-PROD;20-05-2026 20:51:04;;;;;
3;SRV-DTIC-PROD;20-05-2026 20:51:04;;;;;
3;SRV-DTIC-PROD;20-05-2026 20:51:04;;;;;
3;SRV-DTIC-PROD;20-05-2026 20:51:04;;;;;
3;SRV-DTIC-PROD;20-05-2026 20:51:04;;;;;
3;SRV-DTIC-PROD;20-05-2026 20:51:04;;;;;
3;SRV-DTIC-PROD;20-05-2026 20:51:04;;;;;
3;SRV-DTIC-PROD;20-05-2026 20:51:04;;;;;
3;SRV-DTIC-PROD;20-05-2026 20:51:24;;;;;
3;SRV-DTIC-PROD;20-05-2026 20:51:24;;;;;
3;SRV-DTIC-PROD;20-05-2026 20:51:24;;;;;
3;SRV-DTIC-PROD;20-05-2026 20:51:24;;;;;
3;SRV-DTIC-PROD;20-05-2026 20:51:24;;;;;
3;SRV-DTIC-PROD;20-05-2026 20:51:24;;;;;
3;SRV-DTIC-PROD;20-05-2026 20:51:24;;;;;
3;SRV-DTIC-PROD;20-05-2026 20:51:40;;;;;
3;SRV-DTIC-PROD;20-05-2026 20:51:40;;;;;
3;SRV-DTIC-PROD;20-05-2026 20:51:40;;;;;
3;SRV-DTIC-PROD;20-05-2026 20:51:40;;;;;
3;SRV-DTIC-PROD;20-05-2026 20:51:40;;;;;
3;SRV-DTIC-PROD;20-05-2026 20:51:40;;;;;
3;SRV-DTIC-PROD;20-05-2026 20:51:40;;;;;
3;SRV-DTIC-PROD;20-05-2026 20:51:40;;;;;
3;SRV-DTIC-PROD;20-05-2026 20:51:55;;;;;
3;SRV-DTIC-PROD;20-05-2026 20:51:55;;;;;
3;SRV-DTIC-PROD;20-05-2026 20:51:55;;;;;
3;SRV-DTIC-PROD;20-05-2026 20:51:55;;;;;
3;SRV-DTIC-PROD;20-05-2026 20:51:55;;;;;
3;SRV-DTIC-PROD;20-05-2026 20:51:55;;;;;
3;SRV-DTIC-PROD;20-05-2026 20:51:55;;;;;
3;SRV-DTIC-PROD;20-05-2026 20:51:55;;;;;
3;SRV-DTIC-PROD;20-05-2026 20:51:55;;;;;
3;SRV-DTIC-PROD;20-05-2026 20:51:55;;;;;
3;SRV-DTIC-PROD;20-05-2026 20:52:10;;;;;
3;SRV-DTIC-PROD;20-05-2026 20:52:10;;;;;
3;SRV-DTIC-PROD;20-05-2026 20:52:10;;;;;
3;SRV-DTIC-PROD;20-05-2026 20:52:10;;;;;
3;SRV-DTIC-PROD;20-05-2026 20:52:10;;;;;
3;SRV-DTIC-PROD;20-05-2026 20:52:10;;;;;
3;SRV-DTIC-PROD;20-05-2026 20:52:10;;;;;
3;SRV-DTIC-PROD;20-05-2026 20:52:10;;;;;
3;SRV-DTIC-PROD;20-05-2026 20:52:10;;;;;
3;SRV-DTIC-PROD;20-05-2026 20:52:10;;;;;
3;SRV-DTIC-PROD;20-05-2026 20:52:24;;;;;
3;SRV-DTIC-PROD;20-05-2026 20:52:24;;;;;
3;SRV-DTIC-PROD;20-05-2026 20:52:24;;;;;
3;SRV-DTIC-PROD;20-05-2026 20:52:24;;;;;
3;SRV-DTIC-PROD;20-05-2026 20:52:24;;;;;
3;SRV-DTIC-PROD;20-05-2026 20:52:24;;;;;
3;SRV-DTIC-PROD;20-05-2026 20:52:24;;;;;
3;SRV-DTIC-PROD;20-05-2026 20:52:24;;;;;
3;SRV-DTIC-PROD;20-05-2026 20:52:24;;;;;
3;SRV-DTIC-PROD;20-05-2026 20:52:39;;;;;
3;SRV-DTIC-PROD;20-05-2026 20:52:39;;;;;
3;SRV-DTIC-PROD;20-05-2026 20:52:39;;;;;
3;SRV-DTIC-PROD;20-05-2026 20:52:39;;;;;
3;SRV-DTIC-PROD;20-05-2026 20:52:39;;;;;
3;SRV-DTIC-PROD;20-05-2026 20:52:39;;;;;
3;SRV-DTIC-PROD;20-05-2026 20:52:39;;;;;
3;SRV-DTIC-PROD;20-05-2026 20:52:39;;;;;
3;SRV-DTIC-PROD;20-05-2026 20:52:39;;;;;
3;SRV-DTIC-PROD;20-05-2026 20:52:54;;;;;
3;SRV-DTIC-PROD;20-05-2026 20:52:54;;;;;
3;SRV-DTIC-PROD;20-05-2026 20:52:54;;;;;
3;SRV-DTIC-PROD;20-05-2026 20:52:54;;;;;
3;SRV-DTIC-PROD;20-05-2026 20:52:54;;;;;
3;SRV-DTIC-PROD;20-05-2026 20:52:54;;;;;
3;SRV-DTIC-PROD;20-05-2026 20:53:08;;;;;
3;SRV-DTIC-PROD;20-05-2026 20:53:08;;;;;
3;SRV-DTIC-PROD;20-05-2026 20:53:08;;;;;
3;SRV-DTIC-PROD;20-05-2026 20:53:08;;;;;
3;SRV-DTIC-PROD;20-05-2026 20:53:08;;;;;
3;SRV-DTIC-PROD;20-05-2026 20:53:08;;;;;
3;SRV-DTIC-PROD;20-05-2026 20:53:08;;;;;
3;SRV-DTIC-PROD;20-05-2026 20:53:08;;;;;
3;SRV-DTIC-PROD;20-05-2026 20:53:08;;;;;
3;SRV-DTIC-PROD;20-05-2026 20:53:08;;;;;
3;SRV-DTIC-PROD;20-05-2026 20:53:23;;;;;
3;SRV-DTIC-PROD;20-05-2026 20:53:23;;;;;
3;SRV-DTIC-PROD;20-05-2026 20:53:23;;;;;
3;SRV-DTIC-PROD;20-05-2026 20:53:23;;;;;
3;SRV-DTIC-PROD;20-05-2026 20:53:23;;;;;
3;SRV-DTIC-PROD;20-05-2026 20:53:23;;;;;
3;SRV-DTIC-PROD;20-05-2026 20:53:23;;;;;
3;SRV-DTIC-PROD;20-05-2026 20:53:23;;;;;
3;SRV-DTIC-PROD;20-05-2026 20:53:23;;;;;
3;SRV-DTIC-PROD;20-05-2026 20:53:37;;;;;
3;SRV-DTIC-PROD;20-05-2026 20:53:37;;;;;
3;SRV-DTIC-PROD;20-05-2026 20:53:37;;;;;
3;SRV-DTIC-PROD;20-05-2026 20:53:37;;;;;
3;SRV-DTIC-PROD;20-05-2026 20:53:37;;;;;
3;SRV-DTIC-PROD;20-05-2026 20:53:52;;;;;
3;SRV-DTIC-PROD;20-05-2026 20:53:52;;;;;
3;SRV-DTIC-PROD;20-05-2026 20:53:52;;;;;
3;SRV-DTIC-PROD;20-05-2026 20:53:52;;;;;
3;SRV-DTIC-PROD;20-05-2026 20:53:52;;;;;
3;SRV-DTIC-PROD;20-05-2026 20:53:52;;;;;
3;SRV-DTIC-PROD;20-05-2026 20:53:52;;;;;
3;SRV-DTIC-PROD;20-05-2026 20:54:07;;;;;
3;SRV-DTIC-PROD;20-05-2026 20:54:07;;;;;
3;SRV-DTIC-PROD;20-05-2026 20:54:07;;;;;
3;SRV-DTIC-PROD;20-05-2026 20:54:07;;;;;
3;SRV-DTIC-PROD;20-05-2026 20:54:07;;;;;
3;SRV-DTIC-PROD;20-05-2026 20:54:07;;;;;
3;SRV-DTIC-PROD;20-05-2026 20:54:07;;;;;
3;SRV-DTIC-PROD;20-05-2026 20:54:07;;;;;
3;SRV-DTIC-PROD;20-05-2026 20:54:23;;;;;
3;SRV-DTIC-PROD;20-05-2026 20:54:23;;;;;
3;SRV-DTIC-PROD;20-05-2026 20:54:23;;;;;
3;SRV-DTIC-PROD;20-05-2026 20:54:23;;;;;
3;SRV-DTIC-PROD;20-05-2026 20:54:23;;;;;
3;SRV-DTIC-PROD;20-05-2026 20:54:23;;;;;
3;SRV-DTIC-PROD;20-05-2026 20:54:23;;;;;
3;SRV-DTIC-PROD;20-05-2026 20:54:23;;;;;
3;SRV-DTIC-PROD;20-05-2026 20:54:23;;;;;
3;SRV-DTIC-PROD;20-05-2026 20:54:39;;;;;
3;SRV-DTIC-PROD;20-05-2026 20:54:39;;;;;
3;SRV-DTIC-PROD;20-05-2026 20:54:39;;;;;
3;SRV-DTIC-PROD;20-05-2026 20:54:39;;;;;
3;SRV-DTIC-PROD;20-05-2026 20:54:39;;;;;
3;SRV-DTIC-PROD;20-05-2026 20:54:39;;;;;
3;SRV-DTIC-PROD;20-05-2026 20:54:39;;;;;
3;SRV-DTIC-PROD;20-05-2026 20:54:39;;;;;
3;SRV-DTIC-PROD;20-05-2026 20:54:39;;;;;
3;SRV-DTIC-PROD;20-05-2026 20:54:54;;;;;
3;SRV-DTIC-PROD;20-05-2026 20:54:54;;;;;
3;SRV-DTIC-PROD;20-05-2026 20:54:54;;;;;
3;SRV-DTIC-PROD;20-05-2026 20:54:54;;;;;
3;SRV-DTIC-PROD;20-05-2026 20:54:54;;;;;
3;SRV-DTIC-PROD;20-05-2026 20:54:54;;;;;
3;SRV-DTIC-PROD;20-05-2026 20:54:54;;;;;
3;SRV-DTIC-PROD;20-05-2026 20:54:54;;;;;
3;SRV-DTIC-PROD;20-05-2026 20:55:10;;;;;
3;SRV-DTIC-PROD;20-05-2026 20:55:10;;;;;
3;SRV-DTIC-PROD;20-05-2026 20:55:10;;;;;
3;SRV-DTIC-PROD;20-05-2026 20:55:10;;;;;
3;SRV-DTIC-PROD;20-05-2026 20:55:10;;;;;
3;SRV-DTIC-PROD;20-05-2026 20:55:10;;;;;
3;SRV-DTIC-PROD;20-05-2026 20:55:10;;;;;
3;SRV-DTIC-PROD;20-05-2026 20:55:10;;;;;
3;SRV-DTIC-PROD;20-05-2026 20:55:25;;;;;
3;SRV-DTIC-PROD;20-05-2026 20:55:25;;;;;
3;SRV-DTIC-PROD;20-05-2026 20:55:25;;;;;
3;SRV-DTIC-PROD;20-05-2026 20:55:25;;;;;
3;SRV-DTIC-PROD;20-05-2026 20:55:25;;;;;
3;SRV-DTIC-PROD;20-05-2026 20:55:25;;;;;
3;SRV-DTIC-PROD;20-05-2026 20:55:25;;;;;
3;SRV-DTIC-PROD;20-05-2026 20:55:25;;;;;
3;SRV-DTIC-PROD;20-05-2026 20:55:40;;;;;
3;SRV-DTIC-PROD;20-05-2026 20:55:40;;;;;
3;SRV-DTIC-PROD;20-05-2026 20:55:40;;;;;
3;SRV-DTIC-PROD;20-05-2026 20:55:40;;;;;
3;SRV-DTIC-PROD;20-05-2026 20:55:40;;;;;
3;SRV-DTIC-PROD;20-05-2026 20:55:40;;;;;
3;SRV-DTIC-PROD;20-05-2026 20:55:40;;;;;
3;SRV-DTIC-PROD;20-05-2026 20:55:40;;;;;
3;SRV-DTIC-PROD;20-05-2026 20:55:40;;;;;
3;SRV-DTIC-PROD;20-05-2026 20:55:54;;;;;
3;SRV-DTIC-PROD;20-05-2026 20:55:54;;;;;
3;SRV-DTIC-PROD;20-05-2026 20:55:54;;;;;
3;SRV-DTIC-PROD;20-05-2026 20:55:54;;;;;
3;SRV-DTIC-PROD;20-05-2026 20:55:54;;;;;
3;SRV-DTIC-PROD;20-05-2026 20:55:54;;;;;
3;SRV-DTIC-PROD;20-05-2026 20:55:54;;;;;
3;SRV-DTIC-PROD;20-05-2026 20:55:54;;;;;
3;SRV-DTIC-PROD;20-05-2026 20:56:10;;;;;
3;SRV-DTIC-PROD;20-05-2026 20:56:10;;;;;
3;SRV-DTIC-PROD;20-05-2026 20:56:10;;;;;
3;SRV-DTIC-PROD;20-05-2026 20:56:10;;;;;
3;SRV-DTIC-PROD;20-05-2026 20:56:10;;;;;
3;SRV-DTIC-PROD;20-05-2026 20:56:10;;;;;
3;SRV-DTIC-PROD;20-05-2026 20:56:10;;;;;
3;SRV-DTIC-PROD;20-05-2026 20:56:10;;;;;
3;SRV-DTIC-PROD;20-05-2026 20:56:24;;;;;
3;SRV-DTIC-PROD;20-05-2026 20:56:24;;;;;
3;SRV-DTIC-PROD;20-05-2026 20:56:24;;;;;
3;SRV-DTIC-PROD;20-05-2026 20:56:24;;;;;
3;SRV-DTIC-PROD;20-05-2026 20:56:24;;;;;
3;SRV-DTIC-PROD;20-05-2026 20:56:24;;;;;
3;SRV-DTIC-PROD;20-05-2026 20:56:24;;;;;
3;SRV-DTIC-PROD;20-05-2026 20:56:24;;;;;
3;SRV-DTIC-PROD;20-05-2026 20:56:24;;;;;
5;luiz;21-05-2026 16:45:01;;;;;
5;luiz;21-05-2026 16:45:01;;;;;
5;luiz;21-05-2026 16:45:01;;;;;
5;luiz;21-05-2026 16:45:01;;;;;
5;luiz;21-05-2026 16:45:01;;;;;
5;luiz;21-05-2026 16:45:01;;;;;
5;luiz;21-05-2026 16:45:01;;;;;
5;luiz;21-05-2026 16:45:01;;;;;
5;luiz;21-05-2026 16:45:14;;;;;
5;luiz;21-05-2026 16:45:14;;;;;
5;luiz;21-05-2026 16:45:14;;;;;
5;luiz;21-05-2026 16:45:14;;;;;
5;luiz;21-05-2026 16:45:14;;;;;
5;luiz;21-05-2026 16:45:14;;;;;
5;luiz;21-05-2026 16:45:14;;;;;
5;luiz;21-05-2026 16:45:14;;;;;
5;luiz;21-05-2026 16:45:14;;;;;
