fk_empresa;id_servidor;home_broker;timestamp;cpu_percent;cpu_freq_current;cpu_time_idle;ram_total_gb;ram_available_gb;ram_used_gb;ram_percent;swap_percent;swap_used_gb;swap_free_gb;disk_percent;disco_taxa_transferencia;latencia_resposta_ms;net_bytes_sent_gb;net_bytes_recv_gb;total_processos;processo_maior_consumo;metodo;endpoint;status_code;latencia_ms;jitter_ms;packet_loss_percent;upload_mbps;download_mbps
;3;SRV-DTIC-PROD;20-05-2026 20:30:46;;;;;;;;;;;71.5;;;;;;python.exe (PID: 22432) - 81.9%;;;;;;;;
;3;SRV-DTIC-PROD;20-05-2026 20:30:46;;;;;;;;;;;71.5;;;;;;python.exe (PID: 22432) - 81.9%;;;;;;;;
;3;SRV-DTIC-PROD;20-05-2026 20:30:46;;;;;;;;;;;71.5;;;;;;python.exe (PID: 22432) - 81.9%;;;;;;;;
;3;SRV-DTIC-PROD;20-05-2026 20:30:46;;;;;;;;;;;71.5;;;;;;python.exe (PID: 22432) - 81.9%;;;;;;;;
;3;SRV-DTIC-PROD;20-05-2026 20:30:46;;;;;;;;;;;71.5;;;;;;python.exe (PID: 22432) - 81.9%;;;;;;;;
;3;SRV-DTIC-PROD;20-05-2026 20:30:46;;;;;;;;;;;71.5;;;;;;python.exe (PID: 22432) - 81.9%;;;;;;;;
;3;SRV-DTIC-PROD;20-05-2026 20:30:46;;;;;;;;;;;71.5;;;;;;python.exe (PID: 22432) - 81.9%;;;;;;;;
;3;SRV-DTIC-PROD;20-05-2026 20:31:03;;;;;;;;;;;71.6;;;;;;python.exe (PID: 22432) - 86.7%;;;;;;;;
;3;SRV-DTIC-PROD;20-05-2026 20:31:03;;;;;;;;;;;71.6;;;;;;python.exe (PID: 22432) - 86.7%;;;;;;;;
;3;SRV-DTIC-PROD;20-05-2026 20:31:03;;;;;;;;;;;71.6;;;;;;python.exe (PID: 22432) - 86.7%;;;;;;;;
;3;SRV-DTIC-PROD;20-05-2026 20:31:03;;;;;;;;;;;71.6;;;;;;python.exe (PID: 22432) - 86.7%;;;;;;;;
;3;SRV-DTIC-PROD;20-05-2026 20:31:03;;;;;;;;;;;71.6;;;;;;python.exe (PID: 22432) - 86.7%;;;;;;;;
;3;SRV-DTIC-PROD;20-05-2026 20:31:03;;;;;;;;;;;71.6;;;;;;python.exe (PID: 22432) - 86.7%;;;;;;;;
;3;SRV-DTIC-PROD;20-05-2026 20:31:03;;;;;;;;;;;71.6;;;;;;python.exe (PID: 22432) - 86.7%;;;;;;;;
;3;SRV-DTIC-PROD;20-05-2026 20:31:03;;;;;;;;;;;71.6;;;;;;python.exe (PID: 22432) - 86.7%;;;;;;;;
;3;SRV-DTIC-PROD;20-05-2026 20:31:18;;;;;;;;;;;71.7;;;;;;RainbowSix.exe (PID: 9332) - 448.9%;;;;;;;;
;3;SRV-DTIC-PROD;20-05-2026 20:31:18;;;;;;;;;;;71.7;;;;;;RainbowSix.exe (PID: 9332) - 448.9%;;;;;;;;
;3;SRV-DTIC-PROD;20-05-2026 20:31:18;;;;;;;;;;;71.7;;;;;;RainbowSix.exe (PID: 9332) - 448.9%;;;;;;;;
;3;SRV-DTIC-PROD;20-05-2026 20:31:18;;;;;;;;;;;71.7;;;;;;RainbowSix.exe (PID: 9332) - 448.9%;;;;;;;;
;3;SRV-DTIC-PROD;20-05-2026 20:31:18;;;;;;;;;;;71.7;;;;;;RainbowSix.exe (PID: 9332) - 448.9%;;;;;;;;
;3;SRV-DTIC-PROD;20-05-2026 20:31:18;;;;;;;;;;;71.7;;;;;;RainbowSix.exe (PID: 9332) - 448.9%;;;;;;;;
;3;SRV-DTIC-PROD;20-05-2026 20:31:18;;;;;;;;;;;71.7;;;;;;RainbowSix.exe (PID: 9332) - 448.9%;;;;;;;;
;3;SRV-DTIC-PROD;20-05-2026 20:31:18;;;;;;;;;;;71.7;;;;;;RainbowSix.exe (PID: 9332) - 448.9%;;;;;;;;
;3;SRV-DTIC-PROD;20-05-2026 20:31:18;;;;;;;;;;;71.7;;;;;;RainbowSix.exe (PID: 9332) - 448.9%;;;;;;;;
;3;SRV-DTIC-PROD;20-05-2026 20:31:37;;;;;;;;;;;71.8;;;;;;RainbowSix.exe (PID: 9332) - 389.8%;;;;;;;;
;3;SRV-DTIC-PROD;20-05-2026 20:31:37;;;;;;;;;;;71.8;;;;;;RainbowSix.exe (PID: 9332) - 389.8%;;;;;;;;
;3;SRV-DTIC-PROD;20-05-2026 20:31:37;;;;;;;;;;;71.8;;;;;;RainbowSix.exe (PID: 9332) - 389.8%;;;;;;;;
;3;SRV-DTIC-PROD;20-05-2026 20:31:37;;;;;;;;;;;71.8;;;;;;RainbowSix.exe (PID: 9332) - 389.8%;;;;;;;;
;3;SRV-DTIC-PROD;20-05-2026 20:31:37;;;;;;;;;;;71.8;;;;;;RainbowSix.exe (PID: 9332) - 389.8%;;;;;;;;
;3;SRV-DTIC-PROD;20-05-2026 20:31:37;;;;;;;;;;;71.8;;;;;;RainbowSix.exe (PID: 9332) - 389.8%;;;;;;;;
;3;SRV-DTIC-PROD;20-05-2026 20:31:37;;;;;;;;;;;71.8;;;;;;RainbowSix.exe (PID: 9332) - 389.8%;;;;;;;;
;3;SRV-DTIC-PROD;20-05-2026 20:31:37;;;;;;;;;;;71.8;;;;;;RainbowSix.exe (PID: 9332) - 389.8%;;;;;;;;
;3;SRV-DTIC-PROD;20-05-2026 20:31:55;;;;;;;;;;;73.1;;;;;;RainbowSix.exe (PID: 9332) - 214.5%;;;;;;;;
;3;SRV-DTIC-PROD;20-05-2026 20:31:55;;;;;;;;;;;73.1;;;;;;RainbowSix.exe (PID: 9332) - 214.5%;;;;;;;;
;3;SRV-DTIC-PROD;20-05-2026 20:31:55;;;;;;;;;;;73.1;;;;;;RainbowSix.exe (PID: 9332) - 214.5%;;;;;;;;
;3;SRV-DTIC-PROD;20-05-2026 20:31:55;;;;;;;;;;;73.1;;;;;;RainbowSix.exe (PID: 9332) - 214.5%;;;;;;;;
;3;SRV-DTIC-PROD;20-05-2026 20:31:55;;;;;;;;;;;73.1;;;;;;RainbowSix.exe (PID: 9332) - 214.5%;;;;;;;;
;3;SRV-DTIC-PROD;20-05-2026 20:31:55;;;;;;;;;;;73.1;;;;;;RainbowSix.exe (PID: 9332) - 214.5%;;;;;;;;
;3;SRV-DTIC-PROD;20-05-2026 20:31:55;;;;;;;;;;;73.1;;;;;;RainbowSix.exe (PID: 9332) - 214.5%;;;;;;;;
;3;SRV-DTIC-PROD;20-05-2026 20:32:10;;;;;;;;;;;73.2;;;;;;RainbowSix.exe (PID: 9332) - 239.3%;;;;;;;;
;3;SRV-DTIC-PROD;20-05-2026 20:32:10;;;;;;;;;;;73.2;;;;;;RainbowSix.exe (PID: 9332) - 239.3%;;;;;;;;
;3;SRV-DTIC-PROD;20-05-2026 20:32:10;;;;;;;;;;;73.2;;;;;;RainbowSix.exe (PID: 9332) - 239.3%;;;;;;;;
;3;SRV-DTIC-PROD;20-05-2026 20:32:10;;;;;;;;;;;73.2;;;;;;RainbowSix.exe (PID: 9332) - 239.3%;;;;;;;;
;3;SRV-DTIC-PROD;20-05-2026 20:32:10;;;;;;;;;;;73.2;;;;;;RainbowSix.exe (PID: 9332) - 239.3%;;;;;;;;
;3;SRV-DTIC-PROD;20-05-2026 20:32:10;;;;;;;;;;;73.2;;;;;;RainbowSix.exe (PID: 9332) - 239.3%;;;;;;;;
;3;SRV-DTIC-PROD;20-05-2026 20:32:10;;;;;;;;;;;73.2;;;;;;RainbowSix.exe (PID: 9332) - 239.3%;;;;;;;;
;3;SRV-DTIC-PROD;20-05-2026 20:32:10;;;;;;;;;;;73.2;;;;;;RainbowSix.exe (PID: 9332) - 239.3%;;;;;;;;
;3;SRV-DTIC-PROD;20-05-2026 20:32:26;;;;;;;;;;;73.3;;;;;;RainbowSix.exe (PID: 9332) - 347.0%;;;;;;;;
;3;SRV-DTIC-PROD;20-05-2026 20:32:26;;;;;;;;;;;73.3;;;;;;RainbowSix.exe (PID: 9332) - 347.0%;;;;;;;;
;3;SRV-DTIC-PROD;20-05-2026 20:32:26;;;;;;;;;;;73.3;;;;;;RainbowSix.exe (PID: 9332) - 347.0%;;;;;;;;
;3;SRV-DTIC-PROD;20-05-2026 20:32:26;;;;;;;;;;;73.3;;;;;;RainbowSix.exe (PID: 9332) - 347.0%;;;;;;;;
;3;SRV-DTIC-PROD;20-05-2026 20:32:26;;;;;;;;;;;73.3;;;;;;RainbowSix.exe (PID: 9332) - 347.0%;;;;;;;;
;3;SRV-DTIC-PROD;20-05-2026 20:32:26;;;;;;;;;;;73.3;;;;;;RainbowSix.exe (PID: 9332) - 347.0%;;;;;;;;
;3;SRV-DTIC-PROD;20-05-2026 20:32:26;;;;;;;;;;;73.3;;;;;;RainbowSix.exe (PID: 9332) - 347.0%;;;;;;;;
;3;SRV-DTIC-PROD;20-05-2026 20:32:44;;;;;;;;;;;73.5;;;;;;RainbowSix.exe (PID: 9332) - 202.4%;;;;;;;;
;3;SRV-DTIC-PROD;20-05-2026 20:32:44;;;;;;;;;;;73.5;;;;;;RainbowSix.exe (PID: 9332) - 202.4%;;;;;;;;
;3;SRV-DTIC-PROD;20-05-2026 20:32:44;;;;;;;;;;;73.5;;;;;;RainbowSix.exe (PID: 9332) - 202.4%;;;;;;;;
;3;SRV-DTIC-PROD;20-05-2026 20:32:44;;;;;;;;;;;73.5;;;;;;RainbowSix.exe (PID: 9332) - 202.4%;;;;;;;;
;3;SRV-DTIC-PROD;20-05-2026 20:32:44;;;;;;;;;;;73.5;;;;;;RainbowSix.exe (PID: 9332) - 202.4%;;;;;;;;
;3;SRV-DTIC-PROD;20-05-2026 20:32:44;;;;;;;;;;;73.5;;;;;;RainbowSix.exe (PID: 9332) - 202.4%;;;;;;;;
;3;SRV-DTIC-PROD;20-05-2026 20:32:44;;;;;;;;;;;73.5;;;;;;RainbowSix.exe (PID: 9332) - 202.4%;;;;;;;;
;3;SRV-DTIC-PROD;20-05-2026 20:33:00;;;;;;;;;;;73.5;;;;;;RainbowSix.exe (PID: 9332) - 86.4%;;;;;;;;
;3;SRV-DTIC-PROD;20-05-2026 20:33:00;;;;;;;;;;;73.5;;;;;;RainbowSix.exe (PID: 9332) - 86.4%;;;;;;;;
;3;SRV-DTIC-PROD;20-05-2026 20:33:00;;;;;;;;;;;73.5;;;;;;RainbowSix.exe (PID: 9332) - 86.4%;;;;;;;;
;3;SRV-DTIC-PROD;20-05-2026 20:33:00;;;;;;;;;;;73.5;;;;;;RainbowSix.exe (PID: 9332) - 86.4%;;;;;;;;
;3;SRV-DTIC-PROD;20-05-2026 20:33:00;;;;;;;;;;;73.5;;;;;;RainbowSix.exe (PID: 9332) - 86.4%;;;;;;;;
;3;SRV-DTIC-PROD;20-05-2026 20:33:00;;;;;;;;;;;73.5;;;;;;RainbowSix.exe (PID: 9332) - 86.4%;;;;;;;;
;3;SRV-DTIC-PROD;20-05-2026 20:33:00;;;;;;;;;;;73.5;;;;;;RainbowSix.exe (PID: 9332) - 86.4%;;;;;;;;
;3;SRV-DTIC-PROD;20-05-2026 20:33:00;;;;;;;;;;;73.5;;;;;;RainbowSix.exe (PID: 9332) - 86.4%;;;;;;;;
;3;SRV-DTIC-PROD;20-05-2026 20:33:15;;;;;;;;;;;73.5;;;;;;brave.exe (PID: 16140) - 141.3%;;;;;;;;
;3;SRV-DTIC-PROD;20-05-2026 20:33:15;;;;;;;;;;;73.5;;;;;;brave.exe (PID: 16140) - 141.3%;;;;;;;;
;3;SRV-DTIC-PROD;20-05-2026 20:33:15;;;;;;;;;;;73.5;;;;;;brave.exe (PID: 16140) - 141.3%;;;;;;;;
;3;SRV-DTIC-PROD;20-05-2026 20:33:15;;;;;;;;;;;73.5;;;;;;brave.exe (PID: 16140) - 141.3%;;;;;;;;
;3;SRV-DTIC-PROD;20-05-2026 20:33:15;;;;;;;;;;;73.5;;;;;;brave.exe (PID: 16140) - 141.3%;;;;;;;;
;3;SRV-DTIC-PROD;20-05-2026 20:33:15;;;;;;;;;;;73.5;;;;;;brave.exe (PID: 16140) - 141.3%;;;;;;;;
;3;SRV-DTIC-PROD;20-05-2026 20:33:15;;;;;;;;;;;73.5;;;;;;brave.exe (PID: 16140) - 141.3%;;;;;;;;
;3;SRV-DTIC-PROD;20-05-2026 20:33:15;;;;;;;;;;;73.5;;;;;;brave.exe (PID: 16140) - 141.3%;;;;;;;;
;3;SRV-DTIC-PROD;20-05-2026 20:33:31;;;;;;;;;;;73.5;;;;;;steam.exe (PID: 11328) - 90.0%;;;;;;;;
;3;SRV-DTIC-PROD;20-05-2026 20:33:31;;;;;;;;;;;73.5;;;;;;steam.exe (PID: 11328) - 90.0%;;;;;;;;
;3;SRV-DTIC-PROD;20-05-2026 20:33:31;;;;;;;;;;;73.5;;;;;;steam.exe (PID: 11328) - 90.0%;;;;;;;;
;3;SRV-DTIC-PROD;20-05-2026 20:33:31;;;;;;;;;;;73.5;;;;;;steam.exe (PID: 11328) - 90.0%;;;;;;;;
;3;SRV-DTIC-PROD;20-05-2026 20:33:31;;;;;;;;;;;73.5;;;;;;steam.exe (PID: 11328) - 90.0%;;;;;;;;
;3;SRV-DTIC-PROD;20-05-2026 20:33:31;;;;;;;;;;;73.5;;;;;;steam.exe (PID: 11328) - 90.0%;;;;;;;;
;3;SRV-DTIC-PROD;20-05-2026 20:33:47;;;;;;;;;;;73.6;;;;;;python.exe (PID: 22432) - 85.4%;;;;;;;;
;3;SRV-DTIC-PROD;20-05-2026 20:33:47;;;;;;;;;;;73.6;;;;;;python.exe (PID: 22432) - 85.4%;;;;;;;;
;3;SRV-DTIC-PROD;20-05-2026 20:33:47;;;;;;;;;;;73.6;;;;;;python.exe (PID: 22432) - 85.4%;;;;;;;;
;3;SRV-DTIC-PROD;20-05-2026 20:33:47;;;;;;;;;;;73.6;;;;;;python.exe (PID: 22432) - 85.4%;;;;;;;;
;3;SRV-DTIC-PROD;20-05-2026 20:33:47;;;;;;;;;;;73.6;;;;;;python.exe (PID: 22432) - 85.4%;;;;;;;;
;3;SRV-DTIC-PROD;20-05-2026 20:33:47;;;;;;;;;;;73.6;;;;;;python.exe (PID: 22432) - 85.4%;;;;;;;;
;3;SRV-DTIC-PROD;20-05-2026 20:33:47;;;;;;;;;;;73.6;;;;;;python.exe (PID: 22432) - 85.4%;;;;;;;;
;3;SRV-DTIC-PROD;20-05-2026 20:33:47;;;;;;;;;;;73.6;;;;;;python.exe (PID: 22432) - 85.4%;;;;;;;;
;3;SRV-DTIC-PROD;20-05-2026 20:34:02;;;;;;;;;;;73.6;;;;;;RainbowSix.exe (PID: 9332) - 92.6%;;;;;;;;
;3;SRV-DTIC-PROD;20-05-2026 20:34:02;;;;;;;;;;;73.6;;;;;;RainbowSix.exe (PID: 9332) - 92.6%;;;;;;;;
;3;SRV-DTIC-PROD;20-05-2026 20:34:02;;;;;;;;;;;73.6;;;;;;RainbowSix.exe (PID: 9332) - 92.6%;;;;;;;;
;3;SRV-DTIC-PROD;20-05-2026 20:34:02;;;;;;;;;;;73.6;;;;;;RainbowSix.exe (PID: 9332) - 92.6%;;;;;;;;
;3;SRV-DTIC-PROD;20-05-2026 20:34:02;;;;;;;;;;;73.6;;;;;;RainbowSix.exe (PID: 9332) - 92.6%;;;;;;;;
;3;SRV-DTIC-PROD;20-05-2026 20:34:02;;;;;;;;;;;73.6;;;;;;RainbowSix.exe (PID: 9332) - 92.6%;;;;;;;;
;3;SRV-DTIC-PROD;20-05-2026 20:34:02;;;;;;;;;;;73.6;;;;;;RainbowSix.exe (PID: 9332) - 92.6%;;;;;;;;
;3;SRV-DTIC-PROD;20-05-2026 20:34:02;;;;;;;;;;;73.6;;;;;;RainbowSix.exe (PID: 9332) - 92.6%;;;;;;;;
;3;SRV-DTIC-PROD;20-05-2026 20:34:18;;;;;;;;;;;73.6;;;;;;brave.exe (PID: 4420) - 146.2%;;;;;;;;
;3;SRV-DTIC-PROD;20-05-2026 20:34:18;;;;;;;;;;;73.6;;;;;;brave.exe (PID: 4420) - 146.2%;;;;;;;;
;3;SRV-DTIC-PROD;20-05-2026 20:34:18;;;;;;;;;;;73.6;;;;;;brave.exe (PID: 4420) - 146.2%;;;;;;;;
;3;SRV-DTIC-PROD;20-05-2026 20:34:18;;;;;;;;;;;73.6;;;;;;brave.exe (PID: 4420) - 146.2%;;;;;;;;
;3;SRV-DTIC-PROD;20-05-2026 20:34:18;;;;;;;;;;;73.6;;;;;;brave.exe (PID: 4420) - 146.2%;;;;;;;;
;3;SRV-DTIC-PROD;20-05-2026 20:34:18;;;;;;;;;;;73.6;;;;;;brave.exe (PID: 4420) - 146.2%;;;;;;;;
;3;SRV-DTIC-PROD;20-05-2026 20:34:18;;;;;;;;;;;73.6;;;;;;brave.exe (PID: 4420) - 146.2%;;;;;;;;
;3;SRV-DTIC-PROD;20-05-2026 20:34:18;;;;;;;;;;;73.6;;;;;;brave.exe (PID: 4420) - 146.2%;;;;;;;;
;3;SRV-DTIC-PROD;20-05-2026 20:34:18;;;;;;;;;;;73.6;;;;;;brave.exe (PID: 4420) - 146.2%;;;;;;;;
;3;SRV-DTIC-PROD;20-05-2026 20:34:34;;;;;;;;;;;73.6;;;;;;RainbowSix.exe (PID: 9332) - 449.6%;;;;;;;;
;3;SRV-DTIC-PROD;20-05-2026 20:34:34;;;;;;;;;;;73.6;;;;;;RainbowSix.exe (PID: 9332) - 449.6%;;;;;;;;
;3;SRV-DTIC-PROD;20-05-2026 20:34:34;;;;;;;;;;;73.6;;;;;;RainbowSix.exe (PID: 9332) - 449.6%;;;;;;;;
;3;SRV-DTIC-PROD;20-05-2026 20:34:34;;;;;;;;;;;73.6;;;;;;RainbowSix.exe (PID: 9332) - 449.6%;;;;;;;;
;3;SRV-DTIC-PROD;20-05-2026 20:34:34;;;;;;;;;;;73.6;;;;;;RainbowSix.exe (PID: 9332) - 449.6%;;;;;;;;
;3;SRV-DTIC-PROD;20-05-2026 20:34:34;;;;;;;;;;;73.6;;;;;;RainbowSix.exe (PID: 9332) - 449.6%;;;;;;;;
;3;SRV-DTIC-PROD;20-05-2026 20:34:34;;;;;;;;;;;73.6;;;;;;RainbowSix.exe (PID: 9332) - 449.6%;;;;;;;;
;3;SRV-DTIC-PROD;20-05-2026 20:34:53;;;;;;;;;;;73.6;;;;;;RainbowSix.exe (PID: 9332) - 221.5%;;;;;;;;
;3;SRV-DTIC-PROD;20-05-2026 20:34:53;;;;;;;;;;;73.6;;;;;;RainbowSix.exe (PID: 9332) - 221.5%;;;;;;;;
;3;SRV-DTIC-PROD;20-05-2026 20:34:53;;;;;;;;;;;73.6;;;;;;RainbowSix.exe (PID: 9332) - 221.5%;;;;;;;;
;3;SRV-DTIC-PROD;20-05-2026 20:34:53;;;;;;;;;;;73.6;;;;;;RainbowSix.exe (PID: 9332) - 221.5%;;;;;;;;
;3;SRV-DTIC-PROD;20-05-2026 20:34:53;;;;;;;;;;;73.6;;;;;;RainbowSix.exe (PID: 9332) - 221.5%;;;;;;;;
;3;SRV-DTIC-PROD;20-05-2026 20:34:53;;;;;;;;;;;73.6;;;;;;RainbowSix.exe (PID: 9332) - 221.5%;;;;;;;;
;3;SRV-DTIC-PROD;20-05-2026 20:34:53;;;;;;;;;;;73.6;;;;;;RainbowSix.exe (PID: 9332) - 221.5%;;;;;;;;
;3;SRV-DTIC-PROD;20-05-2026 20:34:53;;;;;;;;;;;73.6;;;;;;RainbowSix.exe (PID: 9332) - 221.5%;;;;;;;;
;3;SRV-DTIC-PROD;20-05-2026 20:35:09;;;;;;;;;;;73.6;;;;;;RainbowSix.exe (PID: 9332) - 228.9%;;;;;;;;
;3;SRV-DTIC-PROD;20-05-2026 20:35:09;;;;;;;;;;;73.6;;;;;;RainbowSix.exe (PID: 9332) - 228.9%;;;;;;;;
;3;SRV-DTIC-PROD;20-05-2026 20:35:09;;;;;;;;;;;73.6;;;;;;RainbowSix.exe (PID: 9332) - 228.9%;;;;;;;;
;3;SRV-DTIC-PROD;20-05-2026 20:35:09;;;;;;;;;;;73.6;;;;;;RainbowSix.exe (PID: 9332) - 228.9%;;;;;;;;
;3;SRV-DTIC-PROD;20-05-2026 20:35:09;;;;;;;;;;;73.6;;;;;;RainbowSix.exe (PID: 9332) - 228.9%;;;;;;;;
;3;SRV-DTIC-PROD;20-05-2026 20:35:09;;;;;;;;;;;73.6;;;;;;RainbowSix.exe (PID: 9332) - 228.9%;;;;;;;;
;3;SRV-DTIC-PROD;20-05-2026 20:35:09;;;;;;;;;;;73.6;;;;;;RainbowSix.exe (PID: 9332) - 228.9%;;;;;;;;
;3;SRV-DTIC-PROD;20-05-2026 20:35:25;;;;;;;;;;;73.6;;;;;;RainbowSix.exe (PID: 9332) - 106.0%;;;;;;;;
;3;SRV-DTIC-PROD;20-05-2026 20:35:25;;;;;;;;;;;73.6;;;;;;RainbowSix.exe (PID: 9332) - 106.0%;;;;;;;;
;3;SRV-DTIC-PROD;20-05-2026 20:35:25;;;;;;;;;;;73.6;;;;;;RainbowSix.exe (PID: 9332) - 106.0%;;;;;;;;
;3;SRV-DTIC-PROD;20-05-2026 20:35:25;;;;;;;;;;;73.6;;;;;;RainbowSix.exe (PID: 9332) - 106.0%;;;;;;;;
;3;SRV-DTIC-PROD;20-05-2026 20:35:25;;;;;;;;;;;73.6;;;;;;RainbowSix.exe (PID: 9332) - 106.0%;;;;;;;;
;3;SRV-DTIC-PROD;20-05-2026 20:35:25;;;;;;;;;;;73.6;;;;;;RainbowSix.exe (PID: 9332) - 106.0%;;;;;;;;
;3;SRV-DTIC-PROD;20-05-2026 20:35:25;;;;;;;;;;;73.6;;;;;;RainbowSix.exe (PID: 9332) - 106.0%;;;;;;;;
;3;SRV-DTIC-PROD;20-05-2026 20:35:40;;;;;;;;;;;73.6;;;;;;RainbowSix.exe (PID: 9332) - 197.3%;;;;;;;;
;3;SRV-DTIC-PROD;20-05-2026 20:35:40;;;;;;;;;;;73.6;;;;;;RainbowSix.exe (PID: 9332) - 197.3%;;;;;;;;
;3;SRV-DTIC-PROD;20-05-2026 20:35:40;;;;;;;;;;;73.6;;;;;;RainbowSix.exe (PID: 9332) - 197.3%;;;;;;;;
;3;SRV-DTIC-PROD;20-05-2026 20:35:40;;;;;;;;;;;73.6;;;;;;RainbowSix.exe (PID: 9332) - 197.3%;;;;;;;;
;3;SRV-DTIC-PROD;20-05-2026 20:35:40;;;;;;;;;;;73.6;;;;;;RainbowSix.exe (PID: 9332) - 197.3%;;;;;;;;
;3;SRV-DTIC-PROD;20-05-2026 20:35:40;;;;;;;;;;;73.6;;;;;;RainbowSix.exe (PID: 9332) - 197.3%;;;;;;;;
;3;SRV-DTIC-PROD;20-05-2026 20:35:40;;;;;;;;;;;73.6;;;;;;RainbowSix.exe (PID: 9332) - 197.3%;;;;;;;;
;3;SRV-DTIC-PROD;20-05-2026 20:35:56;;;;;;;;;;;73.6;;;;;;svchost.exe (PID: 20616) - 93.5%;;;;;;;;
;3;SRV-DTIC-PROD;20-05-2026 20:35:56;;;;;;;;;;;73.6;;;;;;svchost.exe (PID: 20616) - 93.5%;;;;;;;;
;3;SRV-DTIC-PROD;20-05-2026 20:35:56;;;;;;;;;;;73.6;;;;;;svchost.exe (PID: 20616) - 93.5%;;;;;;;;
;3;SRV-DTIC-PROD;20-05-2026 20:35:56;;;;;;;;;;;73.6;;;;;;svchost.exe (PID: 20616) - 93.5%;;;;;;;;
;3;SRV-DTIC-PROD;20-05-2026 20:35:56;;;;;;;;;;;73.6;;;;;;svchost.exe (PID: 20616) - 93.5%;;;;;;;;
;3;SRV-DTIC-PROD;20-05-2026 20:35:56;;;;;;;;;;;73.6;;;;;;svchost.exe (PID: 20616) - 93.5%;;;;;;;;
;3;SRV-DTIC-PROD;20-05-2026 20:36:11;;;;;;;;;;;73.7;;;;;;brave.exe (PID: 10980) - 93.2%;;;;;;;;
;3;SRV-DTIC-PROD;20-05-2026 20:36:11;;;;;;;;;;;73.7;;;;;;brave.exe (PID: 10980) - 93.2%;;;;;;;;
;3;SRV-DTIC-PROD;20-05-2026 20:36:11;;;;;;;;;;;73.7;;;;;;brave.exe (PID: 10980) - 93.2%;;;;;;;;
;3;SRV-DTIC-PROD;20-05-2026 20:36:11;;;;;;;;;;;73.7;;;;;;brave.exe (PID: 10980) - 93.2%;;;;;;;;
;3;SRV-DTIC-PROD;20-05-2026 20:36:11;;;;;;;;;;;73.7;;;;;;brave.exe (PID: 10980) - 93.2%;;;;;;;;
;3;SRV-DTIC-PROD;20-05-2026 20:36:11;;;;;;;;;;;73.7;;;;;;brave.exe (PID: 10980) - 93.2%;;;;;;;;
;3;SRV-DTIC-PROD;20-05-2026 20:36:11;;;;;;;;;;;73.7;;;;;;brave.exe (PID: 10980) - 93.2%;;;;;;;;
;3;SRV-DTIC-PROD;20-05-2026 20:36:27;;;;;;;;;;;73.7;;;;;;steam.exe (PID: 11328) - 104.5%;;;;;;;;
;3;SRV-DTIC-PROD;20-05-2026 20:36:27;;;;;;;;;;;73.7;;;;;;steam.exe (PID: 11328) - 104.5%;;;;;;;;
;3;SRV-DTIC-PROD;20-05-2026 20:36:27;;;;;;;;;;;73.7;;;;;;steam.exe (PID: 11328) - 104.5%;;;;;;;;
;3;SRV-DTIC-PROD;20-05-2026 20:36:27;;;;;;;;;;;73.7;;;;;;steam.exe (PID: 11328) - 104.5%;;;;;;;;
;3;SRV-DTIC-PROD;20-05-2026 20:36:27;;;;;;;;;;;73.7;;;;;;steam.exe (PID: 11328) - 104.5%;;;;;;;;
;3;SRV-DTIC-PROD;20-05-2026 20:36:27;;;;;;;;;;;73.7;;;;;;steam.exe (PID: 11328) - 104.5%;;;;;;;;
;3;SRV-DTIC-PROD;20-05-2026 20:36:27;;;;;;;;;;;73.7;;;;;;steam.exe (PID: 11328) - 104.5%;;;;;;;;
;3;SRV-DTIC-PROD;20-05-2026 20:36:43;;;;;;;;;;;73.7;;;;;;steam.exe (PID: 11328) - 83.4%;;;;;;;;
;3;SRV-DTIC-PROD;20-05-2026 20:36:43;;;;;;;;;;;73.7;;;;;;steam.exe (PID: 11328) - 83.4%;;;;;;;;
;3;SRV-DTIC-PROD;20-05-2026 20:36:43;;;;;;;;;;;73.7;;;;;;steam.exe (PID: 11328) - 83.4%;;;;;;;;
;3;SRV-DTIC-PROD;20-05-2026 20:36:43;;;;;;;;;;;73.7;;;;;;steam.exe (PID: 11328) - 83.4%;;;;;;;;
;3;SRV-DTIC-PROD;20-05-2026 20:36:43;;;;;;;;;;;73.7;;;;;;steam.exe (PID: 11328) - 83.4%;;;;;;;;
;3;SRV-DTIC-PROD;20-05-2026 20:36:43;;;;;;;;;;;73.7;;;;;;steam.exe (PID: 11328) - 83.4%;;;;;;;;
;3;SRV-DTIC-PROD;20-05-2026 20:36:43;;;;;;;;;;;73.7;;;;;;steam.exe (PID: 11328) - 83.4%;;;;;;;;
;3;SRV-DTIC-PROD;20-05-2026 20:36:58;;;;;;;;;;;73.7;;;;;;RainbowSix.exe (PID: 9332) - 437.4%;;;;;;;;
;3;SRV-DTIC-PROD;20-05-2026 20:36:58;;;;;;;;;;;73.7;;;;;;RainbowSix.exe (PID: 9332) - 437.4%;;;;;;;;
;3;SRV-DTIC-PROD;20-05-2026 20:36:58;;;;;;;;;;;73.7;;;;;;RainbowSix.exe (PID: 9332) - 437.4%;;;;;;;;
;3;SRV-DTIC-PROD;20-05-2026 20:36:58;;;;;;;;;;;73.7;;;;;;RainbowSix.exe (PID: 9332) - 437.4%;;;;;;;;
;3;SRV-DTIC-PROD;20-05-2026 20:36:58;;;;;;;;;;;73.7;;;;;;RainbowSix.exe (PID: 9332) - 437.4%;;;;;;;;
;3;SRV-DTIC-PROD;20-05-2026 20:36:58;;;;;;;;;;;73.7;;;;;;RainbowSix.exe (PID: 9332) - 437.4%;;;;;;;;
;3;SRV-DTIC-PROD;20-05-2026 20:36:58;;;;;;;;;;;73.7;;;;;;RainbowSix.exe (PID: 9332) - 437.4%;;;;;;;;
;3;SRV-DTIC-PROD;20-05-2026 20:36:58;;;;;;;;;;;73.7;;;;;;RainbowSix.exe (PID: 9332) - 437.4%;;;;;;;;
;3;SRV-DTIC-PROD;20-05-2026 20:37:14;;;;;;;;;;;73.8;;;;;;RainbowSix.exe (PID: 9332) - 469.2%;;;;;;;;
;3;SRV-DTIC-PROD;20-05-2026 20:37:14;;;;;;;;;;;73.8;;;;;;RainbowSix.exe (PID: 9332) - 469.2%;;;;;;;;
;3;SRV-DTIC-PROD;20-05-2026 20:37:14;;;;;;;;;;;73.8;;;;;;RainbowSix.exe (PID: 9332) - 469.2%;;;;;;;;
;3;SRV-DTIC-PROD;20-05-2026 20:37:14;;;;;;;;;;;73.8;;;;;;RainbowSix.exe (PID: 9332) - 469.2%;;;;;;;;
;3;SRV-DTIC-PROD;20-05-2026 20:37:14;;;;;;;;;;;73.8;;;;;;RainbowSix.exe (PID: 9332) - 469.2%;;;;;;;;
;3;SRV-DTIC-PROD;20-05-2026 20:37:14;;;;;;;;;;;73.8;;;;;;RainbowSix.exe (PID: 9332) - 469.2%;;;;;;;;
;3;SRV-DTIC-PROD;20-05-2026 20:37:14;;;;;;;;;;;73.8;;;;;;RainbowSix.exe (PID: 9332) - 469.2%;;;;;;;;
;3;SRV-DTIC-PROD;20-05-2026 20:37:14;;;;;;;;;;;73.8;;;;;;RainbowSix.exe (PID: 9332) - 469.2%;;;;;;;;
;3;SRV-DTIC-PROD;20-05-2026 20:37:31;;;;;;;;;;;73.8;;;;;;RainbowSix.exe (PID: 9332) - 409.7%;;;;;;;;
;3;SRV-DTIC-PROD;20-05-2026 20:37:31;;;;;;;;;;;73.8;;;;;;RainbowSix.exe (PID: 9332) - 409.7%;;;;;;;;
;3;SRV-DTIC-PROD;20-05-2026 20:37:31;;;;;;;;;;;73.8;;;;;;RainbowSix.exe (PID: 9332) - 409.7%;;;;;;;;
;3;SRV-DTIC-PROD;20-05-2026 20:37:31;;;;;;;;;;;73.8;;;;;;RainbowSix.exe (PID: 9332) - 409.7%;;;;;;;;
;3;SRV-DTIC-PROD;20-05-2026 20:37:31;;;;;;;;;;;73.8;;;;;;RainbowSix.exe (PID: 9332) - 409.7%;;;;;;;;
;3;SRV-DTIC-PROD;20-05-2026 20:37:31;;;;;;;;;;;73.8;;;;;;RainbowSix.exe (PID: 9332) - 409.7%;;;;;;;;
;3;SRV-DTIC-PROD;20-05-2026 20:37:31;;;;;;;;;;;73.8;;;;;;RainbowSix.exe (PID: 9332) - 409.7%;;;;;;;;
;3;SRV-DTIC-PROD;20-05-2026 20:37:31;;;;;;;;;;;73.8;;;;;;RainbowSix.exe (PID: 9332) - 409.7%;;;;;;;;
;3;SRV-DTIC-PROD;20-05-2026 20:37:31;;;;;;;;;;;73.8;;;;;;RainbowSix.exe (PID: 9332) - 409.7%;;;;;;;;
;3;SRV-DTIC-PROD;20-05-2026 20:37:48;;;;;;;;;;;73.8;;;;;;RainbowSix.exe (PID: 9332) - 532.3%;;;;;;;;
;3;SRV-DTIC-PROD;20-05-2026 20:37:48;;;;;;;;;;;73.8;;;;;;RainbowSix.exe (PID: 9332) - 532.3%;;;;;;;;
;3;SRV-DTIC-PROD;20-05-2026 20:37:48;;;;;;;;;;;73.8;;;;;;RainbowSix.exe (PID: 9332) - 532.3%;;;;;;;;
;3;SRV-DTIC-PROD;20-05-2026 20:37:48;;;;;;;;;;;73.8;;;;;;RainbowSix.exe (PID: 9332) - 532.3%;;;;;;;;
;3;SRV-DTIC-PROD;20-05-2026 20:37:48;;;;;;;;;;;73.8;;;;;;RainbowSix.exe (PID: 9332) - 532.3%;;;;;;;;
;3;SRV-DTIC-PROD;20-05-2026 20:37:48;;;;;;;;;;;73.8;;;;;;RainbowSix.exe (PID: 9332) - 532.3%;;;;;;;;
;3;SRV-DTIC-PROD;20-05-2026 20:37:48;;;;;;;;;;;73.8;;;;;;RainbowSix.exe (PID: 9332) - 532.3%;;;;;;;;
;3;SRV-DTIC-PROD;20-05-2026 20:38:05;;;;;;;;;;;73.8;;;;;;RainbowSix.exe (PID: 9332) - 444.6%;;;;;;;;
;3;SRV-DTIC-PROD;20-05-2026 20:38:05;;;;;;;;;;;73.8;;;;;;RainbowSix.exe (PID: 9332) - 444.6%;;;;;;;;
;3;SRV-DTIC-PROD;20-05-2026 20:38:05;;;;;;;;;;;73.8;;;;;;RainbowSix.exe (PID: 9332) - 444.6%;;;;;;;;
;3;SRV-DTIC-PROD;20-05-2026 20:38:05;;;;;;;;;;;73.8;;;;;;RainbowSix.exe (PID: 9332) - 444.6%;;;;;;;;
;3;SRV-DTIC-PROD;20-05-2026 20:38:05;;;;;;;;;;;73.8;;;;;;RainbowSix.exe (PID: 9332) - 444.6%;;;;;;;;
;3;SRV-DTIC-PROD;20-05-2026 20:38:05;;;;;;;;;;;73.8;;;;;;RainbowSix.exe (PID: 9332) - 444.6%;;;;;;;;
;3;SRV-DTIC-PROD;20-05-2026 20:38:22;;;;;;;;;;;73.8;;;;;;RainbowSix.exe (PID: 9332) - 471.3%;;;;;;;;
;3;SRV-DTIC-PROD;20-05-2026 20:38:22;;;;;;;;;;;73.8;;;;;;RainbowSix.exe (PID: 9332) - 471.3%;;;;;;;;
;3;SRV-DTIC-PROD;20-05-2026 20:38:22;;;;;;;;;;;73.8;;;;;;RainbowSix.exe (PID: 9332) - 471.3%;;;;;;;;
;3;SRV-DTIC-PROD;20-05-2026 20:38:22;;;;;;;;;;;73.8;;;;;;RainbowSix.exe (PID: 9332) - 471.3%;;;;;;;;
;3;SRV-DTIC-PROD;20-05-2026 20:38:22;;;;;;;;;;;73.8;;;;;;RainbowSix.exe (PID: 9332) - 471.3%;;;;;;;;
;3;SRV-DTIC-PROD;20-05-2026 20:38:22;;;;;;;;;;;73.8;;;;;;RainbowSix.exe (PID: 9332) - 471.3%;;;;;;;;
;3;SRV-DTIC-PROD;20-05-2026 20:38:22;;;;;;;;;;;73.8;;;;;;RainbowSix.exe (PID: 9332) - 471.3%;;;;;;;;
;3;SRV-DTIC-PROD;20-05-2026 20:38:22;;;;;;;;;;;73.8;;;;;;RainbowSix.exe (PID: 9332) - 471.3%;;;;;;;;
;3;SRV-DTIC-PROD;20-05-2026 20:38:22;;;;;;;;;;;73.8;;;;;;RainbowSix.exe (PID: 9332) - 471.3%;;;;;;;;
;3;SRV-DTIC-PROD;20-05-2026 20:38:39;;;;;;;;;;;73.8;;;;;;RainbowSix.exe (PID: 9332) - 435.9%;;;;;;;;
;3;SRV-DTIC-PROD;20-05-2026 20:38:39;;;;;;;;;;;73.8;;;;;;RainbowSix.exe (PID: 9332) - 435.9%;;;;;;;;
;3;SRV-DTIC-PROD;20-05-2026 20:38:39;;;;;;;;;;;73.8;;;;;;RainbowSix.exe (PID: 9332) - 435.9%;;;;;;;;
;3;SRV-DTIC-PROD;20-05-2026 20:38:39;;;;;;;;;;;73.8;;;;;;RainbowSix.exe (PID: 9332) - 435.9%;;;;;;;;
;3;SRV-DTIC-PROD;20-05-2026 20:38:39;;;;;;;;;;;73.8;;;;;;RainbowSix.exe (PID: 9332) - 435.9%;;;;;;;;
;3;SRV-DTIC-PROD;20-05-2026 20:38:39;;;;;;;;;;;73.8;;;;;;RainbowSix.exe (PID: 9332) - 435.9%;;;;;;;;
;3;SRV-DTIC-PROD;20-05-2026 20:38:39;;;;;;;;;;;73.8;;;;;;RainbowSix.exe (PID: 9332) - 435.9%;;;;;;;;
;3;SRV-DTIC-PROD;20-05-2026 20:38:39;;;;;;;;;;;73.8;;;;;;RainbowSix.exe (PID: 9332) - 435.9%;;;;;;;;
;3;SRV-DTIC-PROD;20-05-2026 20:38:56;;;;;;;;;;;73.8;;;;;;RainbowSix.exe (PID: 9332) - 481.9%;;;;;;;;
;3;SRV-DTIC-PROD;20-05-2026 20:38:56;;;;;;;;;;;73.8;;;;;;RainbowSix.exe (PID: 9332) - 481.9%;;;;;;;;
;3;SRV-DTIC-PROD;20-05-2026 20:38:56;;;;;;;;;;;73.8;;;;;;RainbowSix.exe (PID: 9332) - 481.9%;;;;;;;;
;3;SRV-DTIC-PROD;20-05-2026 20:38:56;;;;;;;;;;;73.8;;;;;;RainbowSix.exe (PID: 9332) - 481.9%;;;;;;;;
;3;SRV-DTIC-PROD;20-05-2026 20:38:56;;;;;;;;;;;73.8;;;;;;RainbowSix.exe (PID: 9332) - 481.9%;;;;;;;;
;3;SRV-DTIC-PROD;20-05-2026 20:38:56;;;;;;;;;;;73.8;;;;;;RainbowSix.exe (PID: 9332) - 481.9%;;;;;;;;
;3;SRV-DTIC-PROD;20-05-2026 20:38:56;;;;;;;;;;;73.8;;;;;;RainbowSix.exe (PID: 9332) - 481.9%;;;;;;;;
;3;SRV-DTIC-PROD;20-05-2026 20:38:56;;;;;;;;;;;73.8;;;;;;RainbowSix.exe (PID: 9332) - 481.9%;;;;;;;;
;3;SRV-DTIC-PROD;20-05-2026 20:39:12;;;;;;;;;;;73.8;;;;;;RainbowSix.exe (PID: 9332) - 463.5%;;;;;;;;
;3;SRV-DTIC-PROD;20-05-2026 20:39:12;;;;;;;;;;;73.8;;;;;;RainbowSix.exe (PID: 9332) - 463.5%;;;;;;;;
;3;SRV-DTIC-PROD;20-05-2026 20:39:12;;;;;;;;;;;73.8;;;;;;RainbowSix.exe (PID: 9332) - 463.5%;;;;;;;;
;3;SRV-DTIC-PROD;20-05-2026 20:39:12;;;;;;;;;;;73.8;;;;;;RainbowSix.exe (PID: 9332) - 463.5%;;;;;;;;
;3;SRV-DTIC-PROD;20-05-2026 20:39:12;;;;;;;;;;;73.8;;;;;;RainbowSix.exe (PID: 9332) - 463.5%;;;;;;;;
;3;SRV-DTIC-PROD;20-05-2026 20:39:12;;;;;;;;;;;73.8;;;;;;RainbowSix.exe (PID: 9332) - 463.5%;;;;;;;;
;3;SRV-DTIC-PROD;20-05-2026 20:39:12;;;;;;;;;;;73.8;;;;;;RainbowSix.exe (PID: 9332) - 463.5%;;;;;;;;
;3;SRV-DTIC-PROD;20-05-2026 20:39:12;;;;;;;;;;;73.8;;;;;;RainbowSix.exe (PID: 9332) - 463.5%;;;;;;;;
;3;SRV-DTIC-PROD;20-05-2026 20:39:28;;;;;;;;;;;73.8;;;;;;RainbowSix.exe (PID: 9332) - 483.9%;;;;;;;;
;3;SRV-DTIC-PROD;20-05-2026 20:39:28;;;;;;;;;;;73.8;;;;;;RainbowSix.exe (PID: 9332) - 483.9%;;;;;;;;
;3;SRV-DTIC-PROD;20-05-2026 20:39:28;;;;;;;;;;;73.8;;;;;;RainbowSix.exe (PID: 9332) - 483.9%;;;;;;;;
;3;SRV-DTIC-PROD;20-05-2026 20:39:28;;;;;;;;;;;73.8;;;;;;RainbowSix.exe (PID: 9332) - 483.9%;;;;;;;;
;3;SRV-DTIC-PROD;20-05-2026 20:39:28;;;;;;;;;;;73.8;;;;;;RainbowSix.exe (PID: 9332) - 483.9%;;;;;;;;
;3;SRV-DTIC-PROD;20-05-2026 20:39:28;;;;;;;;;;;73.8;;;;;;RainbowSix.exe (PID: 9332) - 483.9%;;;;;;;;
;3;SRV-DTIC-PROD;20-05-2026 20:39:28;;;;;;;;;;;73.8;;;;;;RainbowSix.exe (PID: 9332) - 483.9%;;;;;;;;
;3;SRV-DTIC-PROD;20-05-2026 20:39:28;;;;;;;;;;;73.8;;;;;;RainbowSix.exe (PID: 9332) - 483.9%;;;;;;;;
;3;SRV-DTIC-PROD;20-05-2026 20:39:28;;;;;;;;;;;73.8;;;;;;RainbowSix.exe (PID: 9332) - 483.9%;;;;;;;;
;3;SRV-DTIC-PROD;20-05-2026 20:39:45;;;;;;;;;;;73.8;;;;;;RainbowSix.exe (PID: 9332) - 337.2%;;;;;;;;
;3;SRV-DTIC-PROD;20-05-2026 20:39:45;;;;;;;;;;;73.8;;;;;;RainbowSix.exe (PID: 9332) - 337.2%;;;;;;;;
;3;SRV-DTIC-PROD;20-05-2026 20:39:45;;;;;;;;;;;73.8;;;;;;RainbowSix.exe (PID: 9332) - 337.2%;;;;;;;;
;3;SRV-DTIC-PROD;20-05-2026 20:39:45;;;;;;;;;;;73.8;;;;;;RainbowSix.exe (PID: 9332) - 337.2%;;;;;;;;
;3;SRV-DTIC-PROD;20-05-2026 20:39:45;;;;;;;;;;;73.8;;;;;;RainbowSix.exe (PID: 9332) - 337.2%;;;;;;;;
;3;SRV-DTIC-PROD;20-05-2026 20:39:45;;;;;;;;;;;73.8;;;;;;RainbowSix.exe (PID: 9332) - 337.2%;;;;;;;;
;3;SRV-DTIC-PROD;20-05-2026 20:39:45;;;;;;;;;;;73.8;;;;;;RainbowSix.exe (PID: 9332) - 337.2%;;;;;;;;
;3;SRV-DTIC-PROD;20-05-2026 20:39:45;;;;;;;;;;;73.8;;;;;;RainbowSix.exe (PID: 9332) - 337.2%;;;;;;;;
;3;SRV-DTIC-PROD;20-05-2026 20:40:00;;;;;;;;;;;73.8;;;;;;RainbowSix.exe (PID: 9332) - 418.0%;;;;;;;;
;3;SRV-DTIC-PROD;20-05-2026 20:40:00;;;;;;;;;;;73.8;;;;;;RainbowSix.exe (PID: 9332) - 418.0%;;;;;;;;
;3;SRV-DTIC-PROD;20-05-2026 20:40:00;;;;;;;;;;;73.8;;;;;;RainbowSix.exe (PID: 9332) - 418.0%;;;;;;;;
;3;SRV-DTIC-PROD;20-05-2026 20:40:00;;;;;;;;;;;73.8;;;;;;RainbowSix.exe (PID: 9332) - 418.0%;;;;;;;;
;3;SRV-DTIC-PROD;20-05-2026 20:40:00;;;;;;;;;;;73.8;;;;;;RainbowSix.exe (PID: 9332) - 418.0%;;;;;;;;
;3;SRV-DTIC-PROD;20-05-2026 20:40:00;;;;;;;;;;;73.8;;;;;;RainbowSix.exe (PID: 9332) - 418.0%;;;;;;;;
;3;SRV-DTIC-PROD;20-05-2026 20:40:00;;;;;;;;;;;73.8;;;;;;RainbowSix.exe (PID: 9332) - 418.0%;;;;;;;;
;3;SRV-DTIC-PROD;20-05-2026 20:40:00;;;;;;;;;;;73.8;;;;;;RainbowSix.exe (PID: 9332) - 418.0%;;;;;;;;
;3;SRV-DTIC-PROD;20-05-2026 20:40:17;;;;;;;;;;;73.9;;;;;;RainbowSix.exe (PID: 9332) - 385.3%;;;;;;;;
;3;SRV-DTIC-PROD;20-05-2026 20:40:17;;;;;;;;;;;73.9;;;;;;RainbowSix.exe (PID: 9332) - 385.3%;;;;;;;;
;3;SRV-DTIC-PROD;20-05-2026 20:40:17;;;;;;;;;;;73.9;;;;;;RainbowSix.exe (PID: 9332) - 385.3%;;;;;;;;
;3;SRV-DTIC-PROD;20-05-2026 20:40:17;;;;;;;;;;;73.9;;;;;;RainbowSix.exe (PID: 9332) - 385.3%;;;;;;;;
;3;SRV-DTIC-PROD;20-05-2026 20:40:17;;;;;;;;;;;73.9;;;;;;RainbowSix.exe (PID: 9332) - 385.3%;;;;;;;;
;3;SRV-DTIC-PROD;20-05-2026 20:40:17;;;;;;;;;;;73.9;;;;;;RainbowSix.exe (PID: 9332) - 385.3%;;;;;;;;
;3;SRV-DTIC-PROD;20-05-2026 20:40:17;;;;;;;;;;;73.9;;;;;;RainbowSix.exe (PID: 9332) - 385.3%;;;;;;;;
;3;SRV-DTIC-PROD;20-05-2026 20:40:17;;;;;;;;;;;73.9;;;;;;RainbowSix.exe (PID: 9332) - 385.3%;;;;;;;;
;3;SRV-DTIC-PROD;20-05-2026 20:40:17;;;;;;;;;;;73.9;;;;;;RainbowSix.exe (PID: 9332) - 385.3%;;;;;;;;
;3;SRV-DTIC-PROD;20-05-2026 20:40:32;;;;;;;;;;;73.9;;;;;;RainbowSix.exe (PID: 9332) - 535.8%;;;;;;;;
;3;SRV-DTIC-PROD;20-05-2026 20:40:32;;;;;;;;;;;73.9;;;;;;RainbowSix.exe (PID: 9332) - 535.8%;;;;;;;;
;3;SRV-DTIC-PROD;20-05-2026 20:40:32;;;;;;;;;;;73.9;;;;;;RainbowSix.exe (PID: 9332) - 535.8%;;;;;;;;
;3;SRV-DTIC-PROD;20-05-2026 20:40:32;;;;;;;;;;;73.9;;;;;;RainbowSix.exe (PID: 9332) - 535.8%;;;;;;;;
;3;SRV-DTIC-PROD;20-05-2026 20:40:32;;;;;;;;;;;73.9;;;;;;RainbowSix.exe (PID: 9332) - 535.8%;;;;;;;;
;3;SRV-DTIC-PROD;20-05-2026 20:40:32;;;;;;;;;;;73.9;;;;;;RainbowSix.exe (PID: 9332) - 535.8%;;;;;;;;
;3;SRV-DTIC-PROD;20-05-2026 20:40:32;;;;;;;;;;;73.9;;;;;;RainbowSix.exe (PID: 9332) - 535.8%;;;;;;;;
;3;SRV-DTIC-PROD;20-05-2026 20:40:32;;;;;;;;;;;73.9;;;;;;RainbowSix.exe (PID: 9332) - 535.8%;;;;;;;;
;3;SRV-DTIC-PROD;20-05-2026 20:40:32;;;;;;;;;;;73.9;;;;;;RainbowSix.exe (PID: 9332) - 535.8%;;;;;;;;
;3;SRV-DTIC-PROD;20-05-2026 20:40:32;;;;;;;;;;;73.9;;;;;;RainbowSix.exe (PID: 9332) - 535.8%;;;;;;;;
;3;SRV-DTIC-PROD;20-05-2026 20:40:49;;;;;;;;;;;73.9;;;;;;RainbowSix.exe (PID: 9332) - 540.9%;;;;;;;;
;3;SRV-DTIC-PROD;20-05-2026 20:40:49;;;;;;;;;;;73.9;;;;;;RainbowSix.exe (PID: 9332) - 540.9%;;;;;;;;
;3;SRV-DTIC-PROD;20-05-2026 20:40:49;;;;;;;;;;;73.9;;;;;;RainbowSix.exe (PID: 9332) - 540.9%;;;;;;;;
;3;SRV-DTIC-PROD;20-05-2026 20:40:49;;;;;;;;;;;73.9;;;;;;RainbowSix.exe (PID: 9332) - 540.9%;;;;;;;;
;3;SRV-DTIC-PROD;20-05-2026 20:40:49;;;;;;;;;;;73.9;;;;;;RainbowSix.exe (PID: 9332) - 540.9%;;;;;;;;
;3;SRV-DTIC-PROD;20-05-2026 20:40:49;;;;;;;;;;;73.9;;;;;;RainbowSix.exe (PID: 9332) - 540.9%;;;;;;;;
;3;SRV-DTIC-PROD;20-05-2026 20:40:49;;;;;;;;;;;73.9;;;;;;RainbowSix.exe (PID: 9332) - 540.9%;;;;;;;;
;3;SRV-DTIC-PROD;20-05-2026 20:40:49;;;;;;;;;;;73.9;;;;;;RainbowSix.exe (PID: 9332) - 540.9%;;;;;;;;
;3;SRV-DTIC-PROD;20-05-2026 20:40:49;;;;;;;;;;;73.9;;;;;;RainbowSix.exe (PID: 9332) - 540.9%;;;;;;;;
;3;SRV-DTIC-PROD;20-05-2026 20:41:05;;;;;;;;;;;73.9;;;;;;RainbowSix.exe (PID: 9332) - 567.2%;;;;;;;;
;3;SRV-DTIC-PROD;20-05-2026 20:41:05;;;;;;;;;;;73.9;;;;;;RainbowSix.exe (PID: 9332) - 567.2%;;;;;;;;
;3;SRV-DTIC-PROD;20-05-2026 20:41:05;;;;;;;;;;;73.9;;;;;;RainbowSix.exe (PID: 9332) - 567.2%;;;;;;;;
;3;SRV-DTIC-PROD;20-05-2026 20:41:05;;;;;;;;;;;73.9;;;;;;RainbowSix.exe (PID: 9332) - 567.2%;;;;;;;;
;3;SRV-DTIC-PROD;20-05-2026 20:41:05;;;;;;;;;;;73.9;;;;;;RainbowSix.exe (PID: 9332) - 567.2%;;;;;;;;
;3;SRV-DTIC-PROD;20-05-2026 20:41:05;;;;;;;;;;;73.9;;;;;;RainbowSix.exe (PID: 9332) - 567.2%;;;;;;;;
;3;SRV-DTIC-PROD;20-05-2026 20:41:05;;;;;;;;;;;73.9;;;;;;RainbowSix.exe (PID: 9332) - 567.2%;;;;;;;;
;3;SRV-DTIC-PROD;20-05-2026 20:41:05;;;;;;;;;;;73.9;;;;;;RainbowSix.exe (PID: 9332) - 567.2%;;;;;;;;
;3;SRV-DTIC-PROD;20-05-2026 20:41:05;;;;;;;;;;;73.9;;;;;;RainbowSix.exe (PID: 9332) - 567.2%;;;;;;;;
;3;SRV-DTIC-PROD;20-05-2026 20:41:05;;;;;;;;;;;73.9;;;;;;RainbowSix.exe (PID: 9332) - 567.2%;;;;;;;;
;3;SRV-DTIC-PROD;20-05-2026 20:41:22;;;;;;;;;;;73.9;;;;;;RainbowSix.exe (PID: 9332) - 582.5%;;;;;;;;
;3;SRV-DTIC-PROD;20-05-2026 20:41:22;;;;;;;;;;;73.9;;;;;;RainbowSix.exe (PID: 9332) - 582.5%;;;;;;;;
;3;SRV-DTIC-PROD;20-05-2026 20:41:22;;;;;;;;;;;73.9;;;;;;RainbowSix.exe (PID: 9332) - 582.5%;;;;;;;;
;3;SRV-DTIC-PROD;20-05-2026 20:41:22;;;;;;;;;;;73.9;;;;;;RainbowSix.exe (PID: 9332) - 582.5%;;;;;;;;
;3;SRV-DTIC-PROD;20-05-2026 20:41:22;;;;;;;;;;;73.9;;;;;;RainbowSix.exe (PID: 9332) - 582.5%;;;;;;;;
;3;SRV-DTIC-PROD;20-05-2026 20:41:22;;;;;;;;;;;73.9;;;;;;RainbowSix.exe (PID: 9332) - 582.5%;;;;;;;;
;3;SRV-DTIC-PROD;20-05-2026 20:41:22;;;;;;;;;;;73.9;;;;;;RainbowSix.exe (PID: 9332) - 582.5%;;;;;;;;
;3;SRV-DTIC-PROD;20-05-2026 20:41:22;;;;;;;;;;;73.9;;;;;;RainbowSix.exe (PID: 9332) - 582.5%;;;;;;;;
;3;SRV-DTIC-PROD;20-05-2026 20:41:22;;;;;;;;;;;73.9;;;;;;RainbowSix.exe (PID: 9332) - 582.5%;;;;;;;;
;3;SRV-DTIC-PROD;20-05-2026 20:41:39;;;;;;;;;;;73.9;;;;;;RainbowSix.exe (PID: 9332) - 631.6%;;;;;;;;
;3;SRV-DTIC-PROD;20-05-2026 20:41:39;;;;;;;;;;;73.9;;;;;;RainbowSix.exe (PID: 9332) - 631.6%;;;;;;;;
;3;SRV-DTIC-PROD;20-05-2026 20:41:39;;;;;;;;;;;73.9;;;;;;RainbowSix.exe (PID: 9332) - 631.6%;;;;;;;;
;3;SRV-DTIC-PROD;20-05-2026 20:41:39;;;;;;;;;;;73.9;;;;;;RainbowSix.exe (PID: 9332) - 631.6%;;;;;;;;
;3;SRV-DTIC-PROD;20-05-2026 20:41:39;;;;;;;;;;;73.9;;;;;;RainbowSix.exe (PID: 9332) - 631.6%;;;;;;;;
;3;SRV-DTIC-PROD;20-05-2026 20:41:39;;;;;;;;;;;73.9;;;;;;RainbowSix.exe (PID: 9332) - 631.6%;;;;;;;;
;3;SRV-DTIC-PROD;20-05-2026 20:41:39;;;;;;;;;;;73.9;;;;;;RainbowSix.exe (PID: 9332) - 631.6%;;;;;;;;
;3;SRV-DTIC-PROD;20-05-2026 20:41:39;;;;;;;;;;;73.9;;;;;;RainbowSix.exe (PID: 9332) - 631.6%;;;;;;;;
;3;SRV-DTIC-PROD;20-05-2026 20:41:39;;;;;;;;;;;73.9;;;;;;RainbowSix.exe (PID: 9332) - 631.6%;;;;;;;;
;3;SRV-DTIC-PROD;20-05-2026 20:41:56;;;;;;;;;;;73.9;;;;;;RainbowSix.exe (PID: 9332) - 589.9%;;;;;;;;
;3;SRV-DTIC-PROD;20-05-2026 20:41:56;;;;;;;;;;;73.9;;;;;;RainbowSix.exe (PID: 9332) - 589.9%;;;;;;;;
;3;SRV-DTIC-PROD;20-05-2026 20:41:56;;;;;;;;;;;73.9;;;;;;RainbowSix.exe (PID: 9332) - 589.9%;;;;;;;;
;3;SRV-DTIC-PROD;20-05-2026 20:41:56;;;;;;;;;;;73.9;;;;;;RainbowSix.exe (PID: 9332) - 589.9%;;;;;;;;
;3;SRV-DTIC-PROD;20-05-2026 20:41:56;;;;;;;;;;;73.9;;;;;;RainbowSix.exe (PID: 9332) - 589.9%;;;;;;;;
;3;SRV-DTIC-PROD;20-05-2026 20:41:56;;;;;;;;;;;73.9;;;;;;RainbowSix.exe (PID: 9332) - 589.9%;;;;;;;;
;3;SRV-DTIC-PROD;20-05-2026 20:41:56;;;;;;;;;;;73.9;;;;;;RainbowSix.exe (PID: 9332) - 589.9%;;;;;;;;
;3;SRV-DTIC-PROD;20-05-2026 20:41:56;;;;;;;;;;;73.9;;;;;;RainbowSix.exe (PID: 9332) - 589.9%;;;;;;;;
;3;SRV-DTIC-PROD;20-05-2026 20:42:13;;;;;;;;;;;73.9;;;;;;RainbowSix.exe (PID: 9332) - 604.5%;;;;;;;;
;3;SRV-DTIC-PROD;20-05-2026 20:42:13;;;;;;;;;;;73.9;;;;;;RainbowSix.exe (PID: 9332) - 604.5%;;;;;;;;
;3;SRV-DTIC-PROD;20-05-2026 20:42:13;;;;;;;;;;;73.9;;;;;;RainbowSix.exe (PID: 9332) - 604.5%;;;;;;;;
;3;SRV-DTIC-PROD;20-05-2026 20:42:13;;;;;;;;;;;73.9;;;;;;RainbowSix.exe (PID: 9332) - 604.5%;;;;;;;;
;3;SRV-DTIC-PROD;20-05-2026 20:42:13;;;;;;;;;;;73.9;;;;;;RainbowSix.exe (PID: 9332) - 604.5%;;;;;;;;
;3;SRV-DTIC-PROD;20-05-2026 20:42:13;;;;;;;;;;;73.9;;;;;;RainbowSix.exe (PID: 9332) - 604.5%;;;;;;;;
;3;SRV-DTIC-PROD;20-05-2026 20:42:13;;;;;;;;;;;73.9;;;;;;RainbowSix.exe (PID: 9332) - 604.5%;;;;;;;;
;3;SRV-DTIC-PROD;20-05-2026 20:42:13;;;;;;;;;;;73.9;;;;;;RainbowSix.exe (PID: 9332) - 604.5%;;;;;;;;
;3;SRV-DTIC-PROD;20-05-2026 20:42:30;;;;;;;;;;;73.9;;;;;;RainbowSix.exe (PID: 9332) - 609.5%;;;;;;;;
;3;SRV-DTIC-PROD;20-05-2026 20:42:30;;;;;;;;;;;73.9;;;;;;RainbowSix.exe (PID: 9332) - 609.5%;;;;;;;;
;3;SRV-DTIC-PROD;20-05-2026 20:42:30;;;;;;;;;;;73.9;;;;;;RainbowSix.exe (PID: 9332) - 609.5%;;;;;;;;
;3;SRV-DTIC-PROD;20-05-2026 20:42:30;;;;;;;;;;;73.9;;;;;;RainbowSix.exe (PID: 9332) - 609.5%;;;;;;;;
;3;SRV-DTIC-PROD;20-05-2026 20:42:30;;;;;;;;;;;73.9;;;;;;RainbowSix.exe (PID: 9332) - 609.5%;;;;;;;;
;3;SRV-DTIC-PROD;20-05-2026 20:42:30;;;;;;;;;;;73.9;;;;;;RainbowSix.exe (PID: 9332) - 609.5%;;;;;;;;
;3;SRV-DTIC-PROD;20-05-2026 20:42:30;;;;;;;;;;;73.9;;;;;;RainbowSix.exe (PID: 9332) - 609.5%;;;;;;;;
;3;SRV-DTIC-PROD;20-05-2026 20:42:47;;;;;;;;;;;73.9;;;;;;RainbowSix.exe (PID: 9332) - 601.3%;;;;;;;;
;3;SRV-DTIC-PROD;20-05-2026 20:42:47;;;;;;;;;;;73.9;;;;;;RainbowSix.exe (PID: 9332) - 601.3%;;;;;;;;
;3;SRV-DTIC-PROD;20-05-2026 20:42:47;;;;;;;;;;;73.9;;;;;;RainbowSix.exe (PID: 9332) - 601.3%;;;;;;;;
;3;SRV-DTIC-PROD;20-05-2026 20:42:47;;;;;;;;;;;73.9;;;;;;RainbowSix.exe (PID: 9332) - 601.3%;;;;;;;;
;3;SRV-DTIC-PROD;20-05-2026 20:42:47;;;;;;;;;;;73.9;;;;;;RainbowSix.exe (PID: 9332) - 601.3%;;;;;;;;
;3;SRV-DTIC-PROD;20-05-2026 20:42:47;;;;;;;;;;;73.9;;;;;;RainbowSix.exe (PID: 9332) - 601.3%;;;;;;;;
;3;SRV-DTIC-PROD;20-05-2026 20:42:47;;;;;;;;;;;73.9;;;;;;RainbowSix.exe (PID: 9332) - 601.3%;;;;;;;;
;3;SRV-DTIC-PROD;20-05-2026 20:42:47;;;;;;;;;;;73.9;;;;;;RainbowSix.exe (PID: 9332) - 601.3%;;;;;;;;
;3;SRV-DTIC-PROD;20-05-2026 20:43:03;;;;;;;;;;;73.9;;;;;;RainbowSix.exe (PID: 9332) - 599.3%;;;;;;;;
;3;SRV-DTIC-PROD;20-05-2026 20:43:03;;;;;;;;;;;73.9;;;;;;RainbowSix.exe (PID: 9332) - 599.3%;;;;;;;;
;3;SRV-DTIC-PROD;20-05-2026 20:43:03;;;;;;;;;;;73.9;;;;;;RainbowSix.exe (PID: 9332) - 599.3%;;;;;;;;
;3;SRV-DTIC-PROD;20-05-2026 20:43:03;;;;;;;;;;;73.9;;;;;;RainbowSix.exe (PID: 9332) - 599.3%;;;;;;;;
;3;SRV-DTIC-PROD;20-05-2026 20:43:03;;;;;;;;;;;73.9;;;;;;RainbowSix.exe (PID: 9332) - 599.3%;;;;;;;;
;3;SRV-DTIC-PROD;20-05-2026 20:43:03;;;;;;;;;;;73.9;;;;;;RainbowSix.exe (PID: 9332) - 599.3%;;;;;;;;
;3;SRV-DTIC-PROD;20-05-2026 20:43:03;;;;;;;;;;;73.9;;;;;;RainbowSix.exe (PID: 9332) - 599.3%;;;;;;;;
;3;SRV-DTIC-PROD;20-05-2026 20:43:03;;;;;;;;;;;73.9;;;;;;RainbowSix.exe (PID: 9332) - 599.3%;;;;;;;;
;3;SRV-DTIC-PROD;20-05-2026 20:43:20;;;;;;;;;;;73.9;;;;;;RainbowSix.exe (PID: 9332) - 634.1%;;;;;;;;
;3;SRV-DTIC-PROD;20-05-2026 20:43:20;;;;;;;;;;;73.9;;;;;;RainbowSix.exe (PID: 9332) - 634.1%;;;;;;;;
;3;SRV-DTIC-PROD;20-05-2026 20:43:20;;;;;;;;;;;73.9;;;;;;RainbowSix.exe (PID: 9332) - 634.1%;;;;;;;;
;3;SRV-DTIC-PROD;20-05-2026 20:43:20;;;;;;;;;;;73.9;;;;;;RainbowSix.exe (PID: 9332) - 634.1%;;;;;;;;
;3;SRV-DTIC-PROD;20-05-2026 20:43:20;;;;;;;;;;;73.9;;;;;;RainbowSix.exe (PID: 9332) - 634.1%;;;;;;;;
;3;SRV-DTIC-PROD;20-05-2026 20:43:20;;;;;;;;;;;73.9;;;;;;RainbowSix.exe (PID: 9332) - 634.1%;;;;;;;;
;3;SRV-DTIC-PROD;20-05-2026 20:43:20;;;;;;;;;;;73.9;;;;;;RainbowSix.exe (PID: 9332) - 634.1%;;;;;;;;
;3;SRV-DTIC-PROD;20-05-2026 20:43:36;;;;;;;;;;;73.9;;;;;;RainbowSix.exe (PID: 9332) - 617.1%;;;;;;;;
;3;SRV-DTIC-PROD;20-05-2026 20:43:36;;;;;;;;;;;73.9;;;;;;RainbowSix.exe (PID: 9332) - 617.1%;;;;;;;;
;3;SRV-DTIC-PROD;20-05-2026 20:43:36;;;;;;;;;;;73.9;;;;;;RainbowSix.exe (PID: 9332) - 617.1%;;;;;;;;
;3;SRV-DTIC-PROD;20-05-2026 20:43:36;;;;;;;;;;;73.9;;;;;;RainbowSix.exe (PID: 9332) - 617.1%;;;;;;;;
;3;SRV-DTIC-PROD;20-05-2026 20:43:36;;;;;;;;;;;73.9;;;;;;RainbowSix.exe (PID: 9332) - 617.1%;;;;;;;;
;3;SRV-DTIC-PROD;20-05-2026 20:43:36;;;;;;;;;;;73.9;;;;;;RainbowSix.exe (PID: 9332) - 617.1%;;;;;;;;
;3;SRV-DTIC-PROD;20-05-2026 20:43:36;;;;;;;;;;;73.9;;;;;;RainbowSix.exe (PID: 9332) - 617.1%;;;;;;;;
;3;SRV-DTIC-PROD;20-05-2026 20:43:36;;;;;;;;;;;73.9;;;;;;RainbowSix.exe (PID: 9332) - 617.1%;;;;;;;;
;3;SRV-DTIC-PROD;20-05-2026 20:43:53;;;;;;;;;;;73.9;;;;;;RainbowSix.exe (PID: 9332) - 602.3%;;;;;;;;
;3;SRV-DTIC-PROD;20-05-2026 20:43:53;;;;;;;;;;;73.9;;;;;;RainbowSix.exe (PID: 9332) - 602.3%;;;;;;;;
;3;SRV-DTIC-PROD;20-05-2026 20:43:53;;;;;;;;;;;73.9;;;;;;RainbowSix.exe (PID: 9332) - 602.3%;;;;;;;;
;3;SRV-DTIC-PROD;20-05-2026 20:43:53;;;;;;;;;;;73.9;;;;;;RainbowSix.exe (PID: 9332) - 602.3%;;;;;;;;
;3;SRV-DTIC-PROD;20-05-2026 20:43:53;;;;;;;;;;;73.9;;;;;;RainbowSix.exe (PID: 9332) - 602.3%;;;;;;;;
;3;SRV-DTIC-PROD;20-05-2026 20:43:53;;;;;;;;;;;73.9;;;;;;RainbowSix.exe (PID: 9332) - 602.3%;;;;;;;;
;3;SRV-DTIC-PROD;20-05-2026 20:43:53;;;;;;;;;;;73.9;;;;;;RainbowSix.exe (PID: 9332) - 602.3%;;;;;;;;
;3;SRV-DTIC-PROD;20-05-2026 20:43:53;;;;;;;;;;;73.9;;;;;;RainbowSix.exe (PID: 9332) - 602.3%;;;;;;;;
;3;SRV-DTIC-PROD;20-05-2026 20:43:53;;;;;;;;;;;73.9;;;;;;RainbowSix.exe (PID: 9332) - 602.3%;;;;;;;;
;3;SRV-DTIC-PROD;20-05-2026 20:44:09;;;;;;;;;;;73.9;;;;;;RainbowSix.exe (PID: 9332) - 400.8%;;;;;;;;
;3;SRV-DTIC-PROD;20-05-2026 20:44:09;;;;;;;;;;;73.9;;;;;;RainbowSix.exe (PID: 9332) - 400.8%;;;;;;;;
;3;SRV-DTIC-PROD;20-05-2026 20:44:09;;;;;;;;;;;73.9;;;;;;RainbowSix.exe (PID: 9332) - 400.8%;;;;;;;;
;3;SRV-DTIC-PROD;20-05-2026 20:44:09;;;;;;;;;;;73.9;;;;;;RainbowSix.exe (PID: 9332) - 400.8%;;;;;;;;
;3;SRV-DTIC-PROD;20-05-2026 20:44:09;;;;;;;;;;;73.9;;;;;;RainbowSix.exe (PID: 9332) - 400.8%;;;;;;;;
;3;SRV-DTIC-PROD;20-05-2026 20:44:09;;;;;;;;;;;73.9;;;;;;RainbowSix.exe (PID: 9332) - 400.8%;;;;;;;;
;3;SRV-DTIC-PROD;20-05-2026 20:44:09;;;;;;;;;;;73.9;;;;;;RainbowSix.exe (PID: 9332) - 400.8%;;;;;;;;
;3;SRV-DTIC-PROD;20-05-2026 20:44:24;;;;;;;;;;;73.9;;;;;;RainbowSix.exe (PID: 9332) - 520.2%;;;;;;;;
;3;SRV-DTIC-PROD;20-05-2026 20:44:24;;;;;;;;;;;73.9;;;;;;RainbowSix.exe (PID: 9332) - 520.2%;;;;;;;;
;3;SRV-DTIC-PROD;20-05-2026 20:44:24;;;;;;;;;;;73.9;;;;;;RainbowSix.exe (PID: 9332) - 520.2%;;;;;;;;
;3;SRV-DTIC-PROD;20-05-2026 20:44:24;;;;;;;;;;;73.9;;;;;;RainbowSix.exe (PID: 9332) - 520.2%;;;;;;;;
;3;SRV-DTIC-PROD;20-05-2026 20:44:24;;;;;;;;;;;73.9;;;;;;RainbowSix.exe (PID: 9332) - 520.2%;;;;;;;;
;3;SRV-DTIC-PROD;20-05-2026 20:44:24;;;;;;;;;;;73.9;;;;;;RainbowSix.exe (PID: 9332) - 520.2%;;;;;;;;
;3;SRV-DTIC-PROD;20-05-2026 20:44:24;;;;;;;;;;;73.9;;;;;;RainbowSix.exe (PID: 9332) - 520.2%;;;;;;;;
;3;SRV-DTIC-PROD;20-05-2026 20:44:41;;;;;;;;;;;73.9;;;;;;RainbowSix.exe (PID: 9332) - 557.2%;;;;;;;;
;3;SRV-DTIC-PROD;20-05-2026 20:44:41;;;;;;;;;;;73.9;;;;;;RainbowSix.exe (PID: 9332) - 557.2%;;;;;;;;
;3;SRV-DTIC-PROD;20-05-2026 20:44:41;;;;;;;;;;;73.9;;;;;;RainbowSix.exe (PID: 9332) - 557.2%;;;;;;;;
;3;SRV-DTIC-PROD;20-05-2026 20:44:41;;;;;;;;;;;73.9;;;;;;RainbowSix.exe (PID: 9332) - 557.2%;;;;;;;;
;3;SRV-DTIC-PROD;20-05-2026 20:44:41;;;;;;;;;;;73.9;;;;;;RainbowSix.exe (PID: 9332) - 557.2%;;;;;;;;
;3;SRV-DTIC-PROD;20-05-2026 20:44:41;;;;;;;;;;;73.9;;;;;;RainbowSix.exe (PID: 9332) - 557.2%;;;;;;;;
;3;SRV-DTIC-PROD;20-05-2026 20:44:41;;;;;;;;;;;73.9;;;;;;RainbowSix.exe (PID: 9332) - 557.2%;;;;;;;;
;3;SRV-DTIC-PROD;20-05-2026 20:44:57;;;;;;;;;;;74.0;;;;;;RainbowSix.exe (PID: 9332) - 522.8%;;;;;;;;
;3;SRV-DTIC-PROD;20-05-2026 20:44:57;;;;;;;;;;;74.0;;;;;;RainbowSix.exe (PID: 9332) - 522.8%;;;;;;;;
;3;SRV-DTIC-PROD;20-05-2026 20:44:57;;;;;;;;;;;74.0;;;;;;RainbowSix.exe (PID: 9332) - 522.8%;;;;;;;;
;3;SRV-DTIC-PROD;20-05-2026 20:44:57;;;;;;;;;;;74.0;;;;;;RainbowSix.exe (PID: 9332) - 522.8%;;;;;;;;
;3;SRV-DTIC-PROD;20-05-2026 20:44:57;;;;;;;;;;;74.0;;;;;;RainbowSix.exe (PID: 9332) - 522.8%;;;;;;;;
;3;SRV-DTIC-PROD;20-05-2026 20:44:57;;;;;;;;;;;74.0;;;;;;RainbowSix.exe (PID: 9332) - 522.8%;;;;;;;;
;3;SRV-DTIC-PROD;20-05-2026 20:44:57;;;;;;;;;;;74.0;;;;;;RainbowSix.exe (PID: 9332) - 522.8%;;;;;;;;
;3;SRV-DTIC-PROD;20-05-2026 20:44:57;;;;;;;;;;;74.0;;;;;;RainbowSix.exe (PID: 9332) - 522.8%;;;;;;;;
;3;SRV-DTIC-PROD;20-05-2026 20:45:13;;;;;;;;;;;74.0;;;;;;RainbowSix.exe (PID: 9332) - 525.9%;;;;;;;;
;3;SRV-DTIC-PROD;20-05-2026 20:45:13;;;;;;;;;;;74.0;;;;;;RainbowSix.exe (PID: 9332) - 525.9%;;;;;;;;
;3;SRV-DTIC-PROD;20-05-2026 20:45:13;;;;;;;;;;;74.0;;;;;;RainbowSix.exe (PID: 9332) - 525.9%;;;;;;;;
;3;SRV-DTIC-PROD;20-05-2026 20:45:13;;;;;;;;;;;74.0;;;;;;RainbowSix.exe (PID: 9332) - 525.9%;;;;;;;;
;3;SRV-DTIC-PROD;20-05-2026 20:45:13;;;;;;;;;;;74.0;;;;;;RainbowSix.exe (PID: 9332) - 525.9%;;;;;;;;
;3;SRV-DTIC-PROD;20-05-2026 20:45:13;;;;;;;;;;;74.0;;;;;;RainbowSix.exe (PID: 9332) - 525.9%;;;;;;;;
;3;SRV-DTIC-PROD;20-05-2026 20:45:13;;;;;;;;;;;74.0;;;;;;RainbowSix.exe (PID: 9332) - 525.9%;;;;;;;;
;3;SRV-DTIC-PROD;20-05-2026 20:45:13;;;;;;;;;;;74.0;;;;;;RainbowSix.exe (PID: 9332) - 525.9%;;;;;;;;
;3;SRV-DTIC-PROD;20-05-2026 20:45:30;;;;;;;;;;;74.0;;;;;;RainbowSix.exe (PID: 9332) - 594.2%;;;;;;;;
;3;SRV-DTIC-PROD;20-05-2026 20:45:30;;;;;;;;;;;74.0;;;;;;RainbowSix.exe (PID: 9332) - 594.2%;;;;;;;;
;3;SRV-DTIC-PROD;20-05-2026 20:45:30;;;;;;;;;;;74.0;;;;;;RainbowSix.exe (PID: 9332) - 594.2%;;;;;;;;
;3;SRV-DTIC-PROD;20-05-2026 20:45:30;;;;;;;;;;;74.0;;;;;;RainbowSix.exe (PID: 9332) - 594.2%;;;;;;;;
;3;SRV-DTIC-PROD;20-05-2026 20:45:30;;;;;;;;;;;74.0;;;;;;RainbowSix.exe (PID: 9332) - 594.2%;;;;;;;;
;3;SRV-DTIC-PROD;20-05-2026 20:45:30;;;;;;;;;;;74.0;;;;;;RainbowSix.exe (PID: 9332) - 594.2%;;;;;;;;
;3;SRV-DTIC-PROD;20-05-2026 20:45:30;;;;;;;;;;;74.0;;;;;;RainbowSix.exe (PID: 9332) - 594.2%;;;;;;;;
;3;SRV-DTIC-PROD;20-05-2026 20:45:47;;;;;;;;;;;74.0;;;;;;RainbowSix.exe (PID: 9332) - 611.3%;;;;;;;;
;3;SRV-DTIC-PROD;20-05-2026 20:45:47;;;;;;;;;;;74.0;;;;;;RainbowSix.exe (PID: 9332) - 611.3%;;;;;;;;
;3;SRV-DTIC-PROD;20-05-2026 20:45:47;;;;;;;;;;;74.0;;;;;;RainbowSix.exe (PID: 9332) - 611.3%;;;;;;;;
;3;SRV-DTIC-PROD;20-05-2026 20:45:47;;;;;;;;;;;74.0;;;;;;RainbowSix.exe (PID: 9332) - 611.3%;;;;;;;;
;3;SRV-DTIC-PROD;20-05-2026 20:45:47;;;;;;;;;;;74.0;;;;;;RainbowSix.exe (PID: 9332) - 611.3%;;;;;;;;
;3;SRV-DTIC-PROD;20-05-2026 20:45:47;;;;;;;;;;;74.0;;;;;;RainbowSix.exe (PID: 9332) - 611.3%;;;;;;;;
;3;SRV-DTIC-PROD;20-05-2026 20:45:47;;;;;;;;;;;74.0;;;;;;RainbowSix.exe (PID: 9332) - 611.3%;;;;;;;;
;3;SRV-DTIC-PROD;20-05-2026 20:45:47;;;;;;;;;;;74.0;;;;;;RainbowSix.exe (PID: 9332) - 611.3%;;;;;;;;
;3;SRV-DTIC-PROD;20-05-2026 20:46:03;;;;;;;;;;;74.0;;;;;;RainbowSix.exe (PID: 9332) - 643.1%;;;;;;;;
;3;SRV-DTIC-PROD;20-05-2026 20:46:03;;;;;;;;;;;74.0;;;;;;RainbowSix.exe (PID: 9332) - 643.1%;;;;;;;;
;3;SRV-DTIC-PROD;20-05-2026 20:46:03;;;;;;;;;;;74.0;;;;;;RainbowSix.exe (PID: 9332) - 643.1%;;;;;;;;
;3;SRV-DTIC-PROD;20-05-2026 20:46:03;;;;;;;;;;;74.0;;;;;;RainbowSix.exe (PID: 9332) - 643.1%;;;;;;;;
;3;SRV-DTIC-PROD;20-05-2026 20:46:03;;;;;;;;;;;74.0;;;;;;RainbowSix.exe (PID: 9332) - 643.1%;;;;;;;;
;3;SRV-DTIC-PROD;20-05-2026 20:46:03;;;;;;;;;;;74.0;;;;;;RainbowSix.exe (PID: 9332) - 643.1%;;;;;;;;
;3;SRV-DTIC-PROD;20-05-2026 20:46:21;;;;;;;;;;;74.0;;;;;;RainbowSix.exe (PID: 9332) - 598.0%;;;;;;;;
;3;SRV-DTIC-PROD;20-05-2026 20:46:21;;;;;;;;;;;74.0;;;;;;RainbowSix.exe (PID: 9332) - 598.0%;;;;;;;;
;3;SRV-DTIC-PROD;20-05-2026 20:46:21;;;;;;;;;;;74.0;;;;;;RainbowSix.exe (PID: 9332) - 598.0%;;;;;;;;
;3;SRV-DTIC-PROD;20-05-2026 20:46:21;;;;;;;;;;;74.0;;;;;;RainbowSix.exe (PID: 9332) - 598.0%;;;;;;;;
;3;SRV-DTIC-PROD;20-05-2026 20:46:21;;;;;;;;;;;74.0;;;;;;RainbowSix.exe (PID: 9332) - 598.0%;;;;;;;;
;3;SRV-DTIC-PROD;20-05-2026 20:46:21;;;;;;;;;;;74.0;;;;;;RainbowSix.exe (PID: 9332) - 598.0%;;;;;;;;
;3;SRV-DTIC-PROD;20-05-2026 20:46:21;;;;;;;;;;;74.0;;;;;;RainbowSix.exe (PID: 9332) - 598.0%;;;;;;;;
;3;SRV-DTIC-PROD;20-05-2026 20:46:21;;;;;;;;;;;74.0;;;;;;RainbowSix.exe (PID: 9332) - 598.0%;;;;;;;;
;3;SRV-DTIC-PROD;20-05-2026 20:46:38;;;;;;;;;;;74.0;;;;;;RainbowSix.exe (PID: 9332) - 571.9%;;;;;;;;
;3;SRV-DTIC-PROD;20-05-2026 20:46:38;;;;;;;;;;;74.0;;;;;;RainbowSix.exe (PID: 9332) - 571.9%;;;;;;;;
;3;SRV-DTIC-PROD;20-05-2026 20:46:38;;;;;;;;;;;74.0;;;;;;RainbowSix.exe (PID: 9332) - 571.9%;;;;;;;;
;3;SRV-DTIC-PROD;20-05-2026 20:46:38;;;;;;;;;;;74.0;;;;;;RainbowSix.exe (PID: 9332) - 571.9%;;;;;;;;
;3;SRV-DTIC-PROD;20-05-2026 20:46:38;;;;;;;;;;;74.0;;;;;;RainbowSix.exe (PID: 9332) - 571.9%;;;;;;;;
;3;SRV-DTIC-PROD;20-05-2026 20:46:38;;;;;;;;;;;74.0;;;;;;RainbowSix.exe (PID: 9332) - 571.9%;;;;;;;;
;3;SRV-DTIC-PROD;20-05-2026 20:46:38;;;;;;;;;;;74.0;;;;;;RainbowSix.exe (PID: 9332) - 571.9%;;;;;;;;
;3;SRV-DTIC-PROD;20-05-2026 20:46:38;;;;;;;;;;;74.0;;;;;;RainbowSix.exe (PID: 9332) - 571.9%;;;;;;;;
;3;SRV-DTIC-PROD;20-05-2026 20:46:54;;;;;;;;;;;74.0;;;;;;RainbowSix.exe (PID: 9332) - 600.8%;;;;;;;;
;3;SRV-DTIC-PROD;20-05-2026 20:46:54;;;;;;;;;;;74.0;;;;;;RainbowSix.exe (PID: 9332) - 600.8%;;;;;;;;
;3;SRV-DTIC-PROD;20-05-2026 20:46:54;;;;;;;;;;;74.0;;;;;;RainbowSix.exe (PID: 9332) - 600.8%;;;;;;;;
;3;SRV-DTIC-PROD;20-05-2026 20:46:54;;;;;;;;;;;74.0;;;;;;RainbowSix.exe (PID: 9332) - 600.8%;;;;;;;;
;3;SRV-DTIC-PROD;20-05-2026 20:46:54;;;;;;;;;;;74.0;;;;;;RainbowSix.exe (PID: 9332) - 600.8%;;;;;;;;
;3;SRV-DTIC-PROD;20-05-2026 20:46:54;;;;;;;;;;;74.0;;;;;;RainbowSix.exe (PID: 9332) - 600.8%;;;;;;;;
;3;SRV-DTIC-PROD;20-05-2026 20:46:54;;;;;;;;;;;74.0;;;;;;RainbowSix.exe (PID: 9332) - 600.8%;;;;;;;;
;3;SRV-DTIC-PROD;20-05-2026 20:46:54;;;;;;;;;;;74.0;;;;;;RainbowSix.exe (PID: 9332) - 600.8%;;;;;;;;
;3;SRV-DTIC-PROD;20-05-2026 20:46:54;;;;;;;;;;;74.0;;;;;;RainbowSix.exe (PID: 9332) - 600.8%;;;;;;;;
;3;SRV-DTIC-PROD;20-05-2026 20:47:11;;;;;;;;;;;74.0;;;;;;RainbowSix.exe (PID: 9332) - 586.7%;;;;;;;;
;3;SRV-DTIC-PROD;20-05-2026 20:47:11;;;;;;;;;;;74.0;;;;;;RainbowSix.exe (PID: 9332) - 586.7%;;;;;;;;
;3;SRV-DTIC-PROD;20-05-2026 20:47:11;;;;;;;;;;;74.0;;;;;;RainbowSix.exe (PID: 9332) - 586.7%;;;;;;;;
;3;SRV-DTIC-PROD;20-05-2026 20:47:11;;;;;;;;;;;74.0;;;;;;RainbowSix.exe (PID: 9332) - 586.7%;;;;;;;;
;3;SRV-DTIC-PROD;20-05-2026 20:47:11;;;;;;;;;;;74.0;;;;;;RainbowSix.exe (PID: 9332) - 586.7%;;;;;;;;
;3;SRV-DTIC-PROD;20-05-2026 20:47:11;;;;;;;;;;;74.0;;;;;;RainbowSix.exe (PID: 9332) - 586.7%;;;;;;;;
;3;SRV-DTIC-PROD;20-05-2026 20:47:11;;;;;;;;;;;74.0;;;;;;RainbowSix.exe (PID: 9332) - 586.7%;;;;;;;;
;3;SRV-DTIC-PROD;20-05-2026 20:47:28;;;;;;;;;;;74.0;;;;;;RainbowSix.exe (PID: 9332) - 356.5%;;;;;;;;
;3;SRV-DTIC-PROD;20-05-2026 20:47:28;;;;;;;;;;;74.0;;;;;;RainbowSix.exe (PID: 9332) - 356.5%;;;;;;;;
;3;SRV-DTIC-PROD;20-05-2026 20:47:28;;;;;;;;;;;74.0;;;;;;RainbowSix.exe (PID: 9332) - 356.5%;;;;;;;;
;3;SRV-DTIC-PROD;20-05-2026 20:47:28;;;;;;;;;;;74.0;;;;;;RainbowSix.exe (PID: 9332) - 356.5%;;;;;;;;
;3;SRV-DTIC-PROD;20-05-2026 20:47:28;;;;;;;;;;;74.0;;;;;;RainbowSix.exe (PID: 9332) - 356.5%;;;;;;;;
;3;SRV-DTIC-PROD;20-05-2026 20:47:28;;;;;;;;;;;74.0;;;;;;RainbowSix.exe (PID: 9332) - 356.5%;;;;;;;;
;3;SRV-DTIC-PROD;20-05-2026 20:47:28;;;;;;;;;;;74.0;;;;;;RainbowSix.exe (PID: 9332) - 356.5%;;;;;;;;
;3;SRV-DTIC-PROD;20-05-2026 20:47:28;;;;;;;;;;;74.0;;;;;;RainbowSix.exe (PID: 9332) - 356.5%;;;;;;;;
;3;SRV-DTIC-PROD;20-05-2026 20:47:28;;;;;;;;;;;74.0;;;;;;RainbowSix.exe (PID: 9332) - 356.5%;;;;;;;;
;3;SRV-DTIC-PROD;20-05-2026 20:47:44;;;;;;;;;;;74.0;;;;;;RainbowSix.exe (PID: 9332) - 377.2%;;;;;;;;
;3;SRV-DTIC-PROD;20-05-2026 20:47:44;;;;;;;;;;;74.0;;;;;;RainbowSix.exe (PID: 9332) - 377.2%;;;;;;;;
;3;SRV-DTIC-PROD;20-05-2026 20:47:44;;;;;;;;;;;74.0;;;;;;RainbowSix.exe (PID: 9332) - 377.2%;;;;;;;;
;3;SRV-DTIC-PROD;20-05-2026 20:47:44;;;;;;;;;;;74.0;;;;;;RainbowSix.exe (PID: 9332) - 377.2%;;;;;;;;
;3;SRV-DTIC-PROD;20-05-2026 20:47:44;;;;;;;;;;;74.0;;;;;;RainbowSix.exe (PID: 9332) - 377.2%;;;;;;;;
;3;SRV-DTIC-PROD;20-05-2026 20:47:44;;;;;;;;;;;74.0;;;;;;RainbowSix.exe (PID: 9332) - 377.2%;;;;;;;;
;3;SRV-DTIC-PROD;20-05-2026 20:47:44;;;;;;;;;;;74.0;;;;;;RainbowSix.exe (PID: 9332) - 377.2%;;;;;;;;
;3;SRV-DTIC-PROD;20-05-2026 20:47:44;;;;;;;;;;;74.0;;;;;;RainbowSix.exe (PID: 9332) - 377.2%;;;;;;;;
;3;SRV-DTIC-PROD;20-05-2026 20:47:44;;;;;;;;;;;74.0;;;;;;RainbowSix.exe (PID: 9332) - 377.2%;;;;;;;;
;3;SRV-DTIC-PROD;20-05-2026 20:48:00;;;;;;;;;;;74.0;;;;;;RainbowSix.exe (PID: 9332) - 404.0%;;;;;;;;
;3;SRV-DTIC-PROD;20-05-2026 20:48:00;;;;;;;;;;;74.0;;;;;;RainbowSix.exe (PID: 9332) - 404.0%;;;;;;;;
;3;SRV-DTIC-PROD;20-05-2026 20:48:00;;;;;;;;;;;74.0;;;;;;RainbowSix.exe (PID: 9332) - 404.0%;;;;;;;;
;3;SRV-DTIC-PROD;20-05-2026 20:48:00;;;;;;;;;;;74.0;;;;;;RainbowSix.exe (PID: 9332) - 404.0%;;;;;;;;
;3;SRV-DTIC-PROD;20-05-2026 20:48:00;;;;;;;;;;;74.0;;;;;;RainbowSix.exe (PID: 9332) - 404.0%;;;;;;;;
;3;SRV-DTIC-PROD;20-05-2026 20:48:00;;;;;;;;;;;74.0;;;;;;RainbowSix.exe (PID: 9332) - 404.0%;;;;;;;;
;3;SRV-DTIC-PROD;20-05-2026 20:48:00;;;;;;;;;;;74.0;;;;;;RainbowSix.exe (PID: 9332) - 404.0%;;;;;;;;
;3;SRV-DTIC-PROD;20-05-2026 20:48:00;;;;;;;;;;;74.0;;;;;;RainbowSix.exe (PID: 9332) - 404.0%;;;;;;;;
;3;SRV-DTIC-PROD;20-05-2026 20:48:00;;;;;;;;;;;74.0;;;;;;RainbowSix.exe (PID: 9332) - 404.0%;;;;;;;;
;3;SRV-DTIC-PROD;20-05-2026 20:48:17;;;;;;;;;;;74.0;;;;;;RainbowSix.exe (PID: 9332) - 345.1%;;;;;;;;
;3;SRV-DTIC-PROD;20-05-2026 20:48:17;;;;;;;;;;;74.0;;;;;;RainbowSix.exe (PID: 9332) - 345.1%;;;;;;;;
;3;SRV-DTIC-PROD;20-05-2026 20:48:17;;;;;;;;;;;74.0;;;;;;RainbowSix.exe (PID: 9332) - 345.1%;;;;;;;;
;3;SRV-DTIC-PROD;20-05-2026 20:48:17;;;;;;;;;;;74.0;;;;;;RainbowSix.exe (PID: 9332) - 345.1%;;;;;;;;
;3;SRV-DTIC-PROD;20-05-2026 20:48:17;;;;;;;;;;;74.0;;;;;;RainbowSix.exe (PID: 9332) - 345.1%;;;;;;;;
;3;SRV-DTIC-PROD;20-05-2026 20:48:17;;;;;;;;;;;74.0;;;;;;RainbowSix.exe (PID: 9332) - 345.1%;;;;;;;;
;3;SRV-DTIC-PROD;20-05-2026 20:48:17;;;;;;;;;;;74.0;;;;;;RainbowSix.exe (PID: 9332) - 345.1%;;;;;;;;
;3;SRV-DTIC-PROD;20-05-2026 20:48:32;;;;;;;;;;;74.0;;;;;;RainbowSix.exe (PID: 9332) - 516.0%;;;;;;;;
;3;SRV-DTIC-PROD;20-05-2026 20:48:32;;;;;;;;;;;74.0;;;;;;RainbowSix.exe (PID: 9332) - 516.0%;;;;;;;;
;3;SRV-DTIC-PROD;20-05-2026 20:48:32;;;;;;;;;;;74.0;;;;;;RainbowSix.exe (PID: 9332) - 516.0%;;;;;;;;
;3;SRV-DTIC-PROD;20-05-2026 20:48:32;;;;;;;;;;;74.0;;;;;;RainbowSix.exe (PID: 9332) - 516.0%;;;;;;;;
;3;SRV-DTIC-PROD;20-05-2026 20:48:32;;;;;;;;;;;74.0;;;;;;RainbowSix.exe (PID: 9332) - 516.0%;;;;;;;;
;3;SRV-DTIC-PROD;20-05-2026 20:48:32;;;;;;;;;;;74.0;;;;;;RainbowSix.exe (PID: 9332) - 516.0%;;;;;;;;
;3;SRV-DTIC-PROD;20-05-2026 20:48:50;;;;;;;;;;;74.0;;;;;;RainbowSix.exe (PID: 9332) - 402.9%;;;;;;;;
;3;SRV-DTIC-PROD;20-05-2026 20:48:50;;;;;;;;;;;74.0;;;;;;RainbowSix.exe (PID: 9332) - 402.9%;;;;;;;;
;3;SRV-DTIC-PROD;20-05-2026 20:48:50;;;;;;;;;;;74.0;;;;;;RainbowSix.exe (PID: 9332) - 402.9%;;;;;;;;
;3;SRV-DTIC-PROD;20-05-2026 20:48:50;;;;;;;;;;;74.0;;;;;;RainbowSix.exe (PID: 9332) - 402.9%;;;;;;;;
;3;SRV-DTIC-PROD;20-05-2026 20:48:50;;;;;;;;;;;74.0;;;;;;RainbowSix.exe (PID: 9332) - 402.9%;;;;;;;;
;3;SRV-DTIC-PROD;20-05-2026 20:48:50;;;;;;;;;;;74.0;;;;;;RainbowSix.exe (PID: 9332) - 402.9%;;;;;;;;
;3;SRV-DTIC-PROD;20-05-2026 20:48:50;;;;;;;;;;;74.0;;;;;;RainbowSix.exe (PID: 9332) - 402.9%;;;;;;;;
;3;SRV-DTIC-PROD;20-05-2026 20:48:50;;;;;;;;;;;74.0;;;;;;RainbowSix.exe (PID: 9332) - 402.9%;;;;;;;;
;3;SRV-DTIC-PROD;20-05-2026 20:49:06;;;;;;;;;;;74.0;;;;;;RainbowSix.exe (PID: 9332) - 365.2%;;;;;;;;
;3;SRV-DTIC-PROD;20-05-2026 20:49:06;;;;;;;;;;;74.0;;;;;;RainbowSix.exe (PID: 9332) - 365.2%;;;;;;;;
;3;SRV-DTIC-PROD;20-05-2026 20:49:06;;;;;;;;;;;74.0;;;;;;RainbowSix.exe (PID: 9332) - 365.2%;;;;;;;;
;3;SRV-DTIC-PROD;20-05-2026 20:49:06;;;;;;;;;;;74.0;;;;;;RainbowSix.exe (PID: 9332) - 365.2%;;;;;;;;
;3;SRV-DTIC-PROD;20-05-2026 20:49:06;;;;;;;;;;;74.0;;;;;;RainbowSix.exe (PID: 9332) - 365.2%;;;;;;;;
;3;SRV-DTIC-PROD;20-05-2026 20:49:06;;;;;;;;;;;74.0;;;;;;RainbowSix.exe (PID: 9332) - 365.2%;;;;;;;;
;3;SRV-DTIC-PROD;20-05-2026 20:49:22;;;;;;;;;;;74.0;;;;;;RainbowSix.exe (PID: 9332) - 556.0%;;;;;;;;
;3;SRV-DTIC-PROD;20-05-2026 20:49:22;;;;;;;;;;;74.0;;;;;;RainbowSix.exe (PID: 9332) - 556.0%;;;;;;;;
;3;SRV-DTIC-PROD;20-05-2026 20:49:22;;;;;;;;;;;74.0;;;;;;RainbowSix.exe (PID: 9332) - 556.0%;;;;;;;;
;3;SRV-DTIC-PROD;20-05-2026 20:49:22;;;;;;;;;;;74.0;;;;;;RainbowSix.exe (PID: 9332) - 556.0%;;;;;;;;
;3;SRV-DTIC-PROD;20-05-2026 20:49:22;;;;;;;;;;;74.0;;;;;;RainbowSix.exe (PID: 9332) - 556.0%;;;;;;;;
;3;SRV-DTIC-PROD;20-05-2026 20:49:22;;;;;;;;;;;74.0;;;;;;RainbowSix.exe (PID: 9332) - 556.0%;;;;;;;;
;3;SRV-DTIC-PROD;20-05-2026 20:49:22;;;;;;;;;;;74.0;;;;;;RainbowSix.exe (PID: 9332) - 556.0%;;;;;;;;
;3;SRV-DTIC-PROD;20-05-2026 20:49:39;;;;;;;;;;;74.0;;;;;;RainbowSix.exe (PID: 9332) - 698.4%;;;;;;;;
;3;SRV-DTIC-PROD;20-05-2026 20:49:39;;;;;;;;;;;74.0;;;;;;RainbowSix.exe (PID: 9332) - 698.4%;;;;;;;;
;3;SRV-DTIC-PROD;20-05-2026 20:49:39;;;;;;;;;;;74.0;;;;;;RainbowSix.exe (PID: 9332) - 698.4%;;;;;;;;
;3;SRV-DTIC-PROD;20-05-2026 20:49:39;;;;;;;;;;;74.0;;;;;;RainbowSix.exe (PID: 9332) - 698.4%;;;;;;;;
;3;SRV-DTIC-PROD;20-05-2026 20:49:39;;;;;;;;;;;74.0;;;;;;RainbowSix.exe (PID: 9332) - 698.4%;;;;;;;;
;3;SRV-DTIC-PROD;20-05-2026 20:49:39;;;;;;;;;;;74.0;;;;;;RainbowSix.exe (PID: 9332) - 698.4%;;;;;;;;
;3;SRV-DTIC-PROD;20-05-2026 20:49:39;;;;;;;;;;;74.0;;;;;;RainbowSix.exe (PID: 9332) - 698.4%;;;;;;;;
;3;SRV-DTIC-PROD;20-05-2026 20:49:39;;;;;;;;;;;74.0;;;;;;RainbowSix.exe (PID: 9332) - 698.4%;;;;;;;;
;3;SRV-DTIC-PROD;20-05-2026 20:49:39;;;;;;;;;;;74.0;;;;;;RainbowSix.exe (PID: 9332) - 698.4%;;;;;;;;
;3;SRV-DTIC-PROD;20-05-2026 20:49:57;;;;;;;;;;;74.1;;;;;;RainbowSix.exe (PID: 9332) - 604.8%;;;;;;;;
;3;SRV-DTIC-PROD;20-05-2026 20:49:57;;;;;;;;;;;74.1;;;;;;RainbowSix.exe (PID: 9332) - 604.8%;;;;;;;;
;3;SRV-DTIC-PROD;20-05-2026 20:49:57;;;;;;;;;;;74.1;;;;;;RainbowSix.exe (PID: 9332) - 604.8%;;;;;;;;
;3;SRV-DTIC-PROD;20-05-2026 20:49:57;;;;;;;;;;;74.1;;;;;;RainbowSix.exe (PID: 9332) - 604.8%;;;;;;;;
;3;SRV-DTIC-PROD;20-05-2026 20:49:57;;;;;;;;;;;74.1;;;;;;RainbowSix.exe (PID: 9332) - 604.8%;;;;;;;;
;3;SRV-DTIC-PROD;20-05-2026 20:49:57;;;;;;;;;;;74.1;;;;;;RainbowSix.exe (PID: 9332) - 604.8%;;;;;;;;
;3;SRV-DTIC-PROD;20-05-2026 20:50:14;;;;;;;;;;;74.1;;;;;;RainbowSix.exe (PID: 9332) - 577.9%;;;;;;;;
;3;SRV-DTIC-PROD;20-05-2026 20:50:14;;;;;;;;;;;74.1;;;;;;RainbowSix.exe (PID: 9332) - 577.9%;;;;;;;;
;3;SRV-DTIC-PROD;20-05-2026 20:50:14;;;;;;;;;;;74.1;;;;;;RainbowSix.exe (PID: 9332) - 577.9%;;;;;;;;
;3;SRV-DTIC-PROD;20-05-2026 20:50:14;;;;;;;;;;;74.1;;;;;;RainbowSix.exe (PID: 9332) - 577.9%;;;;;;;;
;3;SRV-DTIC-PROD;20-05-2026 20:50:14;;;;;;;;;;;74.1;;;;;;RainbowSix.exe (PID: 9332) - 577.9%;;;;;;;;
;3;SRV-DTIC-PROD;20-05-2026 20:50:14;;;;;;;;;;;74.1;;;;;;RainbowSix.exe (PID: 9332) - 577.9%;;;;;;;;
;3;SRV-DTIC-PROD;20-05-2026 20:50:14;;;;;;;;;;;74.1;;;;;;RainbowSix.exe (PID: 9332) - 577.9%;;;;;;;;
;3;SRV-DTIC-PROD;20-05-2026 20:50:14;;;;;;;;;;;74.1;;;;;;RainbowSix.exe (PID: 9332) - 577.9%;;;;;;;;
;3;SRV-DTIC-PROD;20-05-2026 20:50:31;;;;;;;;;;;74.1;;;;;;RainbowSix.exe (PID: 9332) - 595.8%;;;;;;;;
;3;SRV-DTIC-PROD;20-05-2026 20:50:31;;;;;;;;;;;74.1;;;;;;RainbowSix.exe (PID: 9332) - 595.8%;;;;;;;;
;3;SRV-DTIC-PROD;20-05-2026 20:50:31;;;;;;;;;;;74.1;;;;;;RainbowSix.exe (PID: 9332) - 595.8%;;;;;;;;
;3;SRV-DTIC-PROD;20-05-2026 20:50:31;;;;;;;;;;;74.1;;;;;;RainbowSix.exe (PID: 9332) - 595.8%;;;;;;;;
;3;SRV-DTIC-PROD;20-05-2026 20:50:31;;;;;;;;;;;74.1;;;;;;RainbowSix.exe (PID: 9332) - 595.8%;;;;;;;;
;3;SRV-DTIC-PROD;20-05-2026 20:50:31;;;;;;;;;;;74.1;;;;;;RainbowSix.exe (PID: 9332) - 595.8%;;;;;;;;
;3;SRV-DTIC-PROD;20-05-2026 20:50:31;;;;;;;;;;;74.1;;;;;;RainbowSix.exe (PID: 9332) - 595.8%;;;;;;;;
;3;SRV-DTIC-PROD;20-05-2026 20:50:31;;;;;;;;;;;74.1;;;;;;RainbowSix.exe (PID: 9332) - 595.8%;;;;;;;;
;3;SRV-DTIC-PROD;20-05-2026 20:50:31;;;;;;;;;;;74.1;;;;;;RainbowSix.exe (PID: 9332) - 595.8%;;;;;;;;
;3;SRV-DTIC-PROD;20-05-2026 20:50:31;;;;;;;;;;;74.1;;;;;;RainbowSix.exe (PID: 9332) - 595.8%;;;;;;;;
;3;SRV-DTIC-PROD;20-05-2026 20:50:48;;;;;;;;;;;74.1;;;;;;RainbowSix.exe (PID: 9332) - 343.5%;;;;;;;;
;3;SRV-DTIC-PROD;20-05-2026 20:50:48;;;;;;;;;;;74.1;;;;;;RainbowSix.exe (PID: 9332) - 343.5%;;;;;;;;
;3;SRV-DTIC-PROD;20-05-2026 20:50:48;;;;;;;;;;;74.1;;;;;;RainbowSix.exe (PID: 9332) - 343.5%;;;;;;;;
;3;SRV-DTIC-PROD;20-05-2026 20:50:48;;;;;;;;;;;74.1;;;;;;RainbowSix.exe (PID: 9332) - 343.5%;;;;;;;;
;3;SRV-DTIC-PROD;20-05-2026 20:50:48;;;;;;;;;;;74.1;;;;;;RainbowSix.exe (PID: 9332) - 343.5%;;;;;;;;
;3;SRV-DTIC-PROD;20-05-2026 20:50:48;;;;;;;;;;;74.1;;;;;;RainbowSix.exe (PID: 9332) - 343.5%;;;;;;;;
;3;SRV-DTIC-PROD;20-05-2026 20:51:04;;;;;;;;;;;74.1;;;;;;RainbowSix.exe (PID: 9332) - 486.1%;;;;;;;;
;3;SRV-DTIC-PROD;20-05-2026 20:51:04;;;;;;;;;;;74.1;;;;;;RainbowSix.exe (PID: 9332) - 486.1%;;;;;;;;
;3;SRV-DTIC-PROD;20-05-2026 20:51:04;;;;;;;;;;;74.1;;;;;;RainbowSix.exe (PID: 9332) - 486.1%;;;;;;;;
;3;SRV-DTIC-PROD;20-05-2026 20:51:04;;;;;;;;;;;74.1;;;;;;RainbowSix.exe (PID: 9332) - 486.1%;;;;;;;;
;3;SRV-DTIC-PROD;20-05-2026 20:51:04;;;;;;;;;;;74.1;;;;;;RainbowSix.exe (PID: 9332) - 486.1%;;;;;;;;
;3;SRV-DTIC-PROD;20-05-2026 20:51:04;;;;;;;;;;;74.1;;;;;;RainbowSix.exe (PID: 9332) - 486.1%;;;;;;;;
;3;SRV-DTIC-PROD;20-05-2026 20:51:04;;;;;;;;;;;74.1;;;;;;RainbowSix.exe (PID: 9332) - 486.1%;;;;;;;;
;3;SRV-DTIC-PROD;20-05-2026 20:51:04;;;;;;;;;;;74.1;;;;;;RainbowSix.exe (PID: 9332) - 486.1%;;;;;;;;
;3;SRV-DTIC-PROD;20-05-2026 20:51:24;;;;;;;;;;;74.1;;;;;;RainbowSix.exe (PID: 9332) - 285.3%;;;;;;;;
;3;SRV-DTIC-PROD;20-05-2026 20:51:24;;;;;;;;;;;74.1;;;;;;RainbowSix.exe (PID: 9332) - 285.3%;;;;;;;;
;3;SRV-DTIC-PROD;20-05-2026 20:51:24;;;;;;;;;;;74.1;;;;;;RainbowSix.exe (PID: 9332) - 285.3%;;;;;;;;
;3;SRV-DTIC-PROD;20-05-2026 20:51:24;;;;;;;;;;;74.1;;;;;;RainbowSix.exe (PID: 9332) - 285.3%;;;;;;;;
;3;SRV-DTIC-PROD;20-05-2026 20:51:24;;;;;;;;;;;74.1;;;;;;RainbowSix.exe (PID: 9332) - 285.3%;;;;;;;;
;3;SRV-DTIC-PROD;20-05-2026 20:51:24;;;;;;;;;;;74.1;;;;;;RainbowSix.exe (PID: 9332) - 285.3%;;;;;;;;
;3;SRV-DTIC-PROD;20-05-2026 20:51:24;;;;;;;;;;;74.1;;;;;;RainbowSix.exe (PID: 9332) - 285.3%;;;;;;;;
;3;SRV-DTIC-PROD;20-05-2026 20:51:40;;;;;;;;;;;74.1;;;;;;python.exe (PID: 22432) - 86.2%;;;;;;;;
;3;SRV-DTIC-PROD;20-05-2026 20:51:40;;;;;;;;;;;74.1;;;;;;python.exe (PID: 22432) - 86.2%;;;;;;;;
;3;SRV-DTIC-PROD;20-05-2026 20:51:40;;;;;;;;;;;74.1;;;;;;python.exe (PID: 22432) - 86.2%;;;;;;;;
;3;SRV-DTIC-PROD;20-05-2026 20:51:40;;;;;;;;;;;74.1;;;;;;python.exe (PID: 22432) - 86.2%;;;;;;;;
;3;SRV-DTIC-PROD;20-05-2026 20:51:40;;;;;;;;;;;74.1;;;;;;python.exe (PID: 22432) - 86.2%;;;;;;;;
;3;SRV-DTIC-PROD;20-05-2026 20:51:40;;;;;;;;;;;74.1;;;;;;python.exe (PID: 22432) - 86.2%;;;;;;;;
;3;SRV-DTIC-PROD;20-05-2026 20:51:40;;;;;;;;;;;74.1;;;;;;python.exe (PID: 22432) - 86.2%;;;;;;;;
;3;SRV-DTIC-PROD;20-05-2026 20:51:40;;;;;;;;;;;74.1;;;;;;python.exe (PID: 22432) - 86.2%;;;;;;;;
;3;SRV-DTIC-PROD;20-05-2026 20:51:55;;;;;;;;;;;72.9;;;;;;System (PID: 4) - 100.9%;;;;;;;;
;3;SRV-DTIC-PROD;20-05-2026 20:51:55;;;;;;;;;;;72.9;;;;;;System (PID: 4) - 100.9%;;;;;;;;
;3;SRV-DTIC-PROD;20-05-2026 20:51:55;;;;;;;;;;;72.9;;;;;;System (PID: 4) - 100.9%;;;;;;;;
;3;SRV-DTIC-PROD;20-05-2026 20:51:55;;;;;;;;;;;72.9;;;;;;System (PID: 4) - 100.9%;;;;;;;;
;3;SRV-DTIC-PROD;20-05-2026 20:51:55;;;;;;;;;;;72.9;;;;;;System (PID: 4) - 100.9%;;;;;;;;
;3;SRV-DTIC-PROD;20-05-2026 20:51:55;;;;;;;;;;;72.9;;;;;;System (PID: 4) - 100.9%;;;;;;;;
;3;SRV-DTIC-PROD;20-05-2026 20:51:55;;;;;;;;;;;72.9;;;;;;System (PID: 4) - 100.9%;;;;;;;;
;3;SRV-DTIC-PROD;20-05-2026 20:51:55;;;;;;;;;;;72.9;;;;;;System (PID: 4) - 100.9%;;;;;;;;
;3;SRV-DTIC-PROD;20-05-2026 20:51:55;;;;;;;;;;;72.9;;;;;;System (PID: 4) - 100.9%;;;;;;;;
;3;SRV-DTIC-PROD;20-05-2026 20:51:55;;;;;;;;;;;72.9;;;;;;System (PID: 4) - 100.9%;;;;;;;;
;3;SRV-DTIC-PROD;20-05-2026 20:52:10;;;;;;;;;;;72.9;;;;;;python.exe (PID: 22432) - 76.5%;;;;;;;;
;3;SRV-DTIC-PROD;20-05-2026 20:52:10;;;;;;;;;;;72.9;;;;;;python.exe (PID: 22432) - 76.5%;;;;;;;;
;3;SRV-DTIC-PROD;20-05-2026 20:52:10;;;;;;;;;;;72.9;;;;;;python.exe (PID: 22432) - 76.5%;;;;;;;;
;3;SRV-DTIC-PROD;20-05-2026 20:52:10;;;;;;;;;;;72.9;;;;;;python.exe (PID: 22432) - 76.5%;;;;;;;;
;3;SRV-DTIC-PROD;20-05-2026 20:52:10;;;;;;;;;;;72.9;;;;;;python.exe (PID: 22432) - 76.5%;;;;;;;;
;3;SRV-DTIC-PROD;20-05-2026 20:52:10;;;;;;;;;;;72.9;;;;;;python.exe (PID: 22432) - 76.5%;;;;;;;;
;3;SRV-DTIC-PROD;20-05-2026 20:52:10;;;;;;;;;;;72.9;;;;;;python.exe (PID: 22432) - 76.5%;;;;;;;;
;3;SRV-DTIC-PROD;20-05-2026 20:52:10;;;;;;;;;;;72.9;;;;;;python.exe (PID: 22432) - 76.5%;;;;;;;;
;3;SRV-DTIC-PROD;20-05-2026 20:52:10;;;;;;;;;;;72.9;;;;;;python.exe (PID: 22432) - 76.5%;;;;;;;;
;3;SRV-DTIC-PROD;20-05-2026 20:52:10;;;;;;;;;;;72.9;;;;;;python.exe (PID: 22432) - 76.5%;;;;;;;;
;3;SRV-DTIC-PROD;20-05-2026 20:52:24;;;;;;;;;;;72.9;;;;;;python.exe (PID: 22432) - 86.1%;;;;;;;;
;3;SRV-DTIC-PROD;20-05-2026 20:52:24;;;;;;;;;;;72.9;;;;;;python.exe (PID: 22432) - 86.1%;;;;;;;;
;3;SRV-DTIC-PROD;20-05-2026 20:52:24;;;;;;;;;;;72.9;;;;;;python.exe (PID: 22432) - 86.1%;;;;;;;;
;3;SRV-DTIC-PROD;20-05-2026 20:52:24;;;;;;;;;;;72.9;;;;;;python.exe (PID: 22432) - 86.1%;;;;;;;;
;3;SRV-DTIC-PROD;20-05-2026 20:52:24;;;;;;;;;;;72.9;;;;;;python.exe (PID: 22432) - 86.1%;;;;;;;;
;3;SRV-DTIC-PROD;20-05-2026 20:52:24;;;;;;;;;;;72.9;;;;;;python.exe (PID: 22432) - 86.1%;;;;;;;;
;3;SRV-DTIC-PROD;20-05-2026 20:52:24;;;;;;;;;;;72.9;;;;;;python.exe (PID: 22432) - 86.1%;;;;;;;;
;3;SRV-DTIC-PROD;20-05-2026 20:52:24;;;;;;;;;;;72.9;;;;;;python.exe (PID: 22432) - 86.1%;;;;;;;;
;3;SRV-DTIC-PROD;20-05-2026 20:52:24;;;;;;;;;;;72.9;;;;;;python.exe (PID: 22432) - 86.1%;;;;;;;;
;3;SRV-DTIC-PROD;20-05-2026 20:52:39;;;;;;;;;;;72.9;;;;;;UplayWebCore.exe (PID: 6676) - 106.3%;;;;;;;;
;3;SRV-DTIC-PROD;20-05-2026 20:52:39;;;;;;;;;;;72.9;;;;;;UplayWebCore.exe (PID: 6676) - 106.3%;;;;;;;;
;3;SRV-DTIC-PROD;20-05-2026 20:52:39;;;;;;;;;;;72.9;;;;;;UplayWebCore.exe (PID: 6676) - 106.3%;;;;;;;;
;3;SRV-DTIC-PROD;20-05-2026 20:52:39;;;;;;;;;;;72.9;;;;;;UplayWebCore.exe (PID: 6676) - 106.3%;;;;;;;;
;3;SRV-DTIC-PROD;20-05-2026 20:52:39;;;;;;;;;;;72.9;;;;;;UplayWebCore.exe (PID: 6676) - 106.3%;;;;;;;;
;3;SRV-DTIC-PROD;20-05-2026 20:52:39;;;;;;;;;;;72.9;;;;;;UplayWebCore.exe (PID: 6676) - 106.3%;;;;;;;;
;3;SRV-DTIC-PROD;20-05-2026 20:52:39;;;;;;;;;;;72.9;;;;;;UplayWebCore.exe (PID: 6676) - 106.3%;;;;;;;;
;3;SRV-DTIC-PROD;20-05-2026 20:52:39;;;;;;;;;;;72.9;;;;;;UplayWebCore.exe (PID: 6676) - 106.3%;;;;;;;;
;3;SRV-DTIC-PROD;20-05-2026 20:52:39;;;;;;;;;;;72.9;;;;;;UplayWebCore.exe (PID: 6676) - 106.3%;;;;;;;;
;3;SRV-DTIC-PROD;20-05-2026 20:52:54;;;;;;;;;;;72.9;;;;;;python.exe (PID: 22432) - 83.1%;;;;;;;;
;3;SRV-DTIC-PROD;20-05-2026 20:52:54;;;;;;;;;;;72.9;;;;;;python.exe (PID: 22432) - 83.1%;;;;;;;;
;3;SRV-DTIC-PROD;20-05-2026 20:52:54;;;;;;;;;;;72.9;;;;;;python.exe (PID: 22432) - 83.1%;;;;;;;;
;3;SRV-DTIC-PROD;20-05-2026 20:52:54;;;;;;;;;;;72.9;;;;;;python.exe (PID: 22432) - 83.1%;;;;;;;;
;3;SRV-DTIC-PROD;20-05-2026 20:52:54;;;;;;;;;;;72.9;;;;;;python.exe (PID: 22432) - 83.1%;;;;;;;;
;3;SRV-DTIC-PROD;20-05-2026 20:52:54;;;;;;;;;;;72.9;;;;;;python.exe (PID: 22432) - 83.1%;;;;;;;;
;3;SRV-DTIC-PROD;20-05-2026 20:53:08;;;;;;;;;;;72.9;;;;;;python.exe (PID: 22432) - 88.3%;;;;;;;;
;3;SRV-DTIC-PROD;20-05-2026 20:53:08;;;;;;;;;;;72.9;;;;;;python.exe (PID: 22432) - 88.3%;;;;;;;;
;3;SRV-DTIC-PROD;20-05-2026 20:53:08;;;;;;;;;;;72.9;;;;;;python.exe (PID: 22432) - 88.3%;;;;;;;;
;3;SRV-DTIC-PROD;20-05-2026 20:53:08;;;;;;;;;;;72.9;;;;;;python.exe (PID: 22432) - 88.3%;;;;;;;;
;3;SRV-DTIC-PROD;20-05-2026 20:53:08;;;;;;;;;;;72.9;;;;;;python.exe (PID: 22432) - 88.3%;;;;;;;;
;3;SRV-DTIC-PROD;20-05-2026 20:53:08;;;;;;;;;;;72.9;;;;;;python.exe (PID: 22432) - 88.3%;;;;;;;;
;3;SRV-DTIC-PROD;20-05-2026 20:53:08;;;;;;;;;;;72.9;;;;;;python.exe (PID: 22432) - 88.3%;;;;;;;;
;3;SRV-DTIC-PROD;20-05-2026 20:53:08;;;;;;;;;;;72.9;;;;;;python.exe (PID: 22432) - 88.3%;;;;;;;;
;3;SRV-DTIC-PROD;20-05-2026 20:53:08;;;;;;;;;;;72.9;;;;;;python.exe (PID: 22432) - 88.3%;;;;;;;;
;3;SRV-DTIC-PROD;20-05-2026 20:53:08;;;;;;;;;;;72.9;;;;;;python.exe (PID: 22432) - 88.3%;;;;;;;;
;3;SRV-DTIC-PROD;20-05-2026 20:53:23;;;;;;;;;;;72.9;;;;;;python.exe (PID: 22432) - 83.8%;;;;;;;;
;3;SRV-DTIC-PROD;20-05-2026 20:53:23;;;;;;;;;;;72.9;;;;;;python.exe (PID: 22432) - 83.8%;;;;;;;;
;3;SRV-DTIC-PROD;20-05-2026 20:53:23;;;;;;;;;;;72.9;;;;;;python.exe (PID: 22432) - 83.8%;;;;;;;;
;3;SRV-DTIC-PROD;20-05-2026 20:53:23;;;;;;;;;;;72.9;;;;;;python.exe (PID: 22432) - 83.8%;;;;;;;;
;3;SRV-DTIC-PROD;20-05-2026 20:53:23;;;;;;;;;;;72.9;;;;;;python.exe (PID: 22432) - 83.8%;;;;;;;;
;3;SRV-DTIC-PROD;20-05-2026 20:53:23;;;;;;;;;;;72.9;;;;;;python.exe (PID: 22432) - 83.8%;;;;;;;;
;3;SRV-DTIC-PROD;20-05-2026 20:53:23;;;;;;;;;;;72.9;;;;;;python.exe (PID: 22432) - 83.8%;;;;;;;;
;3;SRV-DTIC-PROD;20-05-2026 20:53:23;;;;;;;;;;;72.9;;;;;;python.exe (PID: 22432) - 83.8%;;;;;;;;
;3;SRV-DTIC-PROD;20-05-2026 20:53:23;;;;;;;;;;;72.9;;;;;;python.exe (PID: 22432) - 83.8%;;;;;;;;
;3;SRV-DTIC-PROD;20-05-2026 20:53:37;;;;;;;;;;;72.9;;;;;;python.exe (PID: 22432) - 86.1%;;;;;;;;
;3;SRV-DTIC-PROD;20-05-2026 20:53:37;;;;;;;;;;;72.9;;;;;;python.exe (PID: 22432) - 86.1%;;;;;;;;
;3;SRV-DTIC-PROD;20-05-2026 20:53:37;;;;;;;;;;;72.9;;;;;;python.exe (PID: 22432) - 86.1%;;;;;;;;
;3;SRV-DTIC-PROD;20-05-2026 20:53:37;;;;;;;;;;;72.9;;;;;;python.exe (PID: 22432) - 86.1%;;;;;;;;
;3;SRV-DTIC-PROD;20-05-2026 20:53:37;;;;;;;;;;;72.9;;;;;;python.exe (PID: 22432) - 86.1%;;;;;;;;
;3;SRV-DTIC-PROD;20-05-2026 20:53:52;;;;;;;;;;;72.9;;;;;;python.exe (PID: 22432) - 86.7%;;;;;;;;
;3;SRV-DTIC-PROD;20-05-2026 20:53:52;;;;;;;;;;;72.9;;;;;;python.exe (PID: 22432) - 86.7%;;;;;;;;
;3;SRV-DTIC-PROD;20-05-2026 20:53:52;;;;;;;;;;;72.9;;;;;;python.exe (PID: 22432) - 86.7%;;;;;;;;
;3;SRV-DTIC-PROD;20-05-2026 20:53:52;;;;;;;;;;;72.9;;;;;;python.exe (PID: 22432) - 86.7%;;;;;;;;
;3;SRV-DTIC-PROD;20-05-2026 20:53:52;;;;;;;;;;;72.9;;;;;;python.exe (PID: 22432) - 86.7%;;;;;;;;
;3;SRV-DTIC-PROD;20-05-2026 20:53:52;;;;;;;;;;;72.9;;;;;;python.exe (PID: 22432) - 86.7%;;;;;;;;
;3;SRV-DTIC-PROD;20-05-2026 20:53:52;;;;;;;;;;;72.9;;;;;;python.exe (PID: 22432) - 86.7%;;;;;;;;
;3;SRV-DTIC-PROD;20-05-2026 20:54:07;;;;;;;;;;;73.1;;;;;;chrome.exe (PID: 10300) - 157.6%;;;;;;;;
;3;SRV-DTIC-PROD;20-05-2026 20:54:07;;;;;;;;;;;73.1;;;;;;chrome.exe (PID: 10300) - 157.6%;;;;;;;;
;3;SRV-DTIC-PROD;20-05-2026 20:54:07;;;;;;;;;;;73.1;;;;;;chrome.exe (PID: 10300) - 157.6%;;;;;;;;
;3;SRV-DTIC-PROD;20-05-2026 20:54:07;;;;;;;;;;;73.1;;;;;;chrome.exe (PID: 10300) - 157.6%;;;;;;;;
;3;SRV-DTIC-PROD;20-05-2026 20:54:07;;;;;;;;;;;73.1;;;;;;chrome.exe (PID: 10300) - 157.6%;;;;;;;;
;3;SRV-DTIC-PROD;20-05-2026 20:54:07;;;;;;;;;;;73.1;;;;;;chrome.exe (PID: 10300) - 157.6%;;;;;;;;
;3;SRV-DTIC-PROD;20-05-2026 20:54:07;;;;;;;;;;;73.1;;;;;;chrome.exe (PID: 10300) - 157.6%;;;;;;;;
;3;SRV-DTIC-PROD;20-05-2026 20:54:07;;;;;;;;;;;73.1;;;;;;chrome.exe (PID: 10300) - 157.6%;;;;;;;;
;3;SRV-DTIC-PROD;20-05-2026 20:54:23;;;;;;;;;;;73.1;;;;;;python.exe (PID: 22432) - 86.0%;;;;;;;;
;3;SRV-DTIC-PROD;20-05-2026 20:54:23;;;;;;;;;;;73.1;;;;;;python.exe (PID: 22432) - 86.0%;;;;;;;;
;3;SRV-DTIC-PROD;20-05-2026 20:54:23;;;;;;;;;;;73.1;;;;;;python.exe (PID: 22432) - 86.0%;;;;;;;;
;3;SRV-DTIC-PROD;20-05-2026 20:54:23;;;;;;;;;;;73.1;;;;;;python.exe (PID: 22432) - 86.0%;;;;;;;;
;3;SRV-DTIC-PROD;20-05-2026 20:54:23;;;;;;;;;;;73.1;;;;;;python.exe (PID: 22432) - 86.0%;;;;;;;;
;3;SRV-DTIC-PROD;20-05-2026 20:54:23;;;;;;;;;;;73.1;;;;;;python.exe (PID: 22432) - 86.0%;;;;;;;;
;3;SRV-DTIC-PROD;20-05-2026 20:54:23;;;;;;;;;;;73.1;;;;;;python.exe (PID: 22432) - 86.0%;;;;;;;;
;3;SRV-DTIC-PROD;20-05-2026 20:54:23;;;;;;;;;;;73.1;;;;;;python.exe (PID: 22432) - 86.0%;;;;;;;;
;3;SRV-DTIC-PROD;20-05-2026 20:54:23;;;;;;;;;;;73.1;;;;;;python.exe (PID: 22432) - 86.0%;;;;;;;;
;3;SRV-DTIC-PROD;20-05-2026 20:54:39;;;;;;;;;;;73.2;;;;;;chrome.exe (PID: 2292) - 156.6%;;;;;;;;
;3;SRV-DTIC-PROD;20-05-2026 20:54:39;;;;;;;;;;;73.2;;;;;;chrome.exe (PID: 2292) - 156.6%;;;;;;;;
;3;SRV-DTIC-PROD;20-05-2026 20:54:39;;;;;;;;;;;73.2;;;;;;chrome.exe (PID: 2292) - 156.6%;;;;;;;;
;3;SRV-DTIC-PROD;20-05-2026 20:54:39;;;;;;;;;;;73.2;;;;;;chrome.exe (PID: 2292) - 156.6%;;;;;;;;
;3;SRV-DTIC-PROD;20-05-2026 20:54:39;;;;;;;;;;;73.2;;;;;;chrome.exe (PID: 2292) - 156.6%;;;;;;;;
;3;SRV-DTIC-PROD;20-05-2026 20:54:39;;;;;;;;;;;73.2;;;;;;chrome.exe (PID: 2292) - 156.6%;;;;;;;;
;3;SRV-DTIC-PROD;20-05-2026 20:54:39;;;;;;;;;;;73.2;;;;;;chrome.exe (PID: 2292) - 156.6%;;;;;;;;
;3;SRV-DTIC-PROD;20-05-2026 20:54:39;;;;;;;;;;;73.2;;;;;;chrome.exe (PID: 2292) - 156.6%;;;;;;;;
;3;SRV-DTIC-PROD;20-05-2026 20:54:39;;;;;;;;;;;73.2;;;;;;chrome.exe (PID: 2292) - 156.6%;;;;;;;;
;3;SRV-DTIC-PROD;20-05-2026 20:54:54;;;;;;;;;;;73.2;;;;;;chrome.exe (PID: 2292) - 145.3%;;;;;;;;
;3;SRV-DTIC-PROD;20-05-2026 20:54:54;;;;;;;;;;;73.2;;;;;;chrome.exe (PID: 2292) - 145.3%;;;;;;;;
;3;SRV-DTIC-PROD;20-05-2026 20:54:54;;;;;;;;;;;73.2;;;;;;chrome.exe (PID: 2292) - 145.3%;;;;;;;;
;3;SRV-DTIC-PROD;20-05-2026 20:54:54;;;;;;;;;;;73.2;;;;;;chrome.exe (PID: 2292) - 145.3%;;;;;;;;
;3;SRV-DTIC-PROD;20-05-2026 20:54:54;;;;;;;;;;;73.2;;;;;;chrome.exe (PID: 2292) - 145.3%;;;;;;;;
;3;SRV-DTIC-PROD;20-05-2026 20:54:54;;;;;;;;;;;73.2;;;;;;chrome.exe (PID: 2292) - 145.3%;;;;;;;;
;3;SRV-DTIC-PROD;20-05-2026 20:54:54;;;;;;;;;;;73.2;;;;;;chrome.exe (PID: 2292) - 145.3%;;;;;;;;
;3;SRV-DTIC-PROD;20-05-2026 20:54:54;;;;;;;;;;;73.2;;;;;;chrome.exe (PID: 2292) - 145.3%;;;;;;;;
;3;SRV-DTIC-PROD;20-05-2026 20:55:10;;;;;;;;;;;73.2;;;;;;python.exe (PID: 22432) - 89.3%;;;;;;;;
;3;SRV-DTIC-PROD;20-05-2026 20:55:10;;;;;;;;;;;73.2;;;;;;python.exe (PID: 22432) - 89.3%;;;;;;;;
;3;SRV-DTIC-PROD;20-05-2026 20:55:10;;;;;;;;;;;73.2;;;;;;python.exe (PID: 22432) - 89.3%;;;;;;;;
;3;SRV-DTIC-PROD;20-05-2026 20:55:10;;;;;;;;;;;73.2;;;;;;python.exe (PID: 22432) - 89.3%;;;;;;;;
;3;SRV-DTIC-PROD;20-05-2026 20:55:10;;;;;;;;;;;73.2;;;;;;python.exe (PID: 22432) - 89.3%;;;;;;;;
;3;SRV-DTIC-PROD;20-05-2026 20:55:10;;;;;;;;;;;73.2;;;;;;python.exe (PID: 22432) - 89.3%;;;;;;;;
;3;SRV-DTIC-PROD;20-05-2026 20:55:10;;;;;;;;;;;73.2;;;;;;python.exe (PID: 22432) - 89.3%;;;;;;;;
;3;SRV-DTIC-PROD;20-05-2026 20:55:10;;;;;;;;;;;73.2;;;;;;python.exe (PID: 22432) - 89.3%;;;;;;;;
;3;SRV-DTIC-PROD;20-05-2026 20:55:25;;;;;;;;;;;73.3;;;;;;chrome.exe (PID: 16300) - 95.5%;;;;;;;;
;3;SRV-DTIC-PROD;20-05-2026 20:55:25;;;;;;;;;;;73.3;;;;;;chrome.exe (PID: 16300) - 95.5%;;;;;;;;
;3;SRV-DTIC-PROD;20-05-2026 20:55:25;;;;;;;;;;;73.3;;;;;;chrome.exe (PID: 16300) - 95.5%;;;;;;;;
;3;SRV-DTIC-PROD;20-05-2026 20:55:25;;;;;;;;;;;73.3;;;;;;chrome.exe (PID: 16300) - 95.5%;;;;;;;;
;3;SRV-DTIC-PROD;20-05-2026 20:55:25;;;;;;;;;;;73.3;;;;;;chrome.exe (PID: 16300) - 95.5%;;;;;;;;
;3;SRV-DTIC-PROD;20-05-2026 20:55:25;;;;;;;;;;;73.3;;;;;;chrome.exe (PID: 16300) - 95.5%;;;;;;;;
;3;SRV-DTIC-PROD;20-05-2026 20:55:25;;;;;;;;;;;73.3;;;;;;chrome.exe (PID: 16300) - 95.5%;;;;;;;;
;3;SRV-DTIC-PROD;20-05-2026 20:55:25;;;;;;;;;;;73.3;;;;;;chrome.exe (PID: 16300) - 95.5%;;;;;;;;
;3;SRV-DTIC-PROD;20-05-2026 20:55:40;;;;;;;;;;;73.4;;;;;;chrome.exe (PID: 16300) - 96.2%;;;;;;;;
;3;SRV-DTIC-PROD;20-05-2026 20:55:40;;;;;;;;;;;73.4;;;;;;chrome.exe (PID: 16300) - 96.2%;;;;;;;;
;3;SRV-DTIC-PROD;20-05-2026 20:55:40;;;;;;;;;;;73.4;;;;;;chrome.exe (PID: 16300) - 96.2%;;;;;;;;
;3;SRV-DTIC-PROD;20-05-2026 20:55:40;;;;;;;;;;;73.4;;;;;;chrome.exe (PID: 16300) - 96.2%;;;;;;;;
;3;SRV-DTIC-PROD;20-05-2026 20:55:40;;;;;;;;;;;73.4;;;;;;chrome.exe (PID: 16300) - 96.2%;;;;;;;;
;3;SRV-DTIC-PROD;20-05-2026 20:55:40;;;;;;;;;;;73.4;;;;;;chrome.exe (PID: 16300) - 96.2%;;;;;;;;
;3;SRV-DTIC-PROD;20-05-2026 20:55:40;;;;;;;;;;;73.4;;;;;;chrome.exe (PID: 16300) - 96.2%;;;;;;;;
;3;SRV-DTIC-PROD;20-05-2026 20:55:40;;;;;;;;;;;73.4;;;;;;chrome.exe (PID: 16300) - 96.2%;;;;;;;;
;3;SRV-DTIC-PROD;20-05-2026 20:55:40;;;;;;;;;;;73.4;;;;;;chrome.exe (PID: 16300) - 96.2%;;;;;;;;
;3;SRV-DTIC-PROD;20-05-2026 20:55:54;;;;;;;;;;;73.5;;;;;;chrome.exe (PID: 2292) - 291.4%;;;;;;;;
;3;SRV-DTIC-PROD;20-05-2026 20:55:54;;;;;;;;;;;73.5;;;;;;chrome.exe (PID: 2292) - 291.4%;;;;;;;;
;3;SRV-DTIC-PROD;20-05-2026 20:55:54;;;;;;;;;;;73.5;;;;;;chrome.exe (PID: 2292) - 291.4%;;;;;;;;
;3;SRV-DTIC-PROD;20-05-2026 20:55:54;;;;;;;;;;;73.5;;;;;;chrome.exe (PID: 2292) - 291.4%;;;;;;;;
;3;SRV-DTIC-PROD;20-05-2026 20:55:54;;;;;;;;;;;73.5;;;;;;chrome.exe (PID: 2292) - 291.4%;;;;;;;;
;3;SRV-DTIC-PROD;20-05-2026 20:55:54;;;;;;;;;;;73.5;;;;;;chrome.exe (PID: 2292) - 291.4%;;;;;;;;
;3;SRV-DTIC-PROD;20-05-2026 20:55:54;;;;;;;;;;;73.5;;;;;;chrome.exe (PID: 2292) - 291.4%;;;;;;;;
;3;SRV-DTIC-PROD;20-05-2026 20:55:54;;;;;;;;;;;73.5;;;;;;chrome.exe (PID: 2292) - 291.4%;;;;;;;;
;3;SRV-DTIC-PROD;20-05-2026 20:56:10;;;;;;;;;;;73.5;;;;;;python.exe (PID: 22432) - 85.9%;;;;;;;;
;3;SRV-DTIC-PROD;20-05-2026 20:56:10;;;;;;;;;;;73.5;;;;;;python.exe (PID: 22432) - 85.9%;;;;;;;;
;3;SRV-DTIC-PROD;20-05-2026 20:56:10;;;;;;;;;;;73.5;;;;;;python.exe (PID: 22432) - 85.9%;;;;;;;;
;3;SRV-DTIC-PROD;20-05-2026 20:56:10;;;;;;;;;;;73.5;;;;;;python.exe (PID: 22432) - 85.9%;;;;;;;;
;3;SRV-DTIC-PROD;20-05-2026 20:56:10;;;;;;;;;;;73.5;;;;;;python.exe (PID: 22432) - 85.9%;;;;;;;;
;3;SRV-DTIC-PROD;20-05-2026 20:56:10;;;;;;;;;;;73.5;;;;;;python.exe (PID: 22432) - 85.9%;;;;;;;;
;3;SRV-DTIC-PROD;20-05-2026 20:56:10;;;;;;;;;;;73.5;;;;;;python.exe (PID: 22432) - 85.9%;;;;;;;;
;3;SRV-DTIC-PROD;20-05-2026 20:56:10;;;;;;;;;;;73.5;;;;;;python.exe (PID: 22432) - 85.9%;;;;;;;;
;3;SRV-DTIC-PROD;20-05-2026 20:56:24;;;;;;;;;;;73.5;;;;;;python.exe (PID: 22432) - 87.6%;;;;;;;;
;3;SRV-DTIC-PROD;20-05-2026 20:56:24;;;;;;;;;;;73.5;;;;;;python.exe (PID: 22432) - 87.6%;;;;;;;;
;3;SRV-DTIC-PROD;20-05-2026 20:56:24;;;;;;;;;;;73.5;;;;;;python.exe (PID: 22432) - 87.6%;;;;;;;;
;3;SRV-DTIC-PROD;20-05-2026 20:56:24;;;;;;;;;;;73.5;;;;;;python.exe (PID: 22432) - 87.6%;;;;;;;;
;3;SRV-DTIC-PROD;20-05-2026 20:56:24;;;;;;;;;;;73.5;;;;;;python.exe (PID: 22432) - 87.6%;;;;;;;;
;3;SRV-DTIC-PROD;20-05-2026 20:56:24;;;;;;;;;;;73.5;;;;;;python.exe (PID: 22432) - 87.6%;;;;;;;;
;3;SRV-DTIC-PROD;20-05-2026 20:56:24;;;;;;;;;;;73.5;;;;;;python.exe (PID: 22432) - 87.6%;;;;;;;;
;3;SRV-DTIC-PROD;20-05-2026 20:56:24;;;;;;;;;;;73.5;;;;;;python.exe (PID: 22432) - 87.6%;;;;;;;;
;3;SRV-DTIC-PROD;20-05-2026 20:56:24;;;;;;;;;;;73.5;;;;;;python.exe (PID: 22432) - 87.6%;;;;;;;;
;5;luiz;21-05-2026 16:45:01;;;;;;;;;;;;;;;;;python.exe (PID: 14168) - 47.8%;;;;;;;;
;5;luiz;21-05-2026 16:45:01;;;;;;;;;;;;;;;;;python.exe (PID: 14168) - 47.8%;;;;;;;;
;5;luiz;21-05-2026 16:45:01;;;;;;;;;;;;;;;;;python.exe (PID: 14168) - 47.8%;;;;;;;;
;5;luiz;21-05-2026 16:45:01;;;;;;;;;;;;;;;;;python.exe (PID: 14168) - 47.8%;;;;;;;;
;5;luiz;21-05-2026 16:45:01;;;;;;;;;;;;;;;;;python.exe (PID: 14168) - 47.8%;;;;;;;;
;5;luiz;21-05-2026 16:45:01;;;;;;;;;;;;;;;;;python.exe (PID: 14168) - 47.8%;;;;;;;;
;5;luiz;21-05-2026 16:45:01;;;;;;;;;;;;;;;;;python.exe (PID: 14168) - 47.8%;;;;;;;;
;5;luiz;21-05-2026 16:45:01;;;;;;;;;;;;;;;;;python.exe (PID: 14168) - 47.8%;;;;;;;;
;5;luiz;21-05-2026 16:45:14;;;;;;;;;;;;;;;;;python.exe (PID: 14168) - 46.4%;;;;;;;;
;5;luiz;21-05-2026 16:45:14;;;;;;;;;;;;;;;;;python.exe (PID: 14168) - 46.4%;;;;;;;;
;5;luiz;21-05-2026 16:45:14;;;;;;;;;;;;;;;;;python.exe (PID: 14168) - 46.4%;;;;;;;;
;5;luiz;21-05-2026 16:45:14;;;;;;;;;;;;;;;;;python.exe (PID: 14168) - 46.4%;;;;;;;;
;5;luiz;21-05-2026 16:45:14;;;;;;;;;;;;;;;;;python.exe (PID: 14168) - 46.4%;;;;;;;;
;5;luiz;21-05-2026 16:45:14;;;;;;;;;;;;;;;;;python.exe (PID: 14168) - 46.4%;;;;;;;;
;5;luiz;21-05-2026 16:45:14;;;;;;;;;;;;;;;;;python.exe (PID: 14168) - 46.4%;;;;;;;;
;5;luiz;21-05-2026 16:45:14;;;;;;;;;;;;;;;;;python.exe (PID: 14168) - 46.4%;;;;;;;;
;5;luiz;21-05-2026 16:45:14;;;;;;;;;;;;;;;;;python.exe (PID: 14168) - 46.4%;;;;;;;;
